gene,logFC,mean_a,mean_b,t,pval,padj,deg
GENE0000,0.955012533788631,8.757578484030057,9.712591017818688,7.105698867879046,2.050533441705615e-08,3.9433335417415675e-07,True
GENE0001,-0.8137810791023306,8.563357365530036,7.749576286427706,-6.543983982694988,1.1567931393265047e-07,1.6408413323780209e-06,True
GENE0002,0.9732923554115764,8.886243569950903,9.85953592536248,9.726877738880493,9.706875233509486e-12,3.2356250778364954e-09,True
GENE0003,-0.8424614087020945,7.910153039127941,7.067691630425847,-6.460594605105049,1.4980569627201901e-07,1.945528523013234e-06,True
GENE0004,0.7630402714942317,7.484359743865781,8.247400015360013,6.968649546202873,3.121046093864681e-08,5.475519462920493e-07,True
GENE0005,-0.9459840559710058,7.890761143635265,6.944777087664259,-9.214036326595124,4.068997495309971e-11,6.966170400235834e-09,True
GENE0006,0.8380502813351081,5.452240406830186,6.290290688165294,7.264251837687518,1.263685315001743e-08,2.7950046759740337e-07,True
GENE0007,-0.7149730419565694,5.797957365966874,5.0829843240103045,-6.161548091922592,3.7953456401125844e-07,4.037601744800622e-06,True
GENE0008,0.899445942703542,6.012615720947813,6.912061663651355,8.525242616106684,2.93865862828549e-10,2.6715078438959002e-08,True
GENE0009,-0.8238047562987383,6.420036238131319,5.5962314818325805,-7.669640397343286,3.7035579815047773e-09,1.1562115303890095e-07,True
GENE0010,0.7796645439037153,8.612275891786512,9.391940435690227,6.000598412395547,6.266964892879282e-07,6.2357859630639625e-06,True
GENE0011,-0.9523396734133209,6.7451719342303464,5.7928322608170255,-6.774391767891261,5.6744873153019604e-08,9.007122722701524e-07,True
GENE0012,0.7601246735358327,7.473374033858635,8.233498707394467,7.385949299515578,8.728173132715418e-09,2.1288227152964432e-07,True
GENE0013,-0.8052671620634424,9.985212265431189,9.179945103367746,-8.078805820758124,1.0912719343098933e-09,5.196533020523301e-08,True
GENE0014,0.8587885616571986,7.421979074193085,8.280767635850284,7.623529228995586,4.2550138181396615e-09,1.2893981267089882e-07,True
GENE0015,-0.8735446153155539,9.116805786146205,8.243261170830651,-6.7374646785389505,6.359267242547244e-08,1.0014594082751565e-06,True
GENE0016,0.766810739066142,6.727294315874097,7.494105054940239,7.550868488646252,5.297584066356063e-09,1.4922772017904406e-07,True
GENE0017,-0.7658523055514337,7.551156111450145,6.785303805898711,-7.355683528763621,9.568383925827485e-09,2.3056346809222855e-07,True
GENE0018,0.9129798237949833,6.602652921078064,7.515632744873047,8.308458577345798,5.540853917762677e-10,3.358093283492531e-08,True
GENE0019,-0.8774807906326778,7.573971904568088,6.69649111393541,-7.290975041901051,1.1649266061875751e-08,2.6475604686081253e-07,True
GENE0020,0.7926996430512805,9.321466508107306,10.114166151158587,6.7005701578544,7.126590840124719e-08,1.104897804670499e-06,True
GENE0021,-0.9552277629271897,5.509662145677204,4.554434382750014,-7.784508953292289,2.6233624985706897e-09,9.716157402113666e-08,True
GENE0022,0.7272897785882719,8.715687023083529,9.4429768016718,6.550684622860755,1.1330289879383812e-07,1.618612839911973e-06,True
GENE0023,-0.9248646887063785,8.436330438805824,7.511465750099445,-7.581339533560674,4.832111130937743e-09,1.4130222455751155e-07,True
GENE0024,0.8201069935627334,7.082432657500746,7.9025396510634796,7.134794002440459,1.875947044546823e-08,3.714746622864996e-07,True
GENE0025,-0.9641395001997699,5.856275618334359,4.892136118134589,-7.832314483853712,2.273560658950412e-09,8.7444640728862e-08,True
GENE0026,0.9494344767293041,7.961803477981074,8.911237954710378,7.414438692777119,8.005423016332672e-09,2.001355754083168e-07,True
GENE0027,-0.867477261909162,7.16262710599351,6.295149844084348,-7.246118042609108,1.3354746642286531e-08,2.841435455805645e-07,True
GENE0028,0.7834865536050639,8.375292778257322,9.158779331862386,7.198606655799869,1.543713731504448e-08,3.2499236452725223e-07,True
GENE0029,-0.7083054783147817,7.917236249309769,7.2089307709949875,-5.20111311432617,7.5660332200986114e-06,5.934143702038127e-05,True
GENE0030,0.7263454626339385,10.459931290244857,11.186276752878795,6.541473115818048,1.165826599404706e-07,1.6420092949362058e-06,True
GENE0031,-0.6991602013681719,7.66584607201234,6.966685870644168,-5.829525169967707,1.0684973014529173e-06,1.0127936506662724e-05,True
GENE0032,0.842257867372159,6.465990079867529,7.308247947239688,8.444171188796465,3.722800794313003e-10,2.86369291870231e-08,True
GENE0033,-0.8878340916846525,8.245565681929088,7.357731590244436,-8.153518434553076,8.747523581869828e-10,4.373761790934914e-08,True
GENE0034,0.8514820630775706,8.291140459279514,9.142622522357085,7.778379631386604,2.671988130208785e-09,9.716320473486491e-08,True
GENE0035,-0.7251323192021975,9.95643638266388,9.231304063461682,-6.443831767386962,1.5780307982603513e-07,2.0102303162552247e-06,True
GENE0036,0.9016580106411496,9.18407928242425,10.0857372930654,8.472154076961374,3.4306470731472647e-10,2.7445176585178117e-08,True
GENE0037,-0.7755342032922616,8.541484615353571,7.76595041206131,-6.148149277067765,3.9570596670115764e-07,4.187364726996377e-06,True
GENE0038,0.6180985732128992,10.234918892276891,10.85301746548979,5.101350069625183,1.0309039869633798e-05,7.839574045348895e-05,True
GENE0039,-0.7549327383707185,6.148745631792507,5.393812893421789,-7.332127392112502,1.027850773366824e-08,2.3628753410731588e-07,True
GENE0040,0.9343150235524504,7.032060092157725,7.966375115710176,8.406321993025172,4.158551113051254e-10,2.8679662848629337e-08,True
GENE0041,-0.8980126182372494,6.605240964913749,5.7072283466765,-7.17071300908933,1.6809399962172644e-08,3.4304897881984985e-07,True
GENE0042,0.904104979900274,7.350684962093172,8.254789941993446,9.204544290450967,4.1797022401415e-11,6.966170400235834e-09,True
GENE0043,-0.784317619278526,5.9254733875520875,5.141155768273562,-7.0407541004793135,2.5017182188913348e-08,4.632811516465435e-07,True
GENE0044,0.817835756528261,8.918549732628522,9.736385489156783,8.418279596672036,4.0155659927841293e-10,2.8679662848629337e-08,True
GENE0045,-0.8037629624829288,7.596129292757271,6.7923663302743424,-6.927121367106044,3.545716924626383e-08,6.113305042459282e-07,True
GENE0046,0.8745545527647822,5.845661189231192,6.7202157419959745,7.739605896160927,3.0014484017531805e-09,1.0254861622079442e-07,True
GENE0047,-0.6523022121971715,6.383954181125886,5.731651968928714,-4.922485900883132,1.7919555757342574e-05,0.0001307996770608947,True
GENE0048,0.9070854784721476,8.505865578712305,9.412951057184452,7.430448490131355,7.62611471549168e-09,1.930661953289033e-07,True
GENE0049,-0.6671125865801137,9.226848638782396,8.559736052202283,-5.878674667022569,9.166181869877434e-07,8.856214367031338e-06,True
GENE0050,0.8270842551401927,11.07626220042258,11.903346455562772,8.495870292963037,3.2012956239814995e-10,2.7445176585178117e-08,True
GENE0051,-0.8010452062507323,12.326403417692948,11.525358211442216,-7.1010672935839025,2.0798002249667067e-08,3.961524238031822e-07,True
GENE0052,0.8649971967959136,8.670671333328263,9.535668530124177,8.065676511932299,1.1345916134577072e-09,5.277170295152127e-08,True
GENE0053,-0.8568876942298562,6.5074104102724935,5.650522716042637,-8.010125228419046,1.3380263068894335e-09,5.933251028452484e-08,True
GENE0054,0.8632295835029611,4.836939970954147,5.7001695544571085,8.849214754842638,1.1510722721306195e-10,1.3542026730948463e-08,True
GENE0055,-0.8471273699095745,8.357131976748233,7.510004606838659,-6.973818510938989,3.0719068764001756e-08,5.437003321062258e-07,True
GENE0056,0.8031849135953193,6.857485551635074,7.660670465230393,6.41205573652676,1.7415986186552753e-07,2.1369308204359207e-06,True
GENE0057,-0.821360442274572,7.410482219494779,6.589121777220207,-6.348259309996896,2.1232558222128724e-07,2.5127287836838724e-06,True
GENE0058,0.7690483058634214,7.143417516007597,7.912465821871018,6.464117620217778,1.4817740311318435e-07,1.9369595178194034e-06,True
GENE0059,-0.8816568312303295,7.959553619387274,7.077896788156944,-8.485075088233186,3.303699439434949e-10,2.7445176585178117e-08,True
GENE0060,1.013155273028449,9.484779405657356,10.497934678685805,7.949538822359173,1.6023213447175737e-09,6.818388700925845e-08,True
GENE0061,-0.8127432396485172,8.131030568032642,7.318287328384125,-6.718392409046146,6.744937200812783e-08,1.0538964376269974e-06,True
GENE0062,0.6752645836485875,7.809468596553215,8.484733180201802,5.00178920223749,1.4028274926716574e-05,0.00010429944183432395,True
GENE0063,-0.8298444012435473,6.460083752410324,5.630239351166777,-6.853704965864769,4.444107496429077e-08,7.282140072908684e-07,True
GENE0064,0.9172962495775954,5.432528043777562,6.349824293355157,7.093096667078633,2.1311564001963534e-08,3.983469906909072e-07,True
GENE0065,-0.8715565830436427,7.289546678216658,6.417990095173015,-8.818990709777106,1.2555700614725968e-10,1.359054225572772e-08,True
GENE0066,0.9884283255890081,7.87223107134285,8.860659396931858,9.144378117740064,4.956278195507928e-11,7.111352375056492e-09,True
GENE0067,-0.9236416977051913,10.758047957786397,9.834406260081206,-7.820524638866963,2.355183692571554e-09,8.887485632345486e-08,True
GENE0068,1.0471104412126824,8.179261102922021,9.226371544134704,8.957864895759355,8.430362473611159e-11,1.0537953092013948e-08,True
GENE0069,-0.7397673905547588,9.4552740972595,8.71550670670474,-5.916928780022675,8.135222348733896e-07,7.898274124984366e-06,True
GENE0070,0.7611909952226084,7.25914016397068,8.020331159193288,6.112035730383438,4.4281796442377494e-07,4.6368373238091615e-06,True
GENE0071,-0.9043835258467778,6.259645413224753,5.355261887377975,-9.420689893978329,2.274662274590123e-11,5.686655686475307e-09,True
GENE0072,0.8116124302694958,6.516706820766951,7.328319251036447,6.513892607023118,1.269848206672662e-07,1.7425365074310538e-06,True
GENE0073,-0.7635276459939595,6.874951360333523,6.111423714339564,-6.047082147134568,5.421592175797928e-07,5.448836357585857e-06,True
GENE0074,0.8774503819753967,11.194256484275565,12.071706866250961,6.4292090922253555,1.6512909796955206e-07,2.064716722153694e-06,True
GENE0075,-0.7825918135276693,6.739788847366384,5.957197033838715,-6.323911772703296,2.2901517677983628e-07,2.6942961974098384e-06,True
GENE0076,0.9287787443633135,9.1660068229246,10.094785567287914,8.569759578685103,2.581602223045164e-10,2.458668783852537e-08,True
GENE0077,-0.9258032677851062,6.760751775321159,5.834948507536053,-6.879493115871605,4.105006453395462e-08,6.957638056602479e-07,True
GENE0078,0.8436516754154884,9.431649164386814,10.275300839802302,7.257002367781028,1.2919055742750533e-08,2.8084903788588114e-07,True
GENE0079,-0.8732265760751492,8.605235586154699,7.732009010079549,-8.370825176584752,4.614164422799409e-10,3.076109615199606e-08,True
GENE0080,0.8929723101699194,7.827342421328491,8.72031473149841,8.338760683973726,5.069128990958837e-10,3.168205619349273e-08,True
GENE0081,-0.9640127339356717,7.925612438172665,6.961599704236994,-10.036465720038596,4.154345013077851e-12,2.0771725065389253e-09,True
GENE0082,0.8699903527030681,7.053758010623762,7.92374836332683,10.30553123742409,2.007124645111424e-12,2.007124645111424e-09,True
GENE0083,-0.7733809288105347,8.639297088285915,7.86591615947538,-6.609351942024813,9.44841417172534e-08,1.3958162336894164e-06,True
GENE0084,0.8420170076115081,7.265848663385002,8.10786567099651,7.262169467508615,1.2717271275681852e-08,2.7950046759740337e-07,True
GENE0085,-0.9128709039537597,6.196775144448714,5.283904240494954,-7.704170387292965,3.3384019945268414e-09,1.0769038692022069e-07,True
GENE0086,1.0092445008704107,5.909795271254114,6.919039772124525,9.271292453074969,3.461562748661652e-11,6.9231254973233036e-09,True
GENE0087,-0.8413150374967104,8.27477178223545,7.433456744738739,-8.190732336788852,7.836934574233038e-10,4.2361808509367773e-08,True
GENE0088,0.8317493332847512,10.396717783850427,11.228467117135178,7.19264574695612,1.572056688501646e-08,3.275118101045095e-07,True
GENE0089,-0.8548171254791663,8.210971387996356,7.356154262517189,-8.248336549500083,6.612796999133846e-10,3.778741142362197e-08,True
GENE0090,0.8023112692167418,7.7688359650096315,8.571147234226373,6.8459615516737555,4.5513375455679277e-08,7.282140072908684e-07,True
GENE0091,-0.7668684404674719,8.339730229615673,7.5728617891482015,-6.101333091984824,4.5783194747894354e-07,4.769082786238995e-06,True
GENE0092,0.9044403017861118,9.897000030096146,10.801440331882258,7.892554224521293,1.8990590488650515e-09,7.596236195460206e-08,True
GENE0093,-0.7257178399757631,8.194550234762882,7.468832394787119,-6.353284938184158,2.0903573860879423e-07,2.5034220192669966e-06,True
GENE0094,0.7962682310763274,7.452033189771262,8.24830142084759,6.672285001046558,7.777438359104127e-08,1.178399751379413e-06,True
GENE0095,-0.6840056868545688,9.591511539188811,8.907505852334243,-5.850375700022811,1.0012109178391714e-06,9.535342074658775e-06,True
GENE0096,0.7160437700682643,8.744012805687941,9.460056575756205,4.764744486474491,2.911154945279192e-05,0.00020793963894851368,True
GENE0097,-0.9432140878754947,10.321099575329566,9.377885487454071,-9.360096323084214,2.696051471104314e-11,5.99122549134292e-09,True
GENE0098,0.877816702215835,8.232177808748151,9.109994510963986,7.7369809948750285,3.0251841785134354e-09,1.0254861622079442e-07,True
GENE0099,-0.9571040872225804,6.250955840603766,5.293851753381186,-8.777129340194861,1.4164157875321273e-10,1.4164157875321273e-08,True
GENE0100,0.6990130100384881,6.018295694801934,6.7173087048404225,4.912410384091761,1.848497186284846e-05,0.00013395548062211687,True
GENE0101,-0.7587154305561405,10.457665822440664,9.698950391884523,-8.003497055319968,1.3646477365440714e-09,5.933251028452484e-08,True
GENE0102,0.9456314164922528,10.555106154124813,11.500737570617066,8.004936605410913,1.3588206966124198e-09,5.933251028452484e-08,True
GENE0103,-0.6667619338404691,7.671740962001772,7.004979028161303,-5.437702906784695,3.625455793158887e-06,3.046601506856208e-05,True
GENE0104,0.9386795009273703,7.312962643881112,8.251642144808482,7.7612132985015565,2.813082557541493e-09,1.0046723419791046e-07,True
GENE0105,-0.9696535703619649,10.245566605367273,9.275913035005308,-8.280455865264111,6.016290950033516e-10,3.538994676490303e-08,True
GENE0106,0.9392844629784634,6.320827087950127,7.26011155092859,8.22853541998382,7.010056977434282e-10,3.894476098574602e-08,True
GENE0107,-0.9391154917830589,6.681594107332654,5.7424786155495955,-7.495623693471224,6.260252020547223e-09,1.6919600055533037e-07,True
GENE0108,0.6638488751787133,9.01237793068572,9.676226805864433,5.35877398852908,4.635195249376073e-06,3.7838328566335285e-05,True
GENE0109,-0.7575980111396019,7.38147224944625,6.623874238306648,-6.455870414793257,1.520174205622679e-07,1.9615151040292632e-06,True
GENE0110,0.8731014072603367,7.969865623101081,8.842967030361418,7.3431058523427195,9.941158747664773e-09,2.3118973831778542e-07,True
GENE0111,-0.8268216059955051,7.716209304890787,6.889387698895282,-6.171967016040949,3.674191589934523e-07,3.951351076353241e-06,True
GENE0112,0.6566198912013235,8.597080487830357,9.253700379031681,5.867446124548822,9.492917181858583e-07,9.12780498255633e-06,True
GENE0113,-0.7975444146702166,10.00501244282368,9.207468028153464,-7.442099236661842,7.361540749850858e-09,1.8875745512438098e-07,True
GENE0114,0.7387857207640085,8.197030366532388,8.935816087296397,6.162448452411771,3.784719681821046e-07,4.037601744800622e-06,True
GENE0115,-0.7991162007695536,8.939621798248591,8.140505597479038,-5.665489478803673,1.782395118013614e-06,1.5985606439583982e-05,True
GENE0116,0.8652149912974849,4.859632706841031,5.724847698138516,7.345342797012358,9.873804378614104e-09,2.3118973831778542e-07,True
GENE0117,-0.7129809018738174,7.884156776548673,7.171175874674856,-6.387559871056418,1.8792349483636526e-07,2.2917499370288446e-06,True
GENE0118,0.7317629761617317,6.718609281368383,7.450372257530114,7.351423840887485,9.693024005379538e-09,2.3078628584236994e-07,True
GENE0119,-0.8436790805773695,6.11575497526388,5.272075894686511,-6.431589637621152,1.639135519220825e-07,2.064716722153694e-06,True
GENE0120,0.673549100610991,6.665192378182274,7.338741478793265,4.587538754883344,5.004873043237989e-05,0.0003487716406437623,True
GENE0121,-0.6804637705551704,7.523125879466727,6.842662108911557,-5.818958055739492,1.1043070001373504e-06,1.0417990567333495e-05,True
GENE0122,0.6394096122937203,9.465403995544435,10.104813607838155,5.31793857692614,5.2629992315102e-06,4.244354218959839e-05,True
GENE0123,-0.6371054687376176,5.90564943828344,5.2685439695458225,-4.872186220045449,2.0923801006561413e-05,0.00015107437549863835,True
GENE0124,0.6471570125781732,8.05390991038991,8.701066922968083,5.114805464108554,9.888124973149487e-06,7.561735475041529e-05,True
GENE0125,-0.682383822900487,7.17592244816486,6.493538625264373,-6.073970432684802,4.985787994769486e-07,5.087538770172945e-06,True
GENE0126,0.7310633348179785,7.556074832393648,8.287138167211626,5.493335175926179,3.0485926144208255e-06,2.628097081397263e-05,True
GENE0127,-0.7633915784773784,9.541313964491664,8.777922386014286,-5.761802825270259,1.3198527208416643e-06,1.2277699728759668e-05,True
GENE0128,0.7491604146488839,8.798143203934982,9.547303618583866,6.269356118833531,2.7135330146538284e-07,3.031880463300367e-06,True
GENE0129,-0.8216132092071469,9.997848617057269,9.176235407850122,-6.3141829011701,2.3604687933756447e-07,2.735810488323348e-06,True
GENE0130,0.6635901263647366,7.856766008931592,8.520356135296328,6.875611145152669,4.1543350689777094e-08,6.982075746181025e-07,True
GENE0131,-0.7738575178126395,6.937935979224662,6.164078461412022,-6.689651521397087,7.371070844419227e-08,1.1253543273922483e-06,True
GENE0132,0.6707272013071206,7.732912768763964,8.403639970071085,5.786984787042687,1.2201356241482384e-06,1.1403136674282602e-05,True
GENE0133,-0.7732788353418805,8.368039491469,7.59476065612712,-7.450550831857929,7.175435550900625e-09,1.863749493740422e-07,True
GENE0134,0.6913645576143157,8.291887093060684,8.983251650675,5.3765761723365175,4.3854035114047e-06,3.594593042135e-05,True
GENE0135,-0.5050493566157108,6.28910790397723,5.78405854736152,-3.8951916510362983,0.0003964452514026091,0.0026607063852524104,True
GENE0136,0.6421000696244352,8.192947198533513,8.835047268157949,5.318287209459606,5.257296406213438e-06,4.244354218959839e-05,True
GENE0137,-0.5982096131014494,8.244052441296791,7.645842828195342,-4.707233490893426,3.472302112835109e-05,0.0002462625611939794,True
GENE0138,0.7533887762522831,11.841327006890127,12.59471578314241,5.3352709349503264,4.986805526917764e-06,4.054313436518507e-05,True
GENE0139,-0.6907348212748463,10.80260157289344,10.111866751618594,-4.923023779068376,1.7889857696486965e-05,0.0001307996770608947,True
GENE0140,0.8344986721587766,6.590030481872214,7.42452915403099,6.049865334801204,5.374765397401649e-07,5.429055956971362e-06,True
GENE0141,-0.5541143385384215,7.457050628109435,6.902936289571014,-4.326386084901524,0.00011035818999859835,0.0007584755326364148,True
GENE0142,0.5503739877229092,5.8865476637508864,6.436921651473796,3.91620668097607,0.00037283596854025317,0.0025191619495963055,True
GENE0143,-0.7598262024795517,7.135065693681118,6.375239491201566,-5.7018760938359785,1.5911569028158552e-06,1.4399609980233984e-05,True
GENE0144,0.6957845635129196,8.57191405473273,9.26769861824565,5.145860359223963,8.980692957474404e-06,6.93489803665977e-05,True
GENE0145,-0.7174429117136185,9.860091147125432,9.142648235411814,-5.177567733516649,8.139549669183475e-06,6.316806773234544e-05,True
GENE0146,0.5868013901045472,7.006601924629464,7.593403314734012,5.4982672550865015,3.0020997366703443e-06,2.5992205512297353e-05,True
GENE0147,-0.6841648566963645,6.97128795502028,6.2871230983239155,-4.91239486365831,1.848585632585213e-05,0.00013395548062211687,True
GENE0148,0.4338143391812599,4.870171155997298,5.303985495178558,3.799527235315504,0.0005235738857662468,0.0035021664599748947,True
GENE0149,-0.7881369652561645,7.770769633164477,6.982632667908312,-6.48743291798548,1.3784066751610242e-07,1.8257042055112903e-06,True
GENE0150,0.74059348122322,6.339177186849099,7.079770668072319,6.074762752588553,4.973493058168935e-07,5.087538770172945e-06,True
GENE0151,-0.7052688434644203,7.120071901369263,6.414803057904843,-5.60639835988873,2.1430782854107082e-06,1.8716840920617538e-05,True
GENE0152,0.8970221627148698,6.547443773707402,7.444465936422271,7.287238532038139,1.1782523227431166e-08,2.647758028636217e-07,True
GENE0153,-0.6985082647668452,7.945461025449482,7.246952760682637,-6.299037086256877,2.47427731300677e-07,2.8101262876706656e-06,True
GENE0154,0.7329540772798664,5.392034277369286,6.124988354649153,5.092898183991957,1.0582482127072936e-05,7.98677896382863e-05,True
GENE0155,-0.7230055128281485,5.681488675905959,4.95848316307781,-5.42136920124709,3.8146281244769306e-06,3.165666493341851e-05,True
GENE0156,0.5957703712668714,11.269638961300204,11.865409332567076,4.281029899567883,0.0001264634327607995,0.000863231622940611,True
GENE0157,-0.7174469403092392,6.011674332583137,5.294227392273898,-6.506169901398311,1.3006130889846664e-07,1.7575852553846844e-06,True
GENE0158,0.6284751579902448,6.426629462932612,7.055104620922857,4.131265883894822,0.0001977655912850757,0.0013407836697293268,True
GENE0159,-0.7717057947415018,10.841208931252016,10.069503136510514,-6.5133332692681885,1.2720516504246692e-07,1.7425365074310538e-06,True
GENE0160,0.7478949934688952,12.38675171673087,13.134646710199766,7.578415407317502,4.874926747234149e-09,1.4130222455751155e-07,True
GENE0161,-0.6303689376860033,6.117207548982362,5.486838611296359,-4.993993692731501,1.4370299662728967e-05,0.00010644666416836271,True
GENE0162,0.7641073474110334,7.452401809943349,8.216509157354382,5.069812199350402,1.1366623040806736e-05,8.546333113388522e-05,True
GENE0163,-0.9099353423806145,8.585658152234037,7.675722809853423,-8.167922582548995,8.382991842962365e-10,4.373761790934914e-08,True
GENE0164,0.8530323994208864,10.529030399743377,11.382062799164263,7.716891081579677,3.2132496377890003e-09,1.0535244714062296e-07,True
GENE0165,-0.7858750300768254,6.530477627593609,5.744602597516784,-7.462348606628896,6.9235664609647096e-09,1.8219911739380815e-07,True
GENE0166,0.730560567124984,7.729158252931867,8.459718820056851,6.851129399681078,4.479488228610826e-08,7.282140072908684e-07,True
GENE0167,-0.657840971949188,9.069495275458447,8.411654303509259,-5.185216259256829,7.94866110692253e-06,6.209891489783226e-05,True
GENE0168,0.8110928447961179,8.571403394786005,9.382496239582123,7.403938729313669,8.264484548379558e-09,2.0406134687356933e-07,True
GENE0169,-0.7924394474440826,7.445545603082172,6.653106155638089,-8.158320354039034,8.624248746460628e-10,4.373761790934914e-08,True
GENE0170,0.6893469351916091,7.870796369704787,8.560143304896396,5.661471699973784,1.8048716418849002e-06,1.6114925373972323e-05,True
GENE0171,-0.7468092845243754,5.974098695534404,5.2272894110100285,-5.242352544687138,6.656676102217141e-06,5.28593587560805e-05,True
GENE0172,0.7499339764274264,7.658811895525043,8.408745871952469,6.222230666246298,3.142031897457947e-07,3.4911465527310523e-06,True
GENE0173,-0.8907933366319671,7.668883208812429,6.778089872180462,-6.171917639925037,3.674756501008514e-07,3.951351076353241e-06,True
GENE0174,0.6624219726160483,8.438845282767918,9.101267255383966,4.460561062547657,7.360802310957276e-05,0.0005076415386867087,True
GENE0175,-0.6929789111263798,7.138884752708206,6.445905841581826,-5.749172684204797,1.3728941368504602e-06,1.2608687924168014e-05,True
GENE0176,0.5056016932140963,8.755241187619545,9.260842880833641,3.89848152627433,0.0003926556058037333,0.0026441454936278336,True
GENE0177,-0.8010246811824349,9.453604383693365,8.65257970251093,-6.941540737026308,3.392036197407965e-08,5.899193386796461e-07,True
GENE0178,0.8430567477989452,8.199420134339302,9.042476882138248,6.868485335213191,4.246443183373954e-08,7.037663995198755e-07,True
GENE0179,-0.7555131988171722,8.557217032859972,7.8017038340428,-5.633849610621314,1.967252200506214e-06,1.7332618506662678e-05,True
GENE0180,0.7679787016437061,8.130030866008408,8.898009567652114,7.095581476100319,2.1150105668694436e-08,3.983469906909072e-07,True
GENE0181,-0.6705151363995299,7.94453974236716,7.274024605967631,-5.130882753693339,9.407518908710597e-06,7.236553006700459e-05,True
GENE0182,0.8048039860896319,6.8839968151756725,7.688800801265304,6.351130397165191,2.1043981407471268e-07,2.5052358818418175e-06,True
GENE0183,-0.7738568251592763,8.44877222769458,7.674915402535303,-5.596353479788971,2.2112653396979162e-06,1.922839425824275e-05,True
GENE0184,0.5091757763586351,7.930191801624227,8.439367577982862,3.74137529807686,0.0006193164931863423,0.004128776621242282,True
GENE0185,-0.7959871116405299,11.252328032743394,10.456340921102864,-6.417497351701867,1.7124250930380932e-07,2.114105053133448e-06,True
GENE0186,0.6733202511676879,10.392903392163788,11.066223643331476,5.415033633164976,3.890624827535608e-06,3.215392419450916e-05,True
GENE0187,-0.8700031820898939,8.608847253124868,7.738844071034974,-7.8854987063545074,1.939479281153489e-09,7.605801102562703e-08,True
GENE0188,0.8118756758341092,6.7957346736800925,7.607610349514202,8.809292761723148,1.2911015142941334e-10,1.359054225572772e-08,True
GENE0189,-0.9018209133272661,6.41943219360617,5.517611280278904,-7.127018069999912,1.9210832440918e-08,3.7668298903760784e-07,True
GENE0190,0.8243127738068754,9.835047038662305,10.65935981246918,6.429114982251562,1.6517733777229553e-07,2.064716722153694e-06,True
GENE0191,-0.7762900341017644,8.446929555824244,7.67063952172248,-5.619347632754972,2.0582639277330003e-06,1.80549467345e-05,True
GENE0192,0.7525815081650311,8.736086747298804,9.488668255463836,6.45132279819989,1.5417747591190958e-07,1.976634306562943e-06,True
GENE0193,-0.8336851635498252,5.496917734638557,4.663232571088732,-7.1551536023691,1.762769306951707e-08,3.561150115053954e-07,True
GENE0194,0.887570305756558,9.321087133604951,10.20865743936151,7.928552153401442,1.7057185638859737e-09,7.107160682858224e-08,True
GENE0195,-0.5747529741275441,8.533319443680071,7.958566469552527,-4.6801542526066315,3.77229070715763e-05,0.0002656542751519458,True
GENE0196,0.8199414585352871,6.279708223360134,7.099649681895421,6.999098099460508,2.8425866593880815e-08,5.12177776466321e-07,True
GENE0197,-0.6433180355173214,7.201972562536321,6.558654527019,-4.686436799650954,3.700489379448479e-05,0.0002615186840599632,True
GENE0198,0.764377396693007,8.354800432795143,9.11917782948815,6.1822907943653345,3.557970329858241e-07,3.876377001288612e-06,True
GENE0199,-0.8180536901926301,8.08842705001617,7.27037335982354,-5.240174261203752,6.701866946428897e-06,5.297918534726401e-05,True
GENE0200,0.739622161352453,7.6255163274619635,8.365138488814416,6.181542691219711,3.566266841185523e-07,3.876377001288612e-06,True
GENE0201,-0.6991930880524615,7.783154744846516,7.083961656794054,-6.297392531827166,2.486961764588539e-07,2.8101262876706656e-06,True
GENE0202,0.8904692126345104,7.605021422403794,8.495490635038305,7.677266559848522,3.619581118406788e-09,1.1490733709227899e-07,True
GENE0203,-0.5633272405694747,8.20049377768255,7.637166537113075,-5.177206352037062,8.148680737472562e-06,6.316806773234544e-05,True
GENE0204,0.7817734576363176,10.256498280282136,11.038271737918453,7.480338584069476,6.556581520018958e-09,1.7484217386717223e-07,True
GENE0205,-0.8061698030771733,4.198635039155032,3.392465236077858,-7.1090215255764795,2.029793885074598e-08,3.9413473496594135e-07,True
GENE0206,0.627971110610595,7.760555206264515,8.38852631687511,6.045109347740516,5.455031681998182e-07,5.455031681998182e-06,True
GENE0207,-0.7252494615891791,8.216992291363054,7.491742829773875,-5.487956015007387,3.100118968879414e-06,2.6518093359431862e-05,True
GENE0208,0.793078946515493,8.419477113157637,9.21255605967313,6.501928576648925,1.3178268779544958e-07,1.768895138193954e-06,True
GENE0209,-0.6811958922458752,7.3599799010417,6.678784008795825,-5.230947590082791,6.896692079525139e-06,5.430466204350503e-05,True
GENE0210,0.7823196814315239,5.239440245575588,6.021759927007112,6.131630325346642,4.16597565060752e-07,4.385237526955284e-06,True
GENE0211,-0.7981892905435988,8.534395050185164,7.736205759641566,-6.093725456038402,4.6881351044273634e-07,4.833128973636457e-06,True
GENE0212,0.7182917178152799,10.638855355125507,11.357147072940787,6.508516240330037,1.2911875692206127e-07,1.7567177812525343e-06,True
GENE0213,-0.655043467545827,5.659238697010833,5.004195229465006,-4.852858355228443,2.220642327488918e-05,0.00015975844082654085,True
GENE0214,0.7423292648998618,9.319647541936305,10.061976806836167,5.114226705140904,9.905873472304403e-06,7.561735475041529e-05,True
GENE0215,-0.7703891614733251,7.535145616928759,6.764756455455434,-7.142457597006133,1.8325095970579572e-08,3.6650191941159145e-07,True
GENE0216,0.8252139930346694,7.8595975244953475,8.684811517530017,7.551068309486634,5.294388504078318e-09,1.4922772017904406e-07,True
GENE0217,-0.6224578900228908,6.3961409924535175,5.773683102430627,-4.971407521918775,1.540864247149481e-05,0.00011371691860881778,True
GENE0218,0.7014599786867279,7.515288064859483,8.216748043546211,6.318457539776762,2.329309990657186e-07,2.7243391703592816e-06,True
GENE0219,-0.6071061889286042,9.930860846793104,9.3237546578645,-5.021821561132829,1.318594783990476e-05,9.840259582018477e-05,True
GENE0220,0.6555614587236338,8.847367096390062,9.502928555113696,6.095313336396421,4.6649981874536774e-07,4.833128973636457e-06,True
GENE0221,-0.6724681193449218,10.527607994161889,9.855139874816967,-5.390534202129756,4.1989677853417925e-06,3.455940564067319e-05,True
GENE0222,0.7115701716276206,9.810863975018702,10.522434146646322,5.434728659272533,3.6591924055134137e-06,3.062085694990304e-05,True
GENE0223,-0.7513259791006908,8.712085046344564,7.960759067243873,-6.371568112952658,1.9749332658392455e-07,2.3794376696858377e-06,True
GENE0224,0.7654384728876451,10.508797849118903,11.274236322006548,6.313365287727488,2.366476072399696e-07,2.735810488323348e-06,True
GENE0225,-0.6687567270133119,8.683370293168185,8.014613566154873,-4.708457586157356,3.4593127535876966e-05,0.00024621443086033425,True
GENE0226,0.7347661032977193,9.226862258019437,9.961628361317157,5.2911607388695385,5.719931897630846e-06,4.5943228093420444e-05,True
GENE0227,-0.799825394930541,7.558193089731117,6.758367694800576,-7.90634667699876,1.822488579174885e-09,7.438728894591367e-08,True
GENE0228,0.7510105913857572,8.132731952490733,8.88374254387649,5.748026972545683,1.3778098184057351e-06,1.2608687924168014e-05,True
GENE0229,-0.7642690607824791,7.004942095907043,6.240673035124564,-7.251180386720191,1.315028988950728e-08,2.8280193310768345e-07,True
GENE0230,0.7642315659215146,9.418048767699855,10.18228033362137,6.697931571042857,7.184913367203724e-08,1.1053712872621113e-06,True
GENE0231,-0.7530941108517268,6.216686264121227,5.4635921532695,-5.093598530995853,1.0559552893821014e-05,7.98677896382863e-05,True
GENE0232,0.506963439884597,9.32065804409455,9.827621483979147,4.314407664611225,0.000114404650785555,0.0007835934985311987,True
GENE0233,-0.7670548214340336,7.7839618676925415,7.016907046258508,-6.615258530140096,9.277303979091817e-08,1.3846722356853456e-06,True
GENE0234,0.6575951057179115,9.83582880285702,10.49342390857493,5.747366556328434,1.3806513276963976e-06,1.2608687924168014e-05,True
GENE0235,-0.8779742799380212,9.138448236200164,8.260473956262143,-10.777014654189495,5.7392461186941e-13,1.14784922373882e-09,True
GENE0236,0.7577409275704792,10.79559361447754,11.553334542048018,5.753938327162796,1.3526345556728132e-06,1.252439403400753e-05,True
GENE0237,-0.8282381734071382,9.17599964666295,8.347761473255812,-7.545773698951688,5.3797224551085244e-09,1.4943673486412568e-07,True
GENE0238,0.6670963963606189,5.600154655483982,6.2672510518446005,5.6585139428573195,1.8215988528323023e-06,1.6191989802953797e-05,True
GENE0239,-0.7223247059927225,7.855205367137438,7.132880661144716,-4.958426557600884,1.6038716605661107e-05,0.00011793173974750813,True
GENE0240,0.616801283294496,6.405930743867435,7.022732027161931,4.632999026680262,4.356938669362141e-05,0.0003046810258295204,True
GENE0241,-0.7827912251619384,7.210697555626361,6.427906330464422,-7.01374661285185,2.7176837306484294e-08,4.941243146633507e-07,True
GENE0242,0.7045344596247496,10.33481111080975,11.039345570434499,6.59473047796324,9.885772883606889e-08,1.4236759756606374e-06,True
GENE0243,-0.7125884757326286,9.024794466944916,8.312205991212288,-6.537495261987712,1.1802833437725913e-07,1.6507459353462817e-06,True
GENE0244,0.6861023681891174,7.073558908179161,7.759661276368279,5.706560605055751,1.568074954227287e-06,1.4255226856611699e-05,True
GENE0245,-0.7468582813090183,6.457520039101274,5.710661757792256,-5.852899090350329,9.933607723362067e-07,9.505844711351261e-06,True
GENE0246,0.6980313922842569,8.113625762935486,8.811657155219743,6.061197560415762,5.188250182416083e-07,5.267259068442724e-06,True
GENE0247,-0.9549104002596822,6.235109990931692,5.28019959067201,-8.350411529613329,4.898777644614296e-10,3.160501706202771e-08,True
GENE0248,0.7331572666912507,7.033876717049199,7.76703398374045,5.427821429436746,3.7387524358316123e-06,3.115627029859677e-05,True
GENE0249,-0.7310289543342012,8.476744583515378,7.745715629181177,-5.487697508924713,3.102616923053528e-06,2.6518093359431862e-05,True
GENE0250,0.7795306926046486,9.684051318018579,10.463582010623227,6.300062032986467,2.466404772808247e-07,2.8101262876706656e-06,True
GENE0251,-0.7895413959760056,8.921318289679483,8.131776893703478,-5.9743839102000385,6.800710460722095e-07,6.700207350465118e-06,True
GENE0252,0.7337065979576582,4.53036796011272,5.264074558070378,6.659586130403076,8.088790605142015e-08,1.2163594894950397e-06,True
GENE0253,-0.772364822638826,8.494744800965403,7.722379978326577,-6.4966124108510135,1.3397268495767988e-07,1.7863024661023984e-06,True
GENE0254,0.6119731100831896,8.239675247016383,8.851648357099572,5.690039311041231,1.651004257102498e-06,1.487391222614863e-05,True
GENE0255,-0.6733857929106613,8.654436118676632,7.98105032576597,-5.448449706540461,3.5061193378725663e-06,2.958750496094993e-05,True
GENE0256,0.7787311552070459,10.448691576528642,11.227422731735688,7.505265577339537,6.080324183349537e-09,1.665842242013572e-07,True
GENE0257,-0.7647854813250055,4.851480992819057,4.086695511494051,-8.41345571652049,4.072638798203556e-10,2.8679662848629337e-08,True
GENE0258,0.6684662427729195,7.145325215633582,7.813791458406501,4.517827073746546,6.187173625167707e-05,0.00042817810554793826,True
GENE0259,-0.7607567587825237,8.872187889814482,8.111431131031958,-6.514641978983898,1.2669021592958935e-07,1.7425365074310538e-06,True
GENE0260,0.8712229999503203,5.6560045503513,6.52722755030162,7.664816878189709,3.757687473764281e-09,1.1562115303890095e-07,True
GENE0261,-0.8134661688064977,10.22358523943178,9.410119070625282,-6.607879896846161,9.491550389088032e-08,1.3958162336894164e-06,True
GENE0262,0.9130536191688634,8.572988000038153,9.486041619207016,9.015011786384393,7.160805283467621e-11,9.547740377956828e-09,True
GENE0263,-0.9453979730462958,9.40227135194457,8.456873378898274,-9.443084133304572,2.136433960480216e-11,5.686655686475307e-09,True
GENE0264,0.7591024640996338,7.0430565641951475,7.802159028294781,6.9954754199864935,2.874358701165294e-08,5.132783394938025e-07,True
GENE0265,-0.48972038059522305,9.082653878241494,8.592933497646271,-4.576786484476326,5.171507243446195e-05,0.0003591324474615413,True
GENE0266,0.8256094809379988,9.525279279877626,10.350888760815625,9.813713473179252,7.641027969859635e-12,3.056411187943854e-09,True
GENE0267,-0.860104623182254,8.337889976722426,7.477785353540172,-10.106415777711453,3.435381371855941e-12,2.0771725065389253e-09,True
GENE0268,0.7308978354293618,8.335233481060829,9.06613131649019,5.475604373955768,3.2217441805938e-06,2.7419099409308936e-05,True
GENE0269,-0.7151048789808909,8.317407222923334,7.602302343942443,-6.59623972237783,9.83970125407658e-08,1.4236759756606374e-06,True
GENE0270,0.8207789219678432,6.65461763736828,7.475396559336123,6.477605043639693,1.4210639564687953e-07,1.869820995353678e-06,True
GENE0271,-0.8320152325512957,7.907487539154852,7.075472306603556,-6.3749755781600514,1.954140006407213e-07,2.368654553220864e-06,True
GENE0272,0.9569784970587545,7.668098646519963,8.625077143578718,9.14284006864255,4.9779466625395444e-11,7.111352375056492e-09,True
GENE0273,-0.6288468456051337,8.589624364630968,7.960777519025834,-5.9259898803345905,7.908537860332285e-07,7.715646693007108e-06,True
GENE0274,0.8548575750715042,9.454062697534786,10.30892027260629,6.867618548640019,4.2577867170952464e-08,7.037663995198755e-07,True
GENE0275,-0.8097209025483751,6.510170622223649,5.700449719675274,-6.885841890575536,4.0256003227961995e-08,6.881368073155896e-07,True
GENE0276,0.7736448943839296,7.815765179608341,8.589410073992271,5.79598059446516,1.186370317307525e-06,1.113962739255892e-05,True
GENE0277,-0.9133252931325906,10.274159226483853,9.360833933351262,-7.0224974441908286,2.6457235517130957e-08,4.854538626996506e-07,True
GENE0278,0.7185851753479406,6.947355774735273,7.665940950083214,4.634836204746766,4.3325711544777454e-05,0.00030404008101598217,True
GENE0279,-0.7847600757127804,6.76547712558753,5.98071704987475,-6.189796683866792,3.4757937013278076e-07,3.8406560235666385e-06,True
GENE0280,0.7795269945281103,8.382384324610543,9.161911319138653,6.18479922540094,3.5302927145257106e-07,3.876377001288612e-06,True
GENE0281,-0.7642011679296523,9.304195490018259,8.539994322088607,-7.590333290697709,4.7027903299068715e-09,1.4038180089274243e-07,True
GENE0282,0.8255139703957193,7.999505679627329,8.825019650023048,5.938457127945082,7.60694079233638e-07,7.457785090525863e-06,True
GENE0283,-0.6987229310492395,10.032858407707753,9.334135476658513,-5.453025001311455,3.4565095832676137e-06,2.9292454095488252e-05,True
GENE0284,0.5883107315355947,9.427374348831453,10.015685080367048,4.204812523676263,0.00015886173634435235,0.001080692083975186,True
GENE0285,-0.7600053813805676,9.284250890362198,8.52424550898163,-6.307880067612596,2.407176706545894e-07,2.766869777638959e-06,True
GENE0286,0.7471327426663699,8.790161678201123,9.537294420867493,6.422383059241808,1.6866504422628182e-07,2.095217940699153e-06,True
GENE0287,-0.5859220182965963,11.394261711792709,10.808339693496112,-5.0511054216578,1.2044105288484794e-05,9.02180171422082e-05,True
GENE0288,0.7704177018555471,7.7774023797639815,8.547820081619529,6.280564686700558,2.620567046450729e-07,2.944457355562617e-06,True
GENE0289,-0.8985572352126567,5.162872275539742,4.2643150403270855,-7.717039021645547,3.2118223917532845e-09,1.0535244714062296e-07,True
GENE0290,0.8487705244441077,10.414278047358094,11.263048571802202,6.848385004446192,4.5175005108578186e-08,7.282140072908684e-07,True
GENE0291,-0.753414552605892,7.279113988685777,6.5256994360798855,-5.655287135519042,1.840024309360696e-06,1.628340096779377e-05,True
GENE0292,0.6357497295769452,8.280973708423343,8.916723438000288,5.287001418519387,5.794364555619592e-06,4.635491644495674e-05,True
GENE0293,-0.7602420334010738,10.062446246799691,9.302204213398618,-5.990572558245645,6.46595498700323e-07,6.4019356306962665e-06,True
GENE0294,0.787215533814245,5.642004438397619,6.429219972211864,7.182092741726559,1.6235282987925235e-08,3.3474810284381925e-07,True
GENE0295,-0.7708530927222688,6.208638166804567,5.437785074082298,-6.5944438182556215,9.894548030841432e-08,1.4236759756606374e-06,True
GENE0296,0.6247658149240598,5.730442861450224,6.355208676374284,4.767138342050505,2.8898508436838794e-05,0.00020715776657232108,True
GENE0297,-0.6937857515008714,6.821298706684338,6.127512955183467,-5.242178329667124,6.6602792032661425e-06,5.28593587560805e-05,True
GENE0298,0.9236128073565233,8.580896798595045,9.504509605951569,8.085026493255853,1.071335633766283e-09,5.196533020523301e-08,True
GENE0299,-0.9052919799437174,8.809238421021735,7.903946441078018,-7.753911432955848,2.8753612885825793e-09,1.0088986977482735e-07,True
GENE0300,0.06360778502353703,8.4315218155258,8.495129600549337,0.4106818909639616,0.683674539823669,0.9378878068599604,False
GENE0301,-0.2434700141057924,5.982682515253893,5.739212501148101,-1.5943843656185925,0.11935775452249381,0.5079053383935908,False
GENE0302,0.16569429984912265,4.531291254597415,4.696985554446537,1.062918012355913,0.29470753850491443,0.7674675481898813,False
GENE0303,0.08529790407622873,7.959499360471734,8.044797264547963,0.6825648417826341,0.4991332981314217,0.8863985263153868,False
GENE0304,0.13046257068851297,7.226980533163379,7.357443103851892,1.1313467337155338,0.265188913424192,0.7336967839037927,False
GENE0305,-0.03483846700317983,8.684468327120907,8.649629860117727,-0.22233248253596555,0.8252777966918197,0.9648798357869293,False
GENE0306,0.08264552010926707,8.95018913976638,9.032834659875647,0.7212078456385389,0.47531442304474214,0.8822953881698542,False
GENE0307,-0.01952681802505829,8.196047824562593,8.176521006537534,-0.14395204553823265,0.8863195411276117,0.9759997579662089,False
GENE0308,0.14206800823660792,9.1453239848923,9.287391993128908,1.1839220293385937,0.2439943299082304,0.7188449865653908,False
GENE0309,-0.18134537600608525,8.475828997278045,8.29448362127196,-1.3410344043765394,0.18808414615133406,0.6441237881895002,False
GENE0310,-0.05963019046239282,8.816156074217131,8.756525883754739,-0.3710665750291179,0.7127042042208793,0.9404873448106854,False
GENE0311,-0.07372584715539876,6.916717275434318,6.8429914282789195,-0.49360055417109416,0.6245056957737741,0.9247581418077883,False
GENE0312,0.03333814182368666,7.805473676987806,7.838811818811493,0.32474722566655656,0.7472014365618211,0.9566421096261551,False
GENE0313,0.07233088199978255,8.197050446978524,8.269381328978307,0.5918458849741691,0.5575531311043547,0.9058539904213723,False
GENE0314,-0.03170066053332121,9.255139085303796,9.223438424770475,-0.18053818131044413,0.8577153339265448,0.9713650440844221,False
GENE0315,-0.004270216499005386,7.393855761276173,7.389585544777168,-0.045523199151837314,0.9639350994774424,0.9918751257253238,False
GENE0316,0.1463661041355735,8.80551502666154,8.951881130797114,1.3616454948008188,0.1815439530977729,0.6300026238522097,False
GENE0317,0.06655047926943602,7.549387655141354,7.61593813441079,0.42680024851489323,0.6719980931886617,0.9346287805127422,False
GENE0318,-0.06748443763622713,7.841466638977977,7.77398220134175,-0.5197898388762978,0.606306129165562,0.9242429872735604,False
GENE0319,0.03566135234775558,9.300203794484059,9.335865146831814,0.22017632248302804,0.8269441869027593,0.9648798357869293,False
GENE0320,0.09289290810236395,4.998529311155858,5.091422219258222,0.5428359127350973,0.5904980500015025,0.9242429872735604,False
GENE0321,-0.03178741461528034,6.12669144599302,6.09490403137774,-0.27195671238061025,0.7871671421827848,0.9593611029938398,False
GENE0322,-0.0008842346464215112,5.769125194604268,5.768240959957846,0.04989881984629769,0.9604714202578287,0.9918751257253238,False
GENE0323,-0.050449133667653356,4.46427088938354,4.413821755715887,-0.39364424791422153,0.6961030806623665,0.9378878068599604,False
GENE0324,-0.024621913105121962,6.974537771583458,6.949915858478336,-0.14419519649876442,0.8861288835409742,0.9759997579662089,False
GENE0325,-0.11637891489288421,9.16096823706704,9.044589322174156,-0.8412678605415461,0.4056022966458722,0.8392982894573491,False
GENE0326,0.023730514404737946,7.591418478978004,7.615148993382742,0.15347659322660526,0.8788564632534162,0.9755134726253284,False
GENE0327,-0.12301190214336444,8.34916957621325,8.226157674069885,-0.7032070407177824,0.4863283206246425,0.886202389312272,False
GENE0328,0.0832828663565941,9.59386944605921,9.677152312415805,0.5225385004193172,0.604410407609175,0.9242429872735604,False
GENE0329,-0.038374886426122856,10.033618556582653,9.99524367015653,-0.2960360350061568,0.768857793507267,0.9592778882739659,False
GENE0330,0.07328657311235975,7.878009531421867,7.951296104534227,0.4742776927514562,0.6380890542963543,0.9253589347826304,False
GENE0331,-0.07371991078338347,9.994177183305649,9.920457272522265,-0.47580762131164944,0.6370088573975548,0.9253589347826304,False
GENE0332,-0.0880175387178479,8.196004998015464,8.107987459297616,-0.730780620938522,0.46951575943885315,0.8775995503529965,False
GENE0333,0.019233099605107995,6.657977555276855,6.677210654881963,0.1879322160560218,0.851956689972955,0.970337915686737,False
GENE0334,0.007924187143014905,7.19971616114025,7.207640348283265,0.07105830499635721,0.9437340536200551,0.9892250596310525,False
GENE0335,-0.06207959844673194,5.768081205654122,5.70600160720739,-0.48082813190605156,0.6334698030321184,0.9253589347826304,False
GENE0336,-0.07629674263415342,6.746240581784948,6.669943839150794,-0.5074873271560872,0.6148247527374393,0.9242429872735604,False
GENE0337,-0.017323291881766067,7.439934252390485,7.4226109605087185,-0.12174344530218341,0.9037610169196255,0.9796867392082661,False
GENE0338,0.06809186610646911,9.247141364376922,9.315233230483392,0.5208895111895165,0.6055473650739713,0.9242429872735604,False
GENE0339,0.0030410392305579848,10.538368194114534,10.541409233345092,0.10138594707714167,0.9197915314710159,0.9820493934681361,False
GENE0340,0.08597648274403902,5.892335209652566,5.978311692396605,0.7048099456067687,0.48534178110057324,0.886202389312272,False
GENE0341,0.07028728339252588,8.596765050703477,8.667052334096002,0.5617441882362729,0.5776774891854024,0.9165508542472924,False
GENE0342,-0.1655665074683217,6.536061559241534,6.370495051773212,-1.1776780514085805,0.24644471602909665,0.7188449865653908,False
GENE0343,-0.09310782774527837,8.711757426571333,8.618649598826055,-0.6950505856023721,0.4913658145864872,0.886202389312272,False
GENE0344,0.008861320090514546,7.891090334704627,7.899951654795141,0.05088247051155633,0.9596928808480869,0.9918751257253238,False
GENE0345,-0.019091013303214055,5.27365406460346,5.254563051300246,-0.1990655074347239,0.843301403238795,0.9681033009580008,False
GENE0346,-0.044543958532065275,9.485317627976093,9.440773669444027,-0.3670866795652795,0.7156456069315298,0.9410198644727545,False
GENE0347,0.0031218823281795594,7.065923554626805,7.069045436954984,-0.019394378632941002,0.9846307064656334,0.9959851095900747,False
GENE0348,0.0725081587580716,7.213697389794331,7.286205548552402,0.4859386279370023,0.629876261110744,0.9253589347826304,False
GENE0349,-0.10416105837995548,6.467035736234467,6.362874677854512,-0.8778970711892448,0.38566485477961876,0.8369041758137211,False
GENE0350,0.09246649938315432,7.0044529423075135,7.096919441690668,0.655032075832403,0.5164990478618895,0.8912839479929068,False
GENE0351,-0.14813246592818352,8.695737624761147,8.547605158832964,-1.1412592495029654,0.26109493033964176,0.7322403264680054,False
GENE0352,0.08586050247143806,7.803531102855983,7.889391605327421,0.5886372494081918,0.55968124217387,0.9063663840872389,False
GENE0353,0.14298668727978203,8.374816749033208,8.51780343631299,1.0702792222101272,0.2914260774326694,0.7638953536898281,False
GENE0354,-0.13501011763218607,8.601177871679067,8.46616775404688,-0.862577315357203,0.3939265520798283,0.8369041758137211,False
GENE0355,-0.2055990069846132,10.044434131238365,9.838835124253752,-1.4787618624268304,0.14766771877286747,0.5625436905633047,False
GENE0356,0.03789748597376352,7.54509228153033,7.582989767504094,0.2758813424774121,0.784174270162602,0.9592778882739659,False
GENE0357,0.00860466437523133,5.809282193912218,5.81788685828745,0.08285632718086004,0.9344124218374872,0.9845359415419833,False
GENE0358,-0.04553667503084036,9.713783980271034,9.668247305240193,-0.3160382864906489,0.7537494379361889,0.9575052635960798,False
GENE0359,-0.014314427088480741,7.4985773847568895,7.484262957668409,-0.11073095574432272,0.912428173569755,0.9813630023550198,False
GENE0360,0.11249518295567462,9.636007824310381,9.748503007266056,0.7886573929905943,0.43533659492445176,0.8603490018269797,False
GENE0361,0.04015585767849217,8.435623915317695,8.475779772996187,0.27098534040053623,0.7879084052961135,0.9593611029938398,False
GENE0362,0.038495953030993846,7.743576085946609,7.782072038977603,0.17255871908105444,0.8639387686083848,0.9715803157724587,False
GENE0363,0.08212955984272874,8.488654174959896,8.570783734802625,0.5999105214962672,0.552222469808673,0.9022273796724868,False
GENE0364,0.10225164395865072,10.796882002135114,10.899133646093764,0.6964339343634086,0.4905093978321283,0.886202389312272,False
GENE0365,0.027657487022951344,11.141172515322669,11.16883000234562,0.1714663432409825,0.8647914406614247,0.9716701552905753,False
GENE0366,-0.1099836806517196,8.265541775981134,8.155558095329415,-0.8811539799818985,0.38392275605225423,0.8363038509979727,False
GENE0367,-0.21943649591666237,8.330770453023707,8.111333957107044,-1.498474764889276,0.1424940503173956,0.5612284401019477,False
GENE0368,0.007775394028408655,9.605776245156841,9.61355163918525,0.04037494656485581,0.9680112853622478,0.9925668594093425,False
GENE0369,0.003852211150693563,6.71401034690161,6.717862558052303,0.0009963353792359483,0.9992103921185866,0.9992103921185866,False
GENE0370,0.06010011221477107,8.508253708255069,8.56835382046984,0.5077989980661064,0.614608266703569,0.9242429872735604,False
GENE0371,-0.04497685840377397,8.02099051027894,7.976013651875166,-0.36816471063838324,0.7148484352798112,0.9410198644727545,False
GENE0372,-0.07148934414161445,8.53268806760163,8.461198723460015,-0.47435788005682533,0.6380324186359526,0.9253589347826304,False
GENE0373,-0.16951693009528412,6.866559971176022,6.697043041080738,-1.1764464480241008,0.24693015882402763,0.7188449865653908,False
GENE0374,0.08560844471222762,5.625279242068558,5.710887686780786,0.5717854610740454,0.5709249833028787,0.909840610841241,False
GENE0375,0.07901310214088397,4.870271836640447,4.949284938781331,0.475240917700905,0.6374088816330143,0.9253589347826304,False
GENE0376,-0.03287514902767086,6.3167503363997035,6.283875187372033,-0.28575865936903566,0.7766567426962429,0.9592778882739659,False
GENE0377,0.07918273650003727,7.200323910390243,7.2795066468902805,0.6082544650216765,0.5467347338239755,0.8981378074532088,False
GENE0378,0.04075385649157148,7.5246126673305085,7.56536652382208,0.29467016480365676,0.7698928971328755,0.9592778882739659,False
GENE0379,0.01721561009795991,10.803423493739933,10.820639103837893,0.11364420075451087,0.9101342632400722,0.9813630023550198,False
GENE0380,0.11010601247553709,9.614942703367289,9.725048715842826,0.7689556186056924,0.4468006295796083,0.8668447821569949,False
GENE0381,-0.020856708775260913,6.555439284107848,6.534582575332587,-0.1413906696513893,0.8883283606652164,0.9759997579662089,False
GENE0382,-0.09228400125553726,8.560015979127705,8.467731977872168,-0.6118025476308787,0.5444097383321224,0.897797400572541,False
GENE0383,0.15969613074251576,7.322618637493948,7.4823147682364635,1.226099534325504,0.22790769534374883,0.7001772514400886,False
GENE0384,-0.08175724051070077,7.62215500467614,7.540397764165439,-0.6336369307184293,0.530215546023886,0.8959798393539593,False
GENE0385,0.008938878267921169,8.279693121054038,8.288631999321959,0.03177089788010509,0.9748255231681604,0.9942790595497979,False
GENE0386,0.11270813746905084,9.006554793467277,9.119262930936328,0.8640605631562935,0.39312181608647967,0.8369041758137211,False
GENE0387,-0.049475170747693475,7.528801873281694,7.479326702534,-0.40465309991658555,0.6880624224525242,0.9378878068599604,False
GENE0388,0.09072585660062771,9.560750925904753,9.65147678250538,0.8309538287678004,0.41133002136109886,0.8433006892262075,False
GENE0389,-0.02354712849288365,6.283141819900422,6.259594691407538,-0.1500955702129499,0.8815044599822888,0.9755134726253284,False
GENE0390,-0.09876695515417744,8.095501290145297,7.996734334991119,-0.6390246071763392,0.5267434255995338,0.8958221523801596,False
GENE0391,-0.19356471082337556,12.021958731015447,11.828394020192071,-1.2669822241130455,0.21307889166544397,0.6851353903374692,False
GENE0392,0.0909749045382231,8.325468274554934,8.416443179093157,0.5215512967936333,0.6050909523812031,0.9242429872735604,False
GENE0393,0.08265184759743605,9.950717480893548,10.033369328490984,0.5944584136506919,0.5558234180782927,0.905681319937199,False
GENE0394,0.0036765281182571385,8.178591818856964,8.18226834697522,0.029253756123761257,0.9768194348918695,0.9950508871923244,False
GENE0395,0.10259153958307365,8.763802915459767,8.86639445504284,0.7734080095522262,0.4441943477960636,0.864580415984548,False
GENE0396,0.04040666974115048,7.9679775099090975,8.008384179650248,0.39571795318719755,0.6945857299825341,0.9378878068599604,False
GENE0397,0.023353057470338,7.7454657130274,7.768818770497738,0.13783205490966743,0.8911205251797034,0.9763322458473734,False
GENE0398,-0.0451543914191026,6.936788085894877,6.891633694475774,-0.32433994849729886,0.7475072379634908,0.9566421096261551,False
GENE0399,-0.12160315850264425,8.691974189899941,8.570371031397297,-0.9050720160285327,0.37128321567254374,0.8309226280451691,False
GENE0400,0.10287690234819014,6.771376557852632,6.874253460200822,0.7978827497027915,0.4300298316864398,0.8583791713516613,False
GENE0401,0.0036290577322386497,9.016866188943837,9.020495246676075,-0.00726540160941734,0.9942421320847687,0.997852066179067,False
GENE0402,0.13484759163885762,9.60596065280095,9.740808244439808,0.9177831561889326,0.3646765902978969,0.8240346666653372,False
GENE0403,0.04592234454373845,8.622442458040906,8.668364802584644,0.29452947176544897,0.7699995434627495,0.9592778882739659,False
GENE0404,-0.02571674376642097,7.579985426389479,7.554268682623058,-0.23091760395135616,0.8186509759217229,0.9648798357869293,False
GENE0405,-0.06074129016963603,8.738954927131923,8.678213636962287,-0.3559234100137059,0.7239193440431798,0.9438530723777527,False
GENE0406,0.09328633455950808,7.555600659082773,7.648886993642281,0.8149463623535069,0.42031787489180417,0.8481597541954261,False
GENE0407,0.0806805293682693,9.32123317164635,9.40191370101462,0.5028425890354171,0.6180551093244024,0.9242429872735604,False
GENE0408,0.29528288179051376,5.064761978484541,5.360044860275055,1.913437690164565,0.06345332830820374,0.3267474379407126,False
GENE0409,-0.04817403981014046,7.657891702693069,7.609717662882929,-0.35173691319550715,0.7270309381356117,0.9438530723777527,False
GENE0410,0.03351020750943512,5.026043393506172,5.059553601015607,0.3034676249065741,0.7632334369541272,0.9592778882739659,False
GENE0411,-0.06946208808132948,5.81176850903124,5.742306420949911,-0.4559911644888121,0.6510615487883344,0.9321476182882317,False
GENE0412,-0.0913411780256812,10.119424907749606,10.028083729723924,-0.6587296192592607,0.514148082790675,0.8895619991128785,False
GENE0413,-0.04058689941009064,9.366312532538577,9.325725633128487,-0.415403796188505,0.6802455764156365,0.9378878068599604,False
GENE0414,0.03501786500026416,6.900484038733137,6.935501903733401,0.2551622969215046,0.8000108101485036,0.9621964460851374,False
GENE0415,0.04356589587656856,5.7166796577634384,5.760245553640007,0.4192563617725483,0.6774529973205644,0.9378878068599604,False
GENE0416,0.021561237677251377,3.586160852072421,3.6077220897496725,0.14608736926142,0.8846454434916755,0.9759997579662089,False
GENE0417,0.005218863387105976,7.186666796765065,7.191885660152171,0.049139645881439986,0.9610723178167786,0.9918751257253238,False
GENE0418,-0.009678506730743663,11.652131669623405,11.64245316289266,-0.07785574915968481,0.9383623193994399,0.9867002404006514,False
GENE0419,0.09102987032770571,8.623001568685687,8.714031439013393,0.6690341462960376,0.5076269668905478,0.8867303647463164,False
GENE0420,0.13747118000009895,7.096690659601625,7.2341618396017235,0.9653351547859506,0.340644456768209,0.8066407482038204,False
GENE0421,-0.026332645428620793,8.627411454868977,8.601078809440356,-0.16793050155386086,0.8675525192185198,0.9727632527039386,False
GENE0422,0.09375740168564572,5.602098837793935,5.695856239479581,0.6587101525989626,0.5141604448590722,0.8895619991128785,False
GENE0423,0.08320526327173638,7.5542038253517685,7.637409088623505,0.5673901127171032,0.5738759293523605,0.9130881930825149,False
GENE0424,0.07258248815817048,8.069192514427959,8.14177500258613,0.5154866326382828,0.6092795490232314,0.9242429872735604,False
GENE0425,0.1281801947650063,7.810562318694382,7.938742513459388,0.9227408763444295,0.3621206620370231,0.8237882077369872,False
GENE0426,-0.03478188800717952,9.198415961511175,9.163634073503996,-0.2247268356556787,0.8234282789518395,0.9648798357869293,False
GENE0427,0.03056422313677487,8.486995268566506,8.517559491703281,0.2612212875367567,0.795370445610844,0.9621787986785494,False
GENE0428,-0.10407697130176885,9.035066753912137,8.930989782610368,-0.9513788988028835,0.34758585585590407,0.8100146909224892,False
GENE0429,0.03948864832288823,6.866612631320104,6.906101279642992,0.37322571879963035,0.7111103117004245,0.9400004120296425,False
GENE0430,0.07855654541910084,9.264278015984798,9.3428345614039,0.5416648474822389,0.5912965439312594,0.9242429872735604,False
GENE0431,-0.2740532425251825,10.650381431651256,10.376328189126074,-2.2476595638869292,0.030645765858750038,0.17921500502193002,False
GENE0432,-0.09451822453931413,6.561738765823432,6.467220541284118,-0.6319331910092744,0.5313160447368979,0.8959798393539593,False
GENE0433,-0.042880561102339065,6.5807225314517765,6.5378419703494375,-0.2816613831039749,0.7797725427862703,0.9592778882739659,False
GENE0434,0.08960314270654379,10.023432848616867,10.113035991323411,0.5279108594211501,0.6007131694700243,0.9242429872735604,False
GENE0435,-0.0005006789980654958,7.7302147527343665,7.729714073736301,0.022204161132682577,0.982404414728181,0.9958483676920232,False
GENE0436,0.08932362631503032,10.029795505652833,10.119119131967864,0.6280625420931536,0.5338206916520976,0.8964243352680059,False
GENE0437,0.011142859188245424,7.348137066000828,7.359279925189074,0.08936144694503592,0.9292766340266603,0.9834093234137227,False
GENE0438,-0.004165162799193212,10.204068839182561,10.199903676383368,-0.03526340288804441,0.972059267766146,0.9929797832031452,False
GENE0439,0.04062756777303811,8.129782187287217,8.170409755060255,0.3476966504243956,0.73003829558146,0.9449986082359138,False
GENE0440,0.04860563705116405,8.314195361992518,8.362800999043682,0.3741954403261197,0.7103948847173709,0.9400004120296425,False
GENE0441,-0.100645089601338,10.3212430685265,10.220597978925163,-0.8194949443846941,0.4177518022318568,0.8481597541954261,False
GENE0442,-0.007505995525956877,7.503314055867831,7.495808060341874,-0.046846675982353696,0.9628873761438674,0.9918751257253238,False
GENE0443,0.02401282325619647,6.535329643642816,6.559342466899013,0.11142045915790814,0.9118851841891032,0.9813630023550198,False
GENE0444,0.0279730824770974,7.315280944345227,7.343254026822325,0.18204906074151292,0.8565379745033304,0.9712695855949461,False
GENE0445,0.03364795925785202,8.616740664596787,8.650388623854639,0.26868281940764416,0.7896662785681143,0.9606645724672924,False
GENE0446,0.0287956965550622,5.761129805021287,5.7899255015763496,0.2791900170748772,0.7816536948749074,0.9592778882739659,False
GENE0447,-0.12786600393030412,9.034684854548349,8.906818850618045,-0.9501300093114863,0.3482115488618379,0.8100146909224892,False
GENE0448,-0.05056082927325001,7.224301294092491,7.173740464819241,-0.382802806084134,0.7040563751455676,0.9387652004410553,False
GENE0449,0.015387057712942465,9.718869512117157,9.7342565698301,0.16978148614852437,0.8661069047852705,0.9720616215322901,False
GENE0450,-0.01914363592947499,4.424428637374396,4.405285001444921,-0.14528879617685048,0.8852714638978747,0.9759997579662089,False
GENE0451,-0.1733542862292703,6.912385046522902,6.739030760293632,-1.4631930555840562,0.15185847992976856,0.5698254406370302,False
GENE0452,0.14236393928274893,5.471203370372281,5.61356730965503,0.9451278153233554,0.3507251108571644,0.8100146909224892,False
GENE0453,-0.11321550771748612,6.8703852821980975,6.757169774480611,-0.8879271731464489,0.3803159054473024,0.8331126077706515,False
GENE0454,0.12398322681858609,8.30512206749681,8.429105294315397,0.988785614373347,0.32919048789929817,0.7949785006999449,False
GENE0455,0.14060147350027563,7.631893759683448,7.772495233183724,1.075756905325334,0.2890008993576216,0.7603452185552215,False
GENE0456,0.16124109571576817,7.594182319631176,7.755423415346944,1.2469661414450681,0.22024599316520221,0.6904263108627029,False
GENE0457,-0.12776541838679112,7.748636008296566,7.620870589909775,-0.8686731843232008,0.39062587118961056,0.8369041758137211,False
GENE0458,0.0815775479087506,8.238754741251016,8.320332289159767,0.7581332518218795,0.4531733186649112,0.8668447821569949,False
GENE0459,-0.0842919730861098,6.425796902860638,6.341504929774528,-0.6324534423353637,0.5309798703135828,0.8959798393539593,False
GENE0460,0.005558847177502102,9.09474030951612,9.100299156693621,0.010160783128046105,0.991947596974651,0.997852066179067,False
GENE0461,-0.061959344661275395,9.01917230965839,8.957212964997115,-0.4614786906599191,0.6471568806662764,0.9305164291565964,False
GENE0462,0.12707197042382035,8.633489228979512,8.760561199403332,1.0121727098838564,0.31802907709856837,0.7879294819404992,False
GENE0463,-0.09950564293674091,8.84623937589973,8.746733732962989,-0.587717008991087,0.5602923429204032,0.9066219141106848,False
GENE0464,0.05150375529068896,8.411923725951723,8.463427481242412,0.3459580588820974,0.7313337453966331,0.9451233204989619,False
GENE0465,-0.022763598004381436,11.115309200029305,11.092545602024924,-0.17977255352322574,0.8583120787292438,0.9714907512498515,False
GENE0466,-0.23208086328748223,8.034586771913208,7.802505908625726,-1.6510394170261549,0.10719456948222165,0.4743122543461135,False
GENE0467,-0.09779412691547229,7.569547428984491,7.471753302069018,-0.6739488995460736,0.5045327045441281,0.8863985263153868,False
GENE0468,0.10569425743200878,6.826504689622975,6.932198947054983,0.7665572707865769,0.4482082884975145,0.8668447821569949,False
GENE0469,0.03535143425415033,6.451666300711547,6.487017734965697,0.23600527641564711,0.8147301432397726,0.9648798357869293,False
GENE0470,0.11665573243961092,6.118235425872845,6.234891158312456,0.8955565829474037,0.37627915000966383,0.8309226280451691,False
GENE0471,0.07454743351390736,6.6025941844531575,6.677141617967065,0.6397759265168947,0.526260195099422,0.8958221523801596,False
GENE0472,0.1002458506475854,7.794235374312228,7.894481224959813,0.7113728075320724,0.4813143236063484,0.886202389312272,False
GENE0473,0.05445180991390686,8.448963781245606,8.503415591159513,0.3410780251021552,0.7349741812494044,0.9483537822572959,False
GENE0474,-0.06223203380672615,8.23731536418515,8.175083330378424,-0.47871701466127375,0.6349569129849386,0.9253589347826304,False
GENE0475,-0.03660173332467842,6.932543470423648,6.89594173709897,-0.24016218583589172,0.8115301834825062,0.9648798357869293,False
GENE0476,-0.0017593042340529053,9.42248838396932,9.420729079735267,-0.02712085061204116,0.978509098843042,0.9950508871923244,False
GENE0477,-0.045377204727635956,8.984635109111117,8.939257904383481,-0.2834223980938409,0.7784329129285528,0.9592778882739659,False
GENE0478,-0.05744687872282128,7.806659870342214,7.749212991619393,-0.4044614132879347,0.6882021165406242,0.9378878068599604,False
GENE0479,-0.1478929075467228,7.086954820429826,6.939061912883103,-1.212521926709435,0.23299815483209274,0.705244162012625,False
GENE0480,-0.09042638836795902,8.879609924529008,8.78918353616105,-0.6284318619108274,0.5335814418690581,0.8964243352680059,False
GENE0481,-0.0719927370232405,8.2932613543095,8.22126861728626,-0.5071445626455476,0.6150628766547452,0.9242429872735604,False
GENE0482,0.12603861873762412,5.825111595050782,5.951150213788406,0.9748100056570194,0.3359849971117842,0.8032090411552425,False
GENE0483,-0.03642920301014119,7.931750429329679,7.895321226319538,-0.28332274585832784,0.7785087015925978,0.9592778882739659,False
GENE0484,0.14450428771748314,8.304574034127011,8.449078321844494,1.0499546272934086,0.30054879337334006,0.7681477532606953,False
GENE0485,-0.02649178347622705,6.681436215659408,6.654944432183181,-0.19544182512895486,0.8461164337251017,0.9681033009580008,False
GENE0486,0.002481019608449486,8.30549968314573,8.307980702754179,0.026655558414833445,0.97887771174177,0.9950508871923244,False
GENE0487,-0.060478492201303524,5.870581897904933,5.81010340570363,-0.4540016548423966,0.6524796639323516,0.93231671799706,False
GENE0488,-0.062483240352243286,10.023211085361364,9.96072784500912,-0.5870193421253017,0.5607558642570184,0.9066384224042334,False
GENE0489,0.05794220526172822,9.744542894417785,9.802485099679513,0.35307620317111976,0.726035004246465,0.9438530723777527,False
GENE0490,-0.06135317080828617,7.616277328681157,7.554924157872871,-0.6323416433206598,0.5310521027843472,0.8959798393539593,False
GENE0491,-0.08469617021594722,8.528623572174293,8.443927401958346,-0.5734639177722881,0.569800089632996,0.9087720727798979,False
GENE0492,-0.024763862891885147,4.394521343130081,4.369757480238196,-0.2906218035370038,0.7729633863824207,0.9592778882739659,False
GENE0493,0.12335654954572561,6.243546044542496,6.366902594088222,0.8807281159889002,0.38415026253202467,0.8363038509979727,False
GENE0494,0.04640751032068291,7.553677650455323,7.600085160776006,0.39105458874030563,0.6979997387911717,0.9378878068599604,False
GENE0495,-0.07717512084117839,6.404856145514766,6.327681024673588,-0.4881777702301228,0.6283046273297271,0.9251932715113196,False
GENE0496,0.06303461759421758,9.046672035382121,9.109706652976339,0.3566485572757475,0.7233808622107187,0.9438530723777527,False
GENE0497,-0.03398139600484029,10.993311633518527,10.959330237513687,-0.18157418870711253,0.8569079849422722,0.9712695855949461,False
GENE0498,-0.08636502693829406,6.355749274156471,6.269384247218177,-0.4904932595038323,0.6266812491062401,0.9251932715113196,False
GENE0499,0.009712599650691267,6.710766979812719,6.720479579463411,0.11852361133132154,0.9062939360828792,0.9813630023550198,False
GENE0500,-0.048436576093763506,8.28623861438816,8.237802038294397,-0.6534327603542883,0.517517715832785,0.8922719238496295,False
GENE0501,-0.05433111596502371,10.463808851956184,10.40947773599116,-0.5786535077636742,0.5663290293534264,0.9079547083189248,False
GENE0502,-0.007524119229478821,6.240443232208784,6.232919112979305,-0.1632698452447455,0.8711945120351225,0.9730216165105552,False
GENE0503,0.06318411011421787,8.395034692056363,8.458218802170581,0.6369730970544866,0.5280641076566908,0.8959798393539593,False
GENE0504,-0.09719714659794043,10.792078632920932,10.694881486322991,-0.7511593762268,0.4573079964762651,0.8668447821569949,False
GENE0505,-0.025132431730276572,5.490464164495129,5.465331732764852,-0.24592169228305208,0.8071019779495577,0.9648798357869293,False
GENE0506,0.035911783753119764,6.040853323208855,6.076765106961974,0.5081937294028362,0.614334137204934,0.9242429872735604,False
GENE0507,-0.10421905063828252,7.515494602188932,7.411275551550649,-1.1323756096619917,0.26476184652048174,0.7336967839037927,False
GENE0508,-0.0559411521005897,7.183959770145907,7.128018618045317,-0.5614360624178811,0.5778853136029178,0.9165508542472924,False
GENE0509,0.006844532227894717,9.167714390557062,9.174558922784957,-0.05116970560945193,0.9594655476492826,0.9918751257253238,False
GENE0510,-0.05117473873450251,8.312494727187318,8.261319988452815,-0.5285797634509847,0.6002535777539355,0.9242429872735604,False
GENE0511,0.10678069234643761,5.30413831683269,5.4109190091791275,0.8793526100669125,0.3848856763261679,0.8367079920134084,False
GENE0512,-0.012030708634746645,8.754927632773079,8.742896924138332,-0.10468484659345154,0.9171913262911956,0.9816600280266081,False
GENE0513,-0.03098474953797581,7.190875703004096,7.15989095346612,-0.3030682640388374,0.7635353527526737,0.9592778882739659,False
GENE0514,-0.017955361019390992,9.905318917640022,9.887363556620631,-0.2443400997532861,0.8083173537350048,0.9648798357869293,False
GENE0515,0.09522953930098588,6.972395715419805,7.067625254720791,1.0365913599430576,0.3066537979913514,0.7763387290920288,False
GENE0516,-0.043834755821225535,7.072528512226114,7.028693756404889,-0.49365371001999864,0.6244685085820229,0.9247581418077883,False
GENE0517,0.2650072211409853,8.659665967275119,8.924673188416104,2.859446195997986,0.00693454020185943,0.044595113838324305,False
GENE0518,-0.03385921876102138,9.13417155592082,9.1003123371598,-0.33780271956260427,0.737420999475564,0.9494948187036196,False
GENE0519,0.1184718073291009,8.640704505899343,8.759176313228444,1.0340513823886923,0.30782379370321006,0.7765445750983906,False
GENE0520,0.06314968236720819,5.364403383039384,5.427553065406592,0.5853889189737099,0.5618398505540207,0.9075801223847018,False
GENE0521,0.007511426136815658,8.810161875710147,8.817673301846963,0.09629428319987131,0.9238065430974006,0.982894514909571,False
GENE0522,-0.12414102349979839,6.533698786191143,6.409557762691344,-1.4898406993479358,0.14474196868386238,0.5625436905633047,False
GENE0523,0.09554223526125938,8.244992638120301,8.34053487338156,1.1009187889589283,0.27804282930528335,0.7425615452984046,False
GENE0524,0.03389025745072427,5.909120127298817,5.943010384749542,0.321226226428769,0.7498465196982569,0.9566421096261551,False
GENE0525,0.04084337404249894,8.617557170633793,8.658400544676292,0.45206621135918806,0.6538604969175452,0.9330112816485004,False
GENE0526,-0.035049602665814916,6.851842132704419,6.8167925300386045,-0.45593002202435196,0.6511051113743298,0.9321476182882317,False
GENE0527,0.04128068438028887,6.012143983065254,6.053424667445543,0.5388610309953158,0.5932104299126162,0.9242429872735604,False
GENE0528,0.04438561647848971,8.988851235201858,9.033236851680348,0.510311671487897,0.612864246133842,0.9242429872735604,False
GENE0529,0.09680493943821311,8.41393226744237,8.510737206880583,1.0075699151059454,0.32020510753571235,0.7879294819404992,False
GENE0530,0.03152235289966221,7.00924438603562,7.040766738935282,0.2398590435280407,0.811763430272016,0.9648798357869293,False
GENE0531,0.008386054303306523,10.09882586009199,10.107211914395297,-0.03798256569250904,0.9699057822428568,0.9926681589474959,False
GENE0532,0.3643875772986309,7.19653508509821,7.560922662396841,3.600744226616613,0.000926076544999964,0.0061127164686466265,True
GENE0533,-0.12858578800939213,8.176936057367499,8.048350269358107,-1.4882640459307563,0.14515549559078156,0.5625436905633047,False
GENE0534,-0.0047561682499139835,8.360540839808094,8.35578467155818,-0.10608637163704181,0.9160869162426057,0.9816600280266081,False
GENE0535,-0.03357044930264408,7.142261759553686,7.108691310251042,-0.38806336268725156,0.7001929488885997,0.937967781498459,False
GENE0536,-0.04755318938335762,8.677123779023525,8.629570589640167,-0.6880026127109274,0.49574209133089353,0.886202389312272,False
GENE0537,-0.15570564393034125,7.270224805508801,7.1145191615784595,-2.0891064243947595,0.043632737946244046,0.24375831254884944,False
GENE0538,-0.055609837828148656,7.41049889941043,7.3548890615822815,-0.6124413428385224,0.5439916911586549,0.897797400572541,False
GENE0539,0.009642778829217491,9.980363886348345,9.990006665177562,0.04292464786384891,0.9659924155103691,0.9922880488036662,False
GENE0540,0.07761482122774055,6.438287618429844,6.515902439657585,0.7430960261412428,0.46211598248619845,0.8730538565243455,False
GENE0541,-0.031730777957375444,4.314849378946544,4.283118600989169,-0.38483568299610144,0.7025624524010609,0.9387652004410553,False
GENE0542,-0.027140635886981457,10.41730817979244,10.39016754390546,-0.32270914661914096,0.7487321289328281,0.9566421096261551,False
GENE0543,0.04774090089921579,11.794140682079291,11.841881582978507,0.4538024864162586,0.6526217025979419,0.93231671799706,False
GENE0544,0.01868976895389096,7.3548454526794655,7.3735352216333565,0.17757165454487536,0.8600279692877337,0.9715803157724587,False
GENE0545,0.038909138573505864,5.0789794957462515,5.117888634319757,0.3633558925475187,0.7184068991528003,0.9420562723744738,False
GENE0546,0.032386021335663706,7.477922536497583,7.5103085578332465,0.29106742061743784,0.7726252247805377,0.9592778882739659,False
GENE0547,-0.0745728891642079,7.56898199811003,7.494409108945822,-0.8661851354454242,0.3919709372000899,0.8369041758137211,False
GENE0548,0.12707964724882714,7.609369974305975,7.736449621554802,1.230585782758727,0.22624398755843703,0.6986619986527585,False
GENE0549,-0.08519592814027543,6.515932843255911,6.430736915115635,-0.9725026777134935,0.3371157239025445,0.8033770991118202,False
GENE0550,0.05830501337864469,8.779886569018695,8.83819158239734,0.5552481077036749,0.5820666928800133,0.920991602658249,False
GENE0551,-0.11882603526213664,8.848316538512933,8.729490503250796,-1.153426410725856,0.2561321997966556,0.7270037484827586,False
GENE0552,0.023939815063553915,5.85906246253321,5.883002277596764,0.3487523434888376,0.7292520741704223,0.9449986082359138,False
GENE0553,0.16495876725812408,8.959376257474629,9.124335024732753,1.7168497116375678,0.09436829865541826,0.43892231932752684,False
GENE0554,-0.09645704481192041,11.056704966067652,10.960247921255732,-0.8906844419383939,0.37885383581983423,0.8317318020193946,False
GENE0555,-0.12276074589159514,8.316766714906423,8.194005969014828,-1.4536648339067932,0.15446940773219708,0.5779861959886681,False
GENE0556,-0.02574813345198379,7.48709664286759,7.461348509415606,-0.20063737856314112,0.8420809523794742,0.9681033009580008,False
GENE0557,0.12390661373971046,7.758362710089725,7.882269323829435,1.181315579089254,0.24501503098666455,0.7188449865653908,False
GENE0558,-0.08167656953568248,9.027092254620975,8.945415685085292,-0.8613023164320807,0.3946191316958272,0.8369041758137211,False
GENE0559,-0.01830058808065438,5.485087453031497,5.466786864950842,-0.150993298038959,0.8808012292165478,0.9755134726253284,False
GENE0560,0.09795811375893315,8.150845607266593,8.248803721025526,0.8563027611352861,0.39734228126526827,0.8378254850832239,False
GENE0561,-0.1208487661968567,7.497031923105569,7.376183156908712,-1.5455640623496487,0.13072117919230306,0.537919675449541,False
GENE0562,-0.017718125413466623,10.874749338516231,10.857031213102765,-0.25607363336166955,0.7993123758196701,0.9621964460851374,False
GENE0563,-0.035103560328723304,7.687987171195205,7.652883610866482,-0.28325816506137647,0.7785578184940095,0.9592778882739659,False
GENE0564,0.10672134856835669,10.516951792919054,10.62367314148741,0.9184301076083831,0.3643423934758391,0.8240346666653372,False
GENE0565,0.03817895190900433,6.425559335155886,6.46373828706489,0.3673133097289444,0.715477993890153,0.9410198644727545,False
GENE0566,0.0843592908040609,8.917624232407764,9.001983523211825,0.9463785678662708,0.35009549770912674,0.8100146909224892,False
GENE0567,-0.17839986208089087,8.53260982981033,8.354209967729439,-2.0454458742572363,0.047970312181437554,0.26285102565171264,False
GENE0568,0.009109704607626057,6.675716613073204,6.68482631768083,0.003756245244044636,0.997023136735008,0.9990211790931943,False
GENE0569,-0.015289890633981784,8.2905026892873,8.275212798653317,-0.1647423545284427,0.8700435327929104,0.9727632527039386,False
GENE0570,-0.023326102828074013,9.829595835507165,9.806269732679091,-0.20900060460760136,0.8355941870898717,0.9676829034045994,False
GENE0571,-0.0766878265542088,7.553322506305925,7.476634679751716,-0.8688129043717506,0.39055042368731896,0.8369041758137211,False
GENE0572,0.06877419290386921,5.341908868480149,5.410683061384018,0.8522498207354579,0.3995584660716548,0.8379059200888683,False
GENE0573,0.051551769498783706,7.932980658958186,7.98453242845697,0.5332650052569963,0.597039084527942,0.9242429872735604,False
GENE0574,-0.01619103944298761,6.639481650828311,6.623290611385324,-0.2360966288066418,0.8146597859997877,0.9648798357869293,False
GENE0575,0.005671657128764274,7.506692528981658,7.512364186110422,0.06701281715278042,0.9469323137810128,0.9892250596310525,False
GENE0576,-0.041590760886141886,7.838787044312079,7.797196283425937,-0.36591730085292484,0.7165106924769681,0.9413791325242071,False
GENE0577,0.023367374861670065,5.444940764228074,5.468308139089744,0.15380441728670824,0.8785997879331258,0.9755134726253284,False
GENE0578,0.028170371132210548,5.564497945873794,5.592668317006004,0.31346504473388465,0.7556877429041232,0.9577791418303209,False
GENE0579,0.06540823188336553,8.732755441922077,8.798163673805442,0.7611088771607933,0.45141583360147486,0.8668447821569949,False
GENE0580,-0.06295574344326393,7.205566636927588,7.142610893484324,-0.6914382386856658,0.4936061168321466,0.886202389312272,False
GENE0581,0.01706525021069627,4.133910589138258,4.150975839348955,0.14154384794656408,0.8882082058398814,0.9759997579662089,False
GENE0582,0.045220066761430644,9.170316410256358,9.215536477017789,0.46144808811714133,0.6471786281352405,0.9305164291565964,False
GENE0583,-0.04101414342707166,8.356313028811334,8.315298885384262,-0.3809601476262855,0.7054115380550295,0.9387652004410553,False
GENE0584,0.10509500908389846,6.907851226707059,7.012946235790958,1.1116659464470156,0.2734532620947231,0.742529673819262,False
GENE0585,-0.10790938720617493,6.012044581815019,5.904135194608844,-1.4858704266628995,0.14578509724384525,0.5625436905633047,False
GENE0586,0.03686520303037355,9.262360300792363,9.299225503822736,0.5227443896517392,0.6042685196180531,0.9242429872735604,False
GENE0587,0.1376930667883549,8.466495526726245,8.6041885935146,1.4446311278012904,0.15697748934803826,0.5824767693804759,False
GENE0588,0.027378365469870047,11.645906050295542,11.673284415765412,0.2184378560571302,0.828288353577175,0.9648798357869293,False
GENE0589,0.1728441484343719,8.4985932689178,8.671437417352172,2.097919759369486,0.04280019581087675,0.23977700734384733,False
GENE0590,0.20846384719787636,8.4757599222301,8.684223769427977,2.1375650152756487,0.03922566508152279,0.2247889116419644,False
GENE0591,0.05691051350767662,7.705554621491186,7.7624651349988625,0.6027120623743403,0.5503767863195088,0.9015180775094329,False
GENE0592,-0.2651438605857166,9.326801730057726,9.06165786947201,-3.6468685159818963,0.0008120872973519635,0.005378061571867309,False
GENE0593,-0.07640561912364063,8.989226755785854,8.912821136662213,-0.753264711552586,0.45605746462463903,0.8668447821569949,False
GENE0594,-0.057342549513967,9.884277744791785,9.826935195277818,-0.6776924840884053,0.5021827572408311,0.8863985263153868,False
GENE0595,0.10396934326681162,7.185574295432285,7.289543638699096,1.05001478083771,0.30052150416305445,0.7681477532606953,False
GENE0596,0.1441830498614216,7.2410375710164825,7.385220620877904,1.470495350925576,0.14988127466382015,0.5654893537091438,False
GENE0597,-0.18217278571199902,7.372600746174117,7.190427960462118,-1.9244640403496136,0.0620126840019779,0.3223588281045843,False
GENE0598,0.003258588608725077,9.141201067429119,9.144459656037844,0.03264966439357176,0.9741294608802391,0.9942790595497979,False
GENE0599,-0.05037206365972047,10.328012966005966,10.277640902346246,-0.6160157962943876,0.5416555300189209,0.897797400572541,False
GENE0600,0.12468753801051946,7.3218671864229155,7.446554724433435,1.0504124193612363,0.30034115501616865,0.7681477532606953,False
GENE0601,-0.04100383253646722,7.327341235096798,7.2863374025603305,-0.3535767987949558,0.7256628708370954,0.9438530723777527,False
GENE0602,-0.10224628992341422,8.553079799880855,8.450833509957441,-1.276599110617834,0.2096983540702777,0.6797353454466052,False
GENE0603,-0.045235217396583316,7.584820518662137,7.539585301265554,-0.43620116166530754,0.6652255020571776,0.9330112816485004,False
GENE0604,-0.06979619084186162,9.467835286059872,9.39803909521801,-0.6742055533891059,0.5043714036162932,0.8863985263153868,False
GENE0605,-0.023312511811393932,4.596838582126923,4.573526070315529,-0.2738158694381346,0.7857489620931276,0.9592778882739659,False
GENE0606,-0.11245103869649231,6.728828644473678,6.616377605777186,-1.087567997136785,0.28381994580291287,0.7528380525276204,False
GENE0607,-0.07045859961039547,6.910080112052756,6.839621512442361,-0.7617757593313934,0.45102250614735917,0.8668447821569949,False
GENE0608,0.03600379213937721,4.509273433749293,4.54527722588867,0.35611649824029656,0.7237759461530395,0.9438530723777527,False
GENE0609,-0.06713150594504924,6.640624420528475,6.573492914583426,-0.7556478168962134,0.4546443609677525,0.8668447821569949,False
GENE0610,0.04755313912600467,6.615168412091106,6.6627215512171105,0.47681443171217786,0.6362984425733378,0.9253589347826304,False
GENE0611,-0.1163118167939361,7.749200465923403,7.632888649129467,-1.1659002373394147,0.2511155657026045,0.7215427626245803,False
GENE0612,-0.03811602026377159,9.588503281662142,9.55038726139837,-0.3202556315658376,0.7505762007731764,0.9566421096261551,False
GENE0613,0.09926752823035567,7.518518227128221,7.617785755358577,1.0865309087502637,0.28427222815921466,0.7530390149912971,False
GENE0614,0.017826815706063925,6.447958586678581,6.465785402384645,0.2069910711020144,0.8371517967461792,0.9681033009580008,False
GENE0615,-0.057728925080889226,7.958299281762571,7.900570356681682,-0.6398877231256755,0.5261883103716435,0.8958221523801596,False
GENE0616,0.03068297736974479,9.522685086813818,9.553368064183562,0.33946173282451386,0.7361812849080525,0.9486872228196552,False
GENE0617,-0.02663202806908771,6.5049039253158485,6.478271897246761,-0.23349292894158577,0.8166656957377051,0.9648798357869293,False
GENE0618,-0.03360590248794004,6.651040503048506,6.617434600560566,-0.3350495528672966,0.7394799000762549,0.9504883034399162,False
GENE0619,0.042588951183997636,8.842249890173061,8.884838841357059,0.4461663647253285,0.6580773146273043,0.9330112816485004,False
GENE0620,0.0171658923584479,7.623004367194656,7.640170259553104,0.17377655990178464,0.8629883572567374,0.9715803157724587,False
GENE0621,0.09469691982952355,8.912921223713063,9.007618143542587,0.9891075924749358,0.3290350517483356,0.7949785006999449,False
GENE0622,-0.08986021541547551,8.091616496535368,8.001756281119892,-0.8855158302250694,0.3815974985743459,0.8340019983707,False
GENE0623,0.13193809980110416,8.935866083548166,9.06780418334927,1.0476864012525475,0.30157904963396887,0.7681477532606953,False
GENE0624,-0.06595809934329822,6.440346817135269,6.3743887177919705,-0.7505101237273151,0.4576940449788933,0.8668447821569949,False
GENE0625,0.2252368747442306,7.791416007403993,8.016652882148223,2.290195496213565,0.027808234661433496,0.16454576722741712,False
GENE0626,-0.06905469006858223,7.729079250603729,7.660024560535147,-0.8963371793591831,0.3758676904247048,0.8309226280451691,False
GENE0627,-0.02650136779910195,6.191619095182119,6.165117727383017,-0.2854349656143976,0.7769027624095851,0.9592778882739659,False
GENE0628,0.0639646812999537,5.511334754255023,5.575299435554976,0.7077854070736489,0.48351346803041984,0.886202389312272,False
GENE0629,0.08736608595758177,8.968883693680432,9.056249779638014,0.8384838313477568,0.4071434536403993,0.8392982894573491,False
GENE0630,0.06727250785487904,7.443754439109805,7.511026946964684,0.5931226857485874,0.5567074412524742,0.905681319937199,False
GENE0631,0.15848318147085294,6.445923265208281,6.604406446679134,1.497948577527397,0.14263024272803576,0.5612284401019477,False
GENE0632,-0.04324153027047917,7.962589623334206,7.919348093063727,-0.49596679430060164,0.6228512680556191,0.9242429872735604,False
GENE0633,-0.06662665223952047,9.665442599693161,9.598815947453641,-0.6646564643139606,0.5103918058790504,0.8893713724903857,False
GENE0634,-0.08103315123455967,4.650823556289488,4.5697904050549285,-0.8605672447112174,0.39501877098407634,0.8369041758137211,False
GENE0635,0.06763794012137136,5.731089184430031,5.7987271245514025,0.8735003650878538,0.3880245830906415,0.8369041758137211,False
GENE0636,0.05897543125310989,6.5673649530204115,6.626340384273521,0.6581461156194415,0.5145186996233876,0.8895619991128785,False
GENE0637,-0.15856445350239845,10.2508011871195,10.092236733617101,-1.8742771189520093,0.06880467857130426,0.34627740567560994,False
GENE0638,-0.14209193938719267,8.445281108039142,8.303189168651949,-1.568075637483854,0.12537713807651285,0.524590535884991,False
GENE0639,-0.06433601945150436,9.242199831329065,9.177863811877561,-0.7095355723851813,0.48243987495585217,0.886202389312272,False
GENE0640,0.05392784379545734,6.201410731999693,6.25533857579515,0.5238479731924296,0.603508253561752,0.9242429872735604,False
GENE0641,-0.07219201204225101,6.393124699000923,6.320932686958672,-0.7831964237481812,0.43849639719900035,0.8614860455776038,False
GENE0642,0.07550995155834173,8.660153909927377,8.735663861485719,0.8854824059826291,0.3816152824278126,0.8340019983707,False
GENE0643,0.10909524130997994,8.06096371531503,8.17005895662501,1.2111187585695535,0.23352897432476957,0.705244162012625,False
GENE0644,0.1374330950447682,8.71990658466799,8.857339679712759,1.41346585148292,0.16587731252607096,0.5954035164673743,False
GENE0645,-0.011675802124683443,7.7104747167634455,7.698798914638762,-0.12920917737700263,0.897891979313481,0.9786288602871728,False
GENE0646,0.07130313578265479,8.399948996036418,8.471252131819073,0.6682898015722117,0.5080964989996393,0.8867303647463164,False
GENE0647,0.054579938111638526,8.191892060997652,8.246471999109291,0.39146938811540166,0.6976958085654117,0.9378878068599604,False
GENE0648,-0.0614039310449499,9.178817449451596,9.117413518406646,-0.5832497526087499,0.5632636719066714,0.9075801223847018,False
GENE0649,0.024149876897526568,9.246830822436433,9.27098069933396,0.2063902392966654,0.8376176369037096,0.9681033009580008,False
GENE0650,-0.008901554054400407,5.587126067568827,5.578224513514426,-0.1657864777740952,0.8692275727351549,0.9727632527039386,False
GENE0651,0.09895241021395229,4.521049622758986,4.6200020329729385,0.71394260784334,0.4797424775358513,0.886202389312272,False
GENE0652,-0.10564683690070886,9.50473801211959,9.399091175218881,-1.1692686788687265,0.24977318821757546,0.7208461420420649,False
GENE0653,-0.08934747309175428,9.766920284403758,9.677572811312004,-0.902212793835599,0.3727798860246173,0.8309226280451691,False
GENE0654,0.01028760198782841,6.361142963454517,6.3714305654423455,0.06746342682577182,0.9465760281427951,0.9892250596310525,False
GENE0655,-0.052980775515893974,5.2125715291013375,5.1595907535854435,-0.48172111952793745,0.6328412292247492,0.9253589347826304,False
GENE0656,0.017684761119600267,8.092589552482917,8.110274313602517,0.1165439899166522,0.9078517222933271,0.9813630023550198,False
GENE0657,0.1218760198464679,9.343082714461982,9.46495873430845,1.2418473232179517,0.22210746410237547,0.693952149041883,False
GENE0658,0.08805014998495864,10.702674627264154,10.790724777249112,1.0038789623109832,0.32195735763488814,0.7879294819404992,False
GENE0659,0.07452469222698888,8.645668673406425,8.720193365633413,0.8408054085308614,0.4058580449776792,0.8392982894573491,False
GENE0660,0.06803064826181338,7.302905470518202,7.3709361187800155,0.6138010066848449,0.5431024390999077,0.897797400572541,False
GENE0661,0.022460937319128682,6.646571871795707,6.669032809114836,0.2040851492907557,0.8394053801068171,0.9681033009580008,False
GENE0662,0.03408844324636284,7.975919387992883,8.010007831239246,0.3637000479516008,0.7181520161098771,0.9420562723744738,False
GENE0663,0.07734561210602386,7.50948264490903,7.586828257015054,0.8907907126876633,0.3787975568360209,0.8317318020193946,False
GENE0664,0.10104872322448166,6.40866492950566,6.509713652730142,1.074193731116032,0.2896915282695394,0.7603452185552215,False
GENE0665,-0.06496376155021188,11.05803585489745,10.993072093347237,-0.7354282800111097,0.4667152050686525,0.877284220053858,False
GENE0666,0.017608915896174082,10.606477345455579,10.624086261351753,0.17302406647824295,0.8635755840248244,0.9715803157724587,False
GENE0667,0.04963612827978103,9.658351165491787,9.707987293771568,0.5780510517616021,0.5667314400766283,0.9079547083189248,False
GENE0668,0.045525588167597775,6.539363905455613,6.584889493623211,0.5398980963568153,0.5925021845721027,0.9242429872735604,False
GENE0669,0.15464815568612522,9.214578807210625,9.36922696289675,1.786117506259711,0.08227771973488852,0.39747690693182863,False
GENE0670,0.1318235643484531,8.918491138718469,9.050314703066922,1.4489060049646008,0.15578665221004467,0.581293478395689,False
GENE0671,-0.09349322622559164,8.760846399240522,8.66735317301493,-1.0470202964709,0.30188206703145326,0.7681477532606953,False
GENE0672,-0.10248808227716566,9.938388703237598,9.835900620960432,-0.8405217707067506,0.40601495387446607,0.8392982894573491,False
GENE0673,0.04106676638396323,8.876669852344708,8.917736618728672,0.4508512243789363,0.654727954635857,0.9330112816485004,False
GENE0674,-0.1298308741587899,9.182505548694719,9.052674674535929,-1.6123014980338226,0.11539485132218322,0.49846588044139617,False
GENE0675,0.10584950451680974,8.9364521391575,9.04230164367431,0.9289822186009277,0.3589196219532781,0.8187692753367456,False
GENE0676,-0.1575691845913738,8.640069889975852,8.482500705384478,-1.7273501483738223,0.09244519087991765,0.43401498065689037,False
GENE0677,0.02999251762234678,5.272214662156594,5.302207179778941,0.3457008677658514,0.7315254500661965,0.9451233204989619,False
GENE0678,-0.0392019000852315,8.203049714069227,8.163847813983995,-0.4079874969204179,0.6856342142029758,0.9378878068599604,False
GENE0679,0.03817884489206769,7.094642161054125,7.132821005946193,0.3800200690612981,0.7061032837863404,0.9387652004410553,False
GENE0680,-0.1260472853273189,6.118757467677689,5.99271018235037,-1.3053077097432966,0.1998472247029325,0.6639442681160549,False
GENE0681,0.041478633405413134,10.385114763536661,10.426593396942074,0.40231062163165515,0.6897702917827442,0.9378878068599604,False
GENE0682,0.06938742066227199,10.530115476451815,10.599502897114087,0.847179059110647,0.40234208085643675,0.8392982894573491,False
GENE0683,0.008708002047443486,10.035491420374948,10.044199422422391,0.06004871081710431,0.9524400155198274,0.9915624739430897,False
GENE0684,-0.13357020497636896,8.524041851471422,8.390471646495053,-1.558086394677076,0.1277262220595829,0.5318179214737944,False
GENE0685,0.07627600609640339,10.026962366661584,10.103238372757987,0.7167917626164292,0.47800317351900756,0.8843721989250835,False
GENE0686,0.04501355761475523,8.014751075914777,8.059764633529532,0.47238989727315134,0.6394230239347976,0.9253589347826304,False
GENE0687,0.04501375366486471,8.3070969274449,8.352110681109764,0.5185756078913097,0.6071444515424869,0.9242429872735604,False
GENE0688,-0.04541239846415124,6.373248389905493,6.327835991441342,-0.515601181610855,0.6092003108180574,0.9242429872735604,False
GENE0689,-0.07579699926460215,8.674149681743266,8.598352682478664,-0.7650106109724771,0.44911745650795254,0.8668447821569949,False
GENE0690,0.05518965304698753,8.029550262395535,8.084739915442523,0.4784568787580142,0.635140263833839,0.9253589347826304,False
GENE0691,-0.03008961600064808,6.0966866240068995,6.0665970080062515,-0.3330936967730498,0.7409437307375413,0.9511472795090389,False
GENE0692,0.15927924129565962,7.807443815305892,7.966723056601552,1.585494744760062,0.12136477316634305,0.5142575134167079,False
GENE0693,0.06026940216419785,7.8594577428829995,7.919727145047197,0.6033128228164066,0.5499814113156504,0.9015180775094329,False
GENE0694,-0.1204800807057147,10.661156494012976,10.540676413307262,-1.2621583163318368,0.21478994487079658,0.6851353903374692,False
GENE0695,0.022091000860744003,9.368749952265185,9.39084095312593,0.31910387662117023,0.7514423771113449,0.9566421096261551,False
GENE0696,-0.05661879415721671,8.088023486362816,8.0314046922056,-0.6186906383656269,0.5399107453382717,0.897797400572541,False
GENE0697,-0.11844334347591179,8.44144946335365,8.323006119877737,-1.3521935716488431,0.1845210550479511,0.6351843547261656,False
GENE0698,0.03334068267785639,8.011936846660998,8.045277529338854,0.37748102003165407,0.7079728753636904,0.9387652004410553,False
GENE0699,-0.0451526629263288,7.696064122481106,7.650911459554777,-0.5762718216751,0.5679207099689891,0.9079547083189248,False
GENE0700,0.047387124290118265,6.37206886841617,6.419455992706288,0.5060316975119787,0.6158362926084069,0.9242429872735604,False
GENE0701,0.10779101872654984,7.772186574631495,7.879977593358045,1.0957712368531327,0.28026031916175564,0.7463656968355676,False
GENE0702,0.04822211658898823,6.9392489852952695,6.987471101884258,0.6116430820048423,0.5445141234472461,0.897797400572541,False
GENE0703,0.03246607200607965,6.150690141826836,6.183156213832915,0.4393151472358158,0.6629883490993045,0.9330112816485004,False
GENE0704,-0.10384215837605737,8.867734452925284,8.763892294549226,-1.2224933604312735,0.22925159569291206,0.7027814695492525,False
GENE0705,0.17217340353275823,8.425975166779768,8.598148570312526,1.6515959882850588,0.1070803445193635,0.4743122543461135,False
GENE0706,-0.10568181743794636,5.272676403847452,5.166994586409506,-1.1013648292365432,0.277851268620667,0.7425615452984046,False
GENE0707,-0.06036196828269702,7.843570912637233,7.783208944354536,-0.6929131281292064,0.4926907341215393,0.886202389312272,False
GENE0708,0.013291804263667828,9.548011599749184,9.561303404012852,0.25424124841232426,0.8007168568575868,0.9621964460851374,False
GENE0709,-0.08844676479989211,9.700982057216178,9.612535292416286,-0.8473441082707628,0.40225128627287354,0.8392982894573491,False
GENE0710,0.16112157228168478,9.526444826045667,9.687566398327352,1.941680084482844,0.05981967339736231,0.3156710997222285,False
GENE0711,-0.07076169791965192,8.120004895470606,8.049243197550954,-1.004701694530863,0.3215662089518799,0.7879294819404992,False
GENE0712,-0.03663624054501202,6.819127157341981,6.782490916796969,-0.36232499289107273,0.7191705831813353,0.9420562723744738,False
GENE0713,-0.04843947566017004,6.289962438163994,6.241522962503824,-0.5584640436881964,0.5798917559127712,0.918951610458662,False
GENE0714,0.17277201379342166,8.479014772267925,8.651786786061347,1.9496546518423787,0.05882675356678003,0.3112526643744975,False
GENE0715,-0.06336655144983894,8.621499216238158,8.55813266478832,-0.6709536033619516,0.5064172696666936,0.8867303647463164,False
GENE0716,0.17376620934779297,9.90282091759666,10.076587126944453,2.0700028750044166,0.04548634694186622,0.25200192211560235,False
GENE0717,-0.09625814717309034,9.756324559284591,9.660066412111501,-0.9848919358185305,0.33107409668849064,0.7959960292627671,False
GENE0718,0.10560293215359451,7.779947568208381,7.885550500361975,0.9476297605115611,0.3494664102862909,0.8100146909224892,False
GENE0719,-0.08516134087228355,6.1336582643210615,6.048496923448778,-1.1106096597260366,0.2739019457353504,0.742529673819262,False
GENE0720,0.11050458734287893,7.409218545053062,7.519723132395941,1.1209202236128997,0.2695446412585096,0.7417033211970946,False
GENE0721,-0.03894833332909364,8.282239283140223,8.24329094981113,-0.49942914406406896,0.6204340320734958,0.9242429872735604,False
GENE0722,-0.042835577663455915,7.676307960307248,7.6334723826437925,-0.3945423972614226,0.6954457399868046,0.9378878068599604,False
GENE0723,0.01173651231216688,7.0859656724891,7.097702184801267,0.10631771171307913,0.9159046350412088,0.9816600280266081,False
GENE0724,0.18746758459546697,8.343355309464219,8.530822894059686,2.0339852905274842,0.049169623889383146,0.2665020265007217,False
GENE0725,-0.11166963403066354,7.218426119709221,7.106756485678558,-1.241013855728014,0.22241166376792348,0.693952149041883,False
GENE0726,0.058219649470031776,7.050162034746185,7.108381684216217,0.6906650075583323,0.4940863972809785,0.886202389312272,False
GENE0727,-0.09086083551820856,8.421928864573022,8.331068029054814,-1.005219809214523,0.32132004932193525,0.7879294819404992,False
GENE0728,0.1939706333591742,7.234574680117009,7.428545313476183,2.4880194037536754,0.017475756383052113,0.10688536014099151,False
GENE0729,0.09190595004803725,8.347431002680347,8.439336952728384,0.9507707422769145,0.34789044892946563,0.8100146909224892,False
GENE0730,-0.12030657386969779,8.468360321444061,8.348053747574363,-1.2929730088241411,0.20403583606057146,0.6667837779757237,False
GENE0731,0.020302361896615828,6.290710051109544,6.31101241300616,0.2218285662836789,0.8256671757423282,0.9648798357869293,False
GENE0732,0.10178621506619212,7.253662450869024,7.355448665935216,1.20684222753761,0.23515229268903154,0.705244162012625,False
GENE0733,-0.041620868869090444,10.176143175449916,10.134522306580825,-0.47019851340158475,0.6409730412387264,0.9269313683857215,False
GENE0734,0.05815172841962202,6.203511326243048,6.26166305466267,0.8292162786264644,0.4122998374618908,0.8440119497684562,False
GENE0735,-0.05434894928753753,4.855077925167818,4.800728975880281,-0.5659378649978785,0.5748525892787496,0.9139150862937195,False
GENE0736,-0.11202555374011691,5.2453145910168155,5.133289037276699,-0.9003285467840221,0.37376832582719444,0.8309226280451691,False
GENE0737,0.0026111368087970988,8.040876651051574,8.043487787860371,0.13444178905055457,0.8937819080827125,0.9776916237114884,False
GENE0738,-0.01893829825939619,8.08464851761352,8.065710219354123,-0.20317595841984043,0.8401107530129618,0.9681033009580008,False
GENE0739,-0.02784121492467495,7.808425796205685,7.78058458128101,-0.4424101329861246,0.6607679421287245,0.9330112816485004,False
GENE0740,-0.03970656806943218,9.883832795881752,9.84412622781232,-0.3581538940639616,0.7222634804084416,0.9438530723777527,False
GENE0741,-0.10045636240487088,3.999752227328044,3.899295864923173,-1.1663394829072393,0.25094022281637884,0.7215427626245803,False
GENE0742,-0.0974021285840152,8.645766154372431,8.548364025788416,-0.9317863231267164,0.35748750765538895,0.8180492166027207,False
GENE0743,-0.00547478494268816,10.303922813423615,10.298448028480927,-0.07937739201300172,0.9371602198516823,0.9864844419491393,False
GENE0744,-0.04999890579608568,6.286100872199803,6.236101966403718,-0.47733432162430606,0.6359317396180904,0.9253589347826304,False
GENE0745,-0.2039918143146009,7.553941307016366,7.349949492701765,-2.063800102994881,0.046102878703792274,0.2547120370375264,False
GENE0746,0.15293888483442863,6.749870876864459,6.9028097616988875,1.7081724680311698,0.09598258069043757,0.4443637994927665,False
GENE0747,0.12424755497638085,6.611668521142559,6.73591607611894,1.2561109497340202,0.21694949882458336,0.687484011542216,False
GENE0748,0.06398187788870668,7.503589963248703,7.5675718411374095,0.5318003834191771,0.5980430695831611,0.9242429872735604,False
GENE0749,-0.07024449042662084,10.192041546425305,10.121797055998684,-0.9522968124767839,0.3471264564729275,0.8100146909224892,False
GENE0750,-0.10541098159149165,10.751746072249267,10.646335090657775,-1.2302546233639013,0.22636648756349376,0.6986619986527585,False
GENE0751,0.06987344254229022,7.436472795814953,7.506346238357243,0.7030770876390352,0.48640835225078516,0.886202389312272,False
GENE0752,-0.1632334966015847,10.824506815843804,10.66127331924222,-1.8274880382262757,0.07570017083735377,0.3747533209769988,False
GENE0753,0.10596529124985565,8.073078374283842,8.179043665533698,1.0666966817439507,0.29301988644359656,0.7660650625976381,False
GENE0754,-0.0384223520352549,10.576915019234178,10.538492667198923,-0.40150769848980644,0.6903560715449515,0.9378878068599604,False
GENE0755,0.10364469399315812,7.783711604624633,7.887356298617791,1.1161192476057842,0.2715673656112769,0.742529673819262,False
GENE0756,-0.12365133651995386,8.271747079874757,8.148095743354803,-1.3537948150792394,0.18401407641227827,0.6345312979733734,False
GENE0757,0.1241091202993676,8.371262991316295,8.495372111615662,1.4128614037582752,0.16605375294656505,0.5954035164673743,False
GENE0758,0.06433308075776978,12.734934421003171,12.79926750176094,0.6337363527357167,0.5301513634722342,0.8959798393539593,False
GENE0759,0.0386673287416226,9.287659108937872,9.326326437679494,0.41797467142710015,0.6783815365061754,0.9378878068599604,False
GENE0760,-0.12936529555833243,6.986423894872514,6.857058599314182,-1.2003164801644826,0.23764538645138555,0.709389213287718,False
GENE0761,0.07501092555739852,9.351577803654028,9.426588729211426,0.8026431898661578,0.4273068118942196,0.8578933306559681,False
GENE0762,0.07260257570751794,7.444706612275445,7.5173091879829625,0.8607063651570406,0.39494311529650794,0.8369041758137211,False
GENE0763,0.13080351090801035,7.1550431156325915,7.285846626540602,1.3294937192133012,0.19182439581433397,0.6483866507561291,False
GENE0764,0.10972028119053334,9.242933262998148,9.352653544188682,1.312926410982992,0.19729291872093146,0.662007235894359,False
GENE0765,-0.06945555098457934,8.060722095344365,7.991266544359786,-0.6079020797917066,0.5469659247390042,0.8981378074532088,False
GENE0766,-0.1810318451062809,8.475092053048686,8.294060207942405,-2.1011199836580006,0.042501367227329556,0.23977700734384733,False
GENE0767,0.008623545667928667,8.077227045629861,8.08585059129779,0.0540540840185818,0.9571828899537624,0.9918751257253238,False
GENE0768,0.06549748907454855,8.502705907695704,8.568203396770253,0.5836235173550472,0.5630147649070677,0.9075801223847018,False
GENE0769,-0.10072779687552824,8.651708380588115,8.550980583712587,-0.9055667427968866,0.37102464350502573,0.8309226280451691,False
GENE0770,0.10758884262618551,5.018845001314949,5.126433843941134,1.1464114158332335,0.2589850816016946,0.7295354411315341,False
GENE0771,0.015006993555417125,8.887383345246963,8.90239033880238,0.23758843616314643,0.8135110553070284,0.9648798357869293,False
GENE0772,0.09151327233913076,6.472530398571957,6.564043670911087,0.9969418670853641,0.32526828646103423,0.7924383297435162,False
GENE0773,-0.05962225955979239,5.893576577308773,5.83395431774898,-0.6761963098115733,0.5031212218610344,0.8863985263153868,False
GENE0774,0.05146167933317969,7.873251226158025,7.924712905491205,0.5042231425996937,0.6170941447024723,0.9242429872735604,False
GENE0775,-0.025317538664252126,8.186185922226807,8.160868383562555,-0.28687552888320567,0.775808058062615,0.9592778882739659,False
GENE0776,-0.10477696821635618,7.006891857405361,6.902114889189005,-1.1044785237355663,0.2765166374172922,0.742529673819262,False
GENE0777,-0.19376233824550937,9.415615483582144,9.221853145336635,-2.0982507727782407,0.04276920115183259,0.23977700734384733,False
GENE0778,0.03415189228130089,5.961807543530634,5.995959435811935,0.3297915146497187,0.7434174128234355,0.9530992472095328,False
GENE0779,-0.09041426137062025,7.3859836340006995,7.295569372630079,-1.4293212589030861,0.16130130409739002,0.5865501967177819,False
GENE0780,0.19352346244762497,7.004149135263399,7.197672597711024,2.463660227604572,0.018524761290354668,0.11295586152655285,False
GENE0781,-0.03843883219621258,7.892520456793815,7.854081624597603,-0.41045609470435584,0.6838386800336057,0.9378878068599604,False
GENE0782,-0.013803277933746472,8.465666298201539,8.451863020267792,-0.19689487256286492,0.8449873969172346,0.9681033009580008,False
GENE0783,-0.04727718181246843,6.476011032624541,6.428733850812073,-0.5477819753676958,0.5871312765550396,0.9231623845205025,False
GENE0784,-0.07788482831291432,9.104259608743703,9.026374780430789,-0.7764940677595255,0.4423931838530799,0.864580415984548,False
GENE0785,0.1445971394545431,8.02522694617513,8.169824085629672,1.7590203379886775,0.08684237744713365,0.4155137676896347,False
GENE0786,0.21926359903731107,5.099564830707253,5.318828429744564,2.1610562597974092,0.03723440197057256,0.21522775705533273,False
GENE0787,-0.17003104037155747,5.121103172423409,4.951072132051851,-1.8314492988933027,0.07509445607828971,0.37267720138109034,False
GENE0788,0.002718262533436544,7.883479594375551,7.8861978569089874,-0.03704306376221755,0.9706498111888201,0.9926681589474959,False
GENE0789,-0.05864442721457497,7.702316632588658,7.643672205374083,-0.6718830171410322,0.5058320938026908,0.8867303647463164,False
GENE0790,0.1591651862685053,7.733510160644997,7.892675346913502,1.71391190434922,0.09491228280266407,0.4404282264624783,False
GENE0791,-0.02983381601748647,7.914564830358249,7.884731014340763,-0.26018700405830336,0.7961620383708312,0.9621787986785494,False
GENE0792,0.16130966548159442,8.225204985831182,8.386514651312776,1.9816098347751112,0.05498959486088083,0.2940620046036408,False
GENE0793,-0.04692893876454107,9.410893133538433,9.363964194773892,-0.38129782243163907,0.7051631258578841,0.9387652004410553,False
GENE0794,0.0003741902999596647,6.308814062898806,6.309188253198766,0.02454367901748277,0.9805508386222517,0.9950508871923244,False
GENE0795,-0.11818853740975221,6.334708152497784,6.216519615088032,-1.2540387907321928,0.21769320873889797,0.687484011542216,False
GENE0796,0.08007423008356263,6.2805950801821435,6.360669310265706,0.9284194428134681,0.3592074949542118,0.8187692753367456,False
GENE0797,0.054578970794398884,8.366441568741358,8.421020539535757,0.6633910013172454,0.5111925666874252,0.8893713724903857,False
GENE0798,0.048370191547661534,9.849775047921177,9.898145239468839,0.6226888860189278,0.5373081808390443,0.897797400572541,False
GENE0799,0.03521543288877371,7.293802152374729,7.329017585263503,0.45052566306992586,0.654960476407734,0.9330112816485004,False
GENE0800,-0.10149793737465096,4.276952180398277,4.175454243023626,-1.309750132895989,0.19835478373667917,0.662007235894359,False
GENE0801,0.016502826178713903,5.460863694857399,5.477366521036113,0.29587090147772477,0.7689829146511418,0.9592778882739659,False
GENE0802,-0.09386945917285772,6.8910510481705005,6.797181588997643,-0.8396601344961911,0.4064918436234779,0.8392982894573491,False
GENE0803,0.14777677541373269,7.106636588727921,7.254413364141653,1.5648333595689803,0.12613572538961934,0.5266627364911037,False
GENE0804,0.04830779364989102,7.399480567425394,7.447788361075285,0.4465966771645649,0.6577693706428949,0.9330112816485004,False
GENE0805,0.0705568913492911,8.024434096099725,8.094990987449016,0.6982514304336822,0.48938547588065195,0.886202389312272,False
GENE0806,-0.017096020535272594,7.633976337643054,7.616880317107781,-0.10770981273108843,0.9148078459079934,0.9816600280266081,False
GENE0807,-0.13582691778247913,9.572670066042658,9.436843148260179,-1.5259469327560502,0.13552671646596334,0.5486911597812281,False
GENE0808,0.018657934593041325,6.837905873651901,6.8565638082449425,0.08834295520913572,0.9300805358732884,0.9834093234137227,False
GENE0809,0.02202615029555144,6.747755154879206,6.7697813051747575,0.22105334450908276,0.8262662813027113,0.9648798357869293,False
GENE0810,-0.15228907632284283,8.826104094860382,8.673815018537539,-1.8478468531647922,0.07263074975198971,0.3622481284388514,False
GENE0811,-0.09181853472898727,5.779996193768847,5.68817765903986,-0.8620900939932961,0.39419112033412684,0.8369041758137211,False
GENE0812,0.045151856260616796,8.493306299937563,8.53845815619818,0.46410590905825483,0.6452910383583008,0.9305164291565964,False
GENE0813,0.005230767764288657,8.155052212430359,8.160282980194648,0.0891587492006247,0.9294366186533124,0.9834093234137227,False
GENE0814,0.006279313737350023,7.741711821618172,7.747991135355522,0.13781035227325591,0.8911375578781574,0.9763322458473734,False
GENE0815,-0.00433370502362429,10.388512678075127,10.384178973051503,-0.04007478268314952,0.9682489713538137,0.9925668594093425,False
GENE0816,-0.05446217037216705,7.155771488474161,7.101309318101994,-0.6888606349577457,0.49520816673385926,0.886202389312272,False
GENE0817,-0.11726590511057111,11.154670224005446,11.037404318894875,-1.1777361602250527,0.24642182934968124,0.7188449865653908,False
GENE0818,-0.08152097704882788,7.693405277106832,7.611884300058004,-1.151973351402468,0.2567212614476387,0.7270037484827586,False
GENE0819,-0.19049535952989505,6.203095630627496,6.012600271097601,-1.6084553651127884,0.11623633801392824,0.4992058103048083,False
GENE0820,0.06621820242459187,8.047919025373892,8.114137227798484,0.7126099252961696,0.4805572631404257,0.886202389312272,False
GENE0821,-0.12842376208365813,6.42364412264414,6.2952203605604815,-1.303975316079503,0.20029650512649683,0.6643333503366395,False
GENE0822,0.027400737951083443,6.871025636446231,6.898426374397315,0.371147081047621,0.7126447507070726,0.9404873448106854,False
GENE0823,-0.06307345192702307,8.641988853869229,8.578915401942206,-0.7218323544592403,0.4749348865590828,0.8822953881698542,False
GENE0824,0.0306775359516287,8.804866452271844,8.835543988223472,0.2926084120056787,0.7714561727079838,0.9592778882739659,False
GENE0825,-0.024283404492720706,7.003786056375627,6.979502651882906,-0.28802280276378345,0.7749365599117164,0.9592778882739659,False
GENE0826,0.02815020108891808,9.52389303245653,9.552043233545447,0.29492054554493785,0.7697031179448514,0.9592778882739659,False
GENE0827,-0.021058757701265307,9.830686684646649,9.809627926945383,-0.2588448579602029,0.797189580433,0.9621964460851374,False
GENE0828,-0.0032411950313555593,10.11796241102493,10.114721215993574,-0.06313769300428743,0.9499967244604179,0.9906118086135746,False
GENE0829,0.05713765479119637,8.772880370224517,8.830018025015713,0.5757679742816273,0.5682577165063041,0.9079547083189248,False
GENE0830,0.1523832044729616,9.993820805542418,10.14620401001538,2.035873515294465,0.048970243200042333,0.2665020265007217,False
GENE0831,-0.05658193777338294,5.16634944827324,5.109767510499857,-0.791819576891514,0.43351317421621705,0.8592927140063767,False
GENE0832,0.0526154782582724,7.517763103631493,7.5703785818897655,0.6256773191601933,0.5353672250772104,0.897797400572541,False
GENE0833,-0.10620205271542371,6.773057755945475,6.666855703230051,-1.0328130944745861,0.3083953027362739,0.7768143645749972,False
GENE0834,-0.13691683187619041,8.23714982616973,8.10023299429354,-1.3752687234366845,0.1773184565443564,0.6221700229626541,False
GENE0835,0.03893334033542395,7.188390555933431,7.227323896268855,0.383887969246188,0.703258760912221,0.9387652004410553,False
GENE0836,-0.10214873028969862,7.869085943398663,7.766937213108965,-1.0423420062260653,0.30401620825900094,0.771614741774114,False
GENE0837,-0.08159256841040019,10.872153107841273,10.790560539430873,-1.0646947323773792,0.2939131663003573,0.7673973010453193,False
GENE0838,0.020113038854814747,7.79062624739326,7.810739286248075,0.2178058970735964,0.8287771085922339,0.9648798357869293,False
GENE0839,-0.032190188320877056,8.576927704927071,8.544737516606194,-0.3905879935925064,0.6983416808840555,0.9378878068599604,False
GENE0840,0.15311788739093668,7.5990048701911235,7.75212275758206,1.7492769291314803,0.08853490778082888,0.421594798956328,False
GENE0841,0.09434841444201858,8.134844400062608,8.229192814504627,0.9069317454391537,0.37031181947703173,0.8309226280451691,False
GENE0842,0.05919657904728837,8.000017241483985,8.059213820531273,0.6992929358078073,0.4887420701723234,0.886202389312272,False
GENE0843,-0.12021582918123208,8.74740917598599,8.627193346804757,-1.471844962609932,0.1495180947285836,0.5654893537091438,False
GENE0844,-0.08200572737595913,9.684600522310088,9.602594794934129,-0.751349707978861,0.4571948604356616,0.8668447821569949,False
GENE0845,0.1853250547829859,10.372497815165158,10.557822869948144,2.1424754043077523,0.03880181427619687,0.2229989326218211,False
GENE0846,0.11334001249257497,8.402689925614467,8.516029938107042,1.3000936265359593,0.20160977789677406,0.6648259995424498,False
GENE0847,0.035039708584255536,8.816293600753301,8.851333309337557,0.4108460566568307,0.6835552110732622,0.9378878068599604,False
GENE0848,0.07013849563654606,6.273963763371592,6.344102259008138,0.6206066892889276,0.5386627182499157,0.897797400572541,False
GENE0849,0.053888852720555214,7.845300779706702,7.899189632427257,0.6686091229801369,0.5078950422435671,0.8867303647463164,False
GENE0850,0.03971901771549469,9.286401955218679,9.326120972934174,0.291696433414943,0.7721479677524051,0.9592778882739659,False
GENE0851,-0.17211673326547938,9.300827164553022,9.128710431287542,-1.595208068217084,0.119173164475232,0.5079053383935908,False
GENE0852,-0.1762173968519143,8.377336164513848,8.201118767661933,-1.8735385748273947,0.06890920372944638,0.34627740567560994,False
GENE0853,0.1647092744682297,9.267049193601197,9.431758468069427,1.9088463472741803,0.0640616437482956,0.3285212499912594,False
GENE0854,-0.09942517014135355,8.80014370139964,8.700718531258287,-0.9498890549298126,0.34833235259819817,0.8100146909224892,False
GENE0855,0.10770650678341553,9.716898678853857,9.824605185637273,1.2178920513370841,0.23097486146743385,0.7041916508153471,False
GENE0856,0.15368875224042,8.373361741704924,8.527050493945344,1.7333735246036834,0.09135689594706803,0.43297107083918496,False
GENE0857,0.01165425846869983,7.4502747173426345,7.461928975811334,0.0673063876583454,0.9467001937701416,0.9892250596310525,False
GENE0858,-0.021420524086197545,8.490505653519163,8.469085129432965,-0.26723351809913315,0.7907733286143304,0.9608424406006445,False
GENE0859,-0.26752782359601124,3.6919382194198347,3.4244103958238234,-2.989498882771717,0.004944422646099146,0.03210664055908537,False
GENE0860,0.0038070102110818738,8.511748152694498,8.51555516290558,0.04419646150686366,0.9649854692841269,0.9918751257253238,False
GENE0861,0.0855099428576298,2.4980676259112697,2.5835775687688995,1.115751053402421,0.2717229370633189,0.742529673819262,False
GENE0862,0.053082159099194115,5.383969041647464,5.437051200746658,0.5993164290640192,0.5526142700493982,0.9022273796724868,False
GENE0863,-0.14232596781408802,8.734153982547227,8.591828014733139,-1.822142736088865,0.07652409246024744,0.37488097681030436,False
GENE0864,0.021561501915609682,8.694065580156924,8.715627082072533,0.21421044758421295,0.8315591250203449,0.9662433974871238,False
GENE0865,-0.03363879055108754,6.253399370930448,6.2197605803793605,-0.37894920975427443,0.7068915710323522,0.9387652004410553,False
GENE0866,0.0424929223631656,6.875478779740962,6.917971702104127,0.4323474977589878,0.6679983554167848,0.9330112816485004,False
GENE0867,0.09843910806589662,10.065746087647593,10.16418519571349,1.039935453796939,0.3051180825593412,0.7734298670705734,False
GENE0868,0.09015072685672187,7.146578547285382,7.236729274142104,1.0448610965924343,0.3028657573275402,0.7696715561055658,False
GENE0869,-0.09539443227828848,11.375573991630333,11.280179559352044,-1.0032362222218882,0.3222631581136641,0.7879294819404992,False
GENE0870,-0.010525174610146237,8.057272215125831,8.046747040515685,-0.0726096296326738,0.9425078631626047,0.9889904125525758,False
GENE0871,0.06020963190867157,8.54447373654657,8.604683368455241,0.7056252888775275,0.4848403950219461,0.886202389312272,False
GENE0872,-0.11826054546562759,10.389689572519167,10.27142902705354,-1.4920031117072527,0.14417633668309593,0.5625436905633047,False
GENE0873,0.1610192165689952,8.069096528431784,8.230115745000779,1.9753143288789519,0.05572790941431154,0.2966698325364642,False
GENE0874,0.10400683418801826,6.5051441813665365,6.609151015554555,0.9571766543135106,0.34469093898223313,0.8099559134976165,False
GENE0875,-0.10520839611597399,7.878656327961013,7.773447931845039,-0.8896382410401129,0.3794081699916153,0.8320354605079283,False
GENE0876,-0.13511054049425386,8.04986251119816,7.9147519707039065,-1.4531506525798175,0.1546113074269687,0.5779861959886681,False
GENE0877,0.043273851860059054,5.902515900849475,5.945789752709534,0.5333969987494152,0.5969486433991225,0.9242429872735604,False
GENE0878,-0.13550584150857414,7.613364285351072,7.477858443842498,-1.2216399683726864,0.22957048364908014,0.7027814695492525,False
GENE0879,0.11096556128914159,6.832687289708916,6.943652850998058,1.109474975978524,0.27438451360501953,0.742529673819262,False
GENE0880,-0.014286870360425752,9.351788370886135,9.33750150052571,-0.13287821759633706,0.8950097443710736,0.9776916237114884,False
GENE0881,0.016669980180363808,8.055863166709509,8.072533146889873,0.21654808641479656,0.8297501004263832,0.9648798357869293,False
GENE0882,0.10593420324711467,7.521892951044966,7.62782715429208,1.2569666506508628,0.2166429384757133,0.687484011542216,False
GENE0883,0.09660052557856158,7.786262332668611,7.882862858247172,1.0076147569219949,0.32018385922308973,0.7879294819404992,False
GENE0884,0.026530816440713423,8.298659421104107,8.32519023754482,0.22050540800844878,0.8266898001920064,0.9648798357869293,False
GENE0885,-0.0957867477802381,8.96603995288559,8.870253205105351,-0.9748736795154539,0.33595382923246586,0.8032090411552425,False
GENE0886,0.15001807493261587,6.499923300573596,6.649941375506212,1.6695973590233224,0.10343972650746502,0.4638552758182288,False
GENE0887,0.051483364955218214,6.4951673453594925,6.546650710314711,0.5227697970637836,0.6042510112498192,0.9242429872735604,False
GENE0888,0.224128435636068,9.522137680693872,9.74626611632994,2.406629301282108,0.021208507498517156,0.12853640908192215,False
GENE0889,0.17546074881928586,7.254877401840602,7.430338150659888,1.989854540943165,0.054035532070479175,0.2905136132821461,False
GENE0890,0.04764214821217472,5.882711803111297,5.930353951323472,0.5061400192985338,0.6157609918978044,0.9242429872735604,False
GENE0891,-0.08923583074342467,8.711734330763308,8.622498500019883,-1.007454180610295,0.3202599528078938,0.7879294819404992,False
GENE0892,0.12376436173464,8.671022123123649,8.794786484858289,1.532884407492383,0.1338112794734902,0.5448270818497069,False
GENE0893,-0.06774358359426635,5.714001277977799,5.646257694383532,-0.7751190198797748,0.44319518661125423,0.864580415984548,False
GENE0894,0.03469442501980069,8.309083404910826,8.343777829930627,0.44479425090078434,0.6590596419687549,0.9330112816485004,False
GENE0895,-0.059640902370270865,9.092685957971664,9.033045055601393,-0.615975768050843,0.5416816624539064,0.897797400572541,False
GENE0896,-0.026440463798005354,8.575632142274412,8.549191678476406,-0.2711065643567614,0.7878158872154665,0.9593611029938398,False
GENE0897,-0.07130562704938548,8.975049099751383,8.903743472701997,-0.8536838916644143,0.39877341958224355,0.8379059200888683,False
GENE0898,-0.001216038386611551,5.814950282982526,5.813734244595914,-0.04587525877239253,0.9636563869609845,0.9918751257253238,False
GENE0899,0.054983121465197016,8.460246390519982,8.51522951198518,0.6456958828724372,0.5224608861054111,0.8958221523801596,False
GENE0900,0.05612620766014054,7.502972170118707,7.559098377778848,0.6242678416770548,0.5362822073296314,0.897797400572541,False
GENE0901,0.18215717124815534,7.105702476303536,7.2878596475516915,2.24332902135407,0.03094870139784157,0.18045890027895958,False
GENE0902,0.0005691398939369208,9.305662895979768,9.306232035873705,0.04866160763743644,0.9614507040783676,0.9918751257253238,False
GENE0903,-0.2266741450728862,10.268141573164765,10.04146742809188,-2.117591366219994,0.040992188674883245,0.23357372464320938,False
GENE0904,0.08019694389139431,10.703625986362372,10.783822930253766,0.7317497845199884,0.46893097060363387,0.8775995503529965,False
GENE0905,0.03451911253909401,10.044195728125034,10.078714840664128,0.30339612824389156,0.7632874854956493,0.9592778882739659,False
GENE0906,-0.1474406239715904,7.895913070709443,7.7484724467378525,-1.4827388841986573,0.1466120806244688,0.5625436905633047,False
GENE0907,-0.11116156467273441,8.590346228303122,8.479184663630388,-1.41471536399032,0.16551304082454854,0.5954035164673743,False
GENE0908,0.07479759773012695,9.104609324824898,9.179406922555025,0.8710898808154277,0.38932217731030727,0.8369041758137211,False
GENE0909,-0.012920408488895418,8.122820849478483,8.109900440989588,0.002176259693024683,0.9982752888833013,0.9992103921185866,False
GENE0910,-0.041665274774187466,8.269800797700148,8.22813552292596,-0.4601296942148157,0.6481158325012399,0.9305324228302081,False
GENE0911,0.10315075684253472,9.221056523262025,9.32420728010456,0.7786637774517895,0.4411294503567479,0.8641304508316388,False
GENE0912,-0.042302252394790685,7.974741714101347,7.932439461706556,-0.5509337592674389,0.5849907018955243,0.92197476550249,False
GENE0913,0.2121666566331495,6.79800149316078,7.010168149793929,2.7158658488716556,0.009988536812139431,0.062428355075871446,False
GENE0914,-0.17373683498684045,7.526753861281759,7.353017026294919,-1.9251176579783043,0.061928177206364905,0.3223588281045843,False
GENE0915,-0.08425763901199801,8.948923773184733,8.864666134172735,-0.7373604496546599,0.4655537765960679,0.8759243209709651,False
GENE0916,0.15553133162229038,7.955745169844191,8.111276501466481,1.4796325488569633,0.14743609318980277,0.5625436905633047,False
GENE0917,-0.003766708421597542,8.495190403041876,8.491423694620279,-0.11479684524465972,0.9092268767216984,0.9813630023550198,False
GENE0918,-0.07760744117782004,9.090946274881201,9.013338833703381,-0.8690787815032675,0.3904068780149659,0.8369041758137211,False
GENE0919,-0.07850610787072299,7.554016357250068,7.475510249379345,-0.9175808076443444,0.36478115875903694,0.8240346666653372,False
GENE0920,-0.09427463536760783,9.104337237070691,9.010062601703083,-0.8747937328065092,0.3873294789112487,0.8369041758137211,False
GENE0921,0.02405117693349368,8.501415519271081,8.525466696204575,0.2177998468540148,0.8287817881461128,0.9648798357869293,False
GENE0922,-0.06954629853956185,6.132254802380568,6.062708503841006,-0.7954906074412096,0.43140211219116154,0.8583791713516613,False
GENE0923,-0.08553346443100907,10.168848563412274,10.083315098981265,-0.8040477128805338,0.42650541232204897,0.8578933306559681,False
GENE0924,-0.061489956871528584,7.310474393804458,7.248984436932929,-0.641468079221851,0.5251727074001771,0.8958221523801596,False
GENE0925,-0.021388512009369975,5.559911524824085,5.538523012814715,-0.2450323374895137,0.8077853437583435,0.9648798357869293,False
GENE0926,0.016873213936258402,6.396991039016986,6.413864252953244,0.1513086318122785,0.8805542372135642,0.9755134726253284,False
GENE0927,0.013938806768443612,6.485506974933247,6.499445781701691,0.007808802032706771,0.9938114931484765,0.997852066179067,False
GENE0928,-0.028694929157447646,8.113667655508271,8.084972726350824,-0.281763455438421,0.779694876235114,0.9592778882739659,False
GENE0929,-0.019101090113987418,7.52300834612416,7.503907256010173,-0.26565848989685437,0.7919769136292083,0.9611370311034082,False
GENE0930,0.033226191489428736,7.44492084673894,7.478147038228369,0.3939560877271981,0.6958748232884692,0.9378878068599604,False
GENE0931,0.14084246919774301,8.886784296202404,9.027626765400147,1.3214469264048363,0.1944658126579116,0.6558712062661437,False
GENE0932,-0.1555734345227684,8.533852865410166,8.378279430887398,-1.2719819791815214,0.21131629535100152,0.6812619847092699,False
GENE0933,0.17258085707003623,8.4333997095743,8.605980566644336,1.717472038827544,0.0942533988589268,0.43892231932752684,False
GENE0934,-0.017077389064942494,8.668354822759314,8.651277433694371,-0.13668048337185842,0.8920243754671529,0.9764908324763578,False
GENE0935,-0.09447124883144298,9.005403346283146,8.910932097451703,-1.051075397617605,0.3000406279116339,0.7681477532606953,False
GENE0936,0.08692446065723303,4.801129393327553,4.888053853984786,0.8945248840317381,0.3768234118184842,0.8309226280451691,False
GENE0937,-0.0730777989968967,7.491331039146003,7.418253240149106,-0.6010199050748313,0.5514912185244779,0.901866260874044,False
GENE0938,0.13271982651791525,4.634721934686835,4.767441761204751,1.1098463411088237,0.2742265098055984,0.742529673819262,False
GENE0939,0.0030323789738577744,8.064403678363044,8.067436057336902,0.11290138344745375,0.9107190897326788,0.9813630023550198,False
GENE0940,-0.08150686165883769,7.981154002610969,7.899647140952132,-1.033886339549921,0.3078999240265119,0.7765445750983906,False
GENE0941,0.01845879468166345,9.479090724663543,9.497549519345206,0.23775820719001717,0.8133803535848658,0.9648798357869293,False
GENE0942,0.01524007569504704,9.783801987499306,9.799042063194353,0.09374089739278278,0.9258207732656338,0.983346546219473,False
GENE0943,0.14738285095788228,8.21473586293936,8.362118713897242,1.5067275118132146,0.14037157090035998,0.5570300432553967,False
GENE0944,0.184001879188453,7.147413281009892,7.331415160198345,1.871482931934289,0.06920085131616845,0.3468714351687641,False
GENE0945,-0.0009604203786039989,8.731718718256214,8.73075829787761,-0.042014890038023764,0.9667127422568433,0.992518215869449,False
GENE0946,-0.1701827849022628,7.3769384056611305,7.206755620758868,-1.8212453417051977,0.07666315975770724,0.37488097681030436,False
GENE0947,0.022436747909628352,8.038017250442719,8.060453998352347,0.24599567679070497,0.8070451363496907,0.9648798357869293,False
GENE0948,-0.02569778606940254,9.473085639638125,9.447387853568722,-0.2743175968659174,0.7853663669055553,0.9592778882739659,False
GENE0949,0.09344976057483834,7.119428866530987,7.212878627105825,0.8684737140237145,0.3907335992337304,0.8369041758137211,False
GENE0950,0.020139067191045967,9.16196484450165,9.182103911692696,0.2636455777475844,0.793515866468475,0.9612548352131739,False
GENE0951,0.024415562398235835,9.085430444386715,9.10984600678495,0.294194346558297,0.7702535890032762,0.9592778882739659,False
GENE0952,0.07890707502225514,6.492163114915755,6.57107018993801,0.8376574916808538,0.4076015898678035,0.8392982894573491,False
GENE0953,-0.06051518201278938,9.539737019978757,9.479221837965968,-0.7680767224430288,0.4473161746814738,0.8668447821569949,False
GENE0954,-0.05318685689444003,9.075153464435143,9.021966607540703,-0.5006792225410256,0.6195623366972319,0.9242429872735604,False
GENE0955,-0.0607714433584885,8.167075112229366,8.106303668870877,-0.7082365303806487,0.4832366091976742,0.886202389312272,False
GENE0956,-0.04203053442008553,6.833364895078509,6.791334360658423,-0.4107337671064387,0.6836368312068315,0.9378878068599604,False
GENE0957,-0.08556516125098224,6.722534205144538,6.636969043893556,-1.0136077398614927,0.31735271528076126,0.7879294819404992,False
GENE0958,0.09220622033436854,7.178466258534179,7.270672478868548,1.2333936661123563,0.22520729453214272,0.6983171923477294,False
GENE0959,0.04452668644340818,8.73417032829727,8.778697014740677,0.4824373504731714,0.6323372737839448,0.9253589347826304,False
GENE0960,0.13628597157710054,6.504531207222721,6.640817178799821,1.1841751772429419,0.24389536156977515,0.7188449865653908,False
GENE0961,-0.006813782995642725,8.660039434864665,8.653225651869022,-0.0872645202867806,0.9309318321915836,0.9834093234137227,False
GENE0962,0.04527992980267381,6.139071197618544,6.184351127421218,0.31512055016126844,0.7544405420678935,0.9575052635960798,False
GENE0963,0.13660183032557427,7.630084237014668,7.766686067340243,1.6358735754879365,0.11034590900941052,0.4839732851289935,False
GENE0964,0.04176721292880359,8.162357238499647,8.20412445142845,0.2848758420576847,0.7773277726915057,0.9592778882739659,False
GENE0965,-0.07074169191182023,11.714617991149577,11.643876299237757,-0.9564734219673393,0.34504121914998465,0.8099559134976165,False
GENE0966,0.05814830452796027,5.777254411135509,5.835402715663469,0.5788552664603754,0.566194296458185,0.9079547083189248,False
GENE0967,-0.003116859367979785,10.203542943555815,10.200426084187836,-0.08888117226191389,0.9296557085058059,0.9834093234137227,False
GENE0968,-0.010283898761240806,8.242730475234538,8.232446576473297,-0.12703511034616316,0.8996004942489012,0.9791173361104969,False
GENE0969,0.041869509010343364,8.588106067141787,8.62997557615213,0.5509303891870336,0.5849929887113299,0.92197476550249,False
GENE0970,0.033680372644182555,8.100930449416149,8.134610822060331,0.43514065820951137,0.6659881002702877,0.9330112816485004,False
GENE0971,0.1412008107117888,8.633438025568356,8.774638836280145,1.6345097232496575,0.11063300238795505,0.48417068878754943,False
GENE0972,0.061439950262346166,7.701526255849148,7.762966206111495,0.7321507611963328,0.4686891458580652,0.8775995503529965,False
GENE0973,0.25406808991071905,10.083121721680156,10.337189811590875,2.6721384747245986,0.011141934504108213,0.06856575079451208,False
GENE0974,-0.12815621463603843,7.370205259417522,7.242049044781483,-1.5348997403881808,0.13331623604823709,0.5441479022377024,False
GENE0975,0.10175139078848794,9.524756576648501,9.62650796743699,1.074346065445854,0.28962417432470094,0.7603452185552215,False
GENE0976,-0.056438288361346345,7.02923831023021,6.9728000218688635,-0.7662712815860964,0.44837631855225435,0.8668447821569949,False
GENE0977,-0.055998274351614974,7.9695083769961474,7.9135101026445325,-0.669089522433132,0.5075920451422067,0.8867303647463164,False
GENE0978,0.00464067914277333,6.372916961770191,6.377557640912964,0.0027496068115495736,0.9978209056772555,0.9992103921185866,False
GENE0979,-0.04417381172952162,8.643804614328156,8.599630802598634,-0.46258971972449997,0.6463675486475156,0.9305164291565964,False
GENE0980,0.32500529915676424,9.994718942390088,10.319724241546853,3.0122598575136004,0.004656856904853503,0.03033782999904562,True
GENE0981,-0.11135719798988042,7.871220023510681,7.7598628255208,-1.1137503576094185,0.27256939251776136,0.742529673819262,False
GENE0982,0.1165154622892377,7.651762595141781,7.768278057431019,1.0175726605674076,0.31548906571925867,0.7877379918083861,False
GENE0983,0.018349785387338002,6.2747849404967155,6.2931347258840535,0.2294967843673184,0.8197467840954866,0.9648798357869293,False
GENE0984,-0.04950523520673222,7.781757785784525,7.732252550577793,-0.523405459573913,0.603813050383595,0.9242429872735604,False
GENE0985,0.04610763069123447,5.541211485169702,5.587319115860937,0.5223384501712957,0.6045482865882861,0.9242429872735604,False
GENE0986,-0.041017351620666886,6.645926379598876,6.604909027978209,-0.553351806856569,0.5833510174226764,0.92197476550249,False
GENE0987,-0.020614393476181547,8.300445506251465,8.279831112775284,-0.233042609538488,0.8170127524136935,0.9648798357869293,False
GENE0988,-0.048844680689438036,10.06012080076152,10.011276120072083,-0.6233633393200143,0.5368698091128863,0.897797400572541,False
GENE0989,0.0025688916970594278,12.257719713926823,12.260288605623883,-0.024544791963461463,0.9805499568717149,0.9950508871923244,False
GENE0990,-0.020362112522144926,7.1795425046272285,7.159180392105084,-0.18251639018656107,0.8561738731363766,0.9712695855949461,False
GENE0991,0.03044478084806812,10.229340771354854,10.259785552202922,0.3850114900090801,0.7024333112249495,0.9387652004410553,False
GENE0992,0.057690534936511995,8.37004220468607,8.427732739622583,0.5184872045762312,0.6072055074880569,0.9242429872735604,False
GENE0993,0.05045274828581103,7.68371315194662,7.734165900232431,0.6083589772612121,0.546666175709689,0.8981378074532088,False
GENE0994,0.18404389206120975,8.539115804999234,8.723159697060444,1.9126875372144532,0.0635523766794686,0.3267474379407126,False
GENE0995,-0.12434375042849588,8.14412606085313,8.019782310424635,-1.3114498869532434,0.19778599720136034,0.662007235894359,False
GENE0996,-0.17553763460826133,8.20123714909938,8.02569951449112,-1.55411241914561,0.12867060040302733,0.533902906236628,False
GENE0997,0.011095083923338578,7.331927143384784,7.343022227308123,0.12661470574545314,0.8999309300672726,0.9791173361104969,False
GENE0998,-0.018512430761771448,5.903895481135658,5.885383050373886,-0.2326216847915203,0.8173371886976718,0.9648798357869293,False
GENE0999,-0.07051519577007337,5.71251238727026,5.641997191500186,-0.7176028906222017,0.47750866678378,0.8843721989250835,False
GENE1000,0.06460089265116409,8.937841891854465,9.002442784505629,0.5827339546366949,0.5636072560008998,0.9075801223847018,False
GENE1001,0.11601507883736772,7.5504205774564195,7.666435656293787,1.1516224308954224,0.256863669205889,0.7270037484827586,False
GENE1002,0.07159815491475374,6.9888045460330845,7.060402700947838,0.8305940146345488,0.41153073634238924,0.8433006892262075,False
GENE1003,0.07661730219006291,7.946190615806725,8.022807917996788,0.7551684937379355,0.454928377466282,0.8668447821569949,False
GENE1004,-0.009214628166963834,9.149197024936674,9.13998239676971,-0.05736932763115222,0.9545597040332208,0.9918751257253238,False
GENE1005,-0.1684741079125427,8.243979171338042,8.0755050634255,-1.5814811938559548,0.12227987681607724,0.5149809436851049,False
GENE1006,0.08618262355594464,7.0170543939003736,7.103237017456318,1.0817314317756546,0.28637192849028925,0.7565969048620588,False
GENE1007,-0.013492861111050303,9.858271159797761,9.84477829868671,-0.20943254171523842,0.8352594756830548,0.9676829034045994,False
GENE1008,-0.1430189980740657,10.570842438371335,10.427823440297269,-1.673850796993798,0.10259462677859066,0.46318115927128967,False
GENE1009,-0.07745383801671224,8.84155965072257,8.764105812705857,-0.8142930351243368,0.42068723808093134,0.8481597541954261,False
GENE1010,0.1281346980040503,9.461886433822212,9.590021131826262,1.1046429957296853,0.27644626605156414,0.742529673819262,False
GENE1011,-0.08088719704077896,9.933855468635588,9.85296827159481,-0.9613791341856379,0.34260260691623556,0.8068934096577174,False
GENE1012,-0.008482560200695488,9.657965358498027,9.649482798297331,-0.06764128110419476,0.9464354063334892,0.9892250596310525,False
GENE1013,-0.024672516594403504,8.897203814642989,8.872531298048585,-0.2745574148171601,0.7851835113798389,0.9592778882739659,False
GENE1014,-0.11305110975089683,8.931565512206623,8.818514402455726,-1.1402888769446167,0.2614936855600122,0.7322403264680054,False
GENE1015,0.08390842848756108,8.796530459443186,8.880438887930747,1.0062221813211245,0.3208441796096434,0.7879294819404992,False
GENE1016,-0.16131629159165062,6.478660119164762,6.3173438275731115,-1.3946777477188934,0.1714306006087141,0.6089897002085759,False
GENE1017,0.0275392388776865,9.054107913734466,9.081647152612152,0.2601335495715,0.7962029559064996,0.9621787986785494,False
GENE1018,0.13722714532717895,5.915729915222161,6.05295706054934,1.2509804565519431,0.21879434633333816,0.6880325356394281,False
GENE1019,0.026385824819472603,6.823587144033814,6.849972968853287,0.3394950549633601,0.7361563919107597,0.9486872228196552,False
GENE1020,0.03310114224475136,9.952156031687982,9.985257173932734,0.4314122963125001,0.6686719810956724,0.9330112816485004,False
GENE1021,0.014370397878417762,9.277335304972926,9.291705702851344,0.18377771153475117,0.8551913234767996,0.9712695855949461,False
GENE1022,-0.07889767963065886,10.20773369615201,10.128836016521351,-0.7577381518885183,0.4534069774240147,0.8668447821569949,False
GENE1023,0.07220566616961133,7.501361332761348,7.57356699893096,0.9925341624334807,0.32738392988290843,0.7948485427204116,False
GENE1024,-0.02132443340436474,6.363660882277754,6.3423364488733895,-0.18203014553430794,0.8565527122133427,0.9712695855949461,False
GENE1025,-0.07176140247877782,7.702758222260757,7.630996819781979,-0.8024433458210036,0.42742091404801885,0.8578933306559681,False
GENE1026,-0.25780009159202244,8.261833029341869,8.004032937749846,-2.448216976076288,0.019219187434760848,0.11683396616875895,False
GENE1027,-0.0063220875212284255,8.117317142384298,8.11099505486307,-0.025310518185216985,0.9799433030659144,0.9950508871923244,False
GENE1028,-0.09162687120371338,9.694207248610214,9.6025803774065,-0.8982259018456137,0.3748733241843176,0.8309226280451691,False
GENE1029,-0.05501434529970162,7.571795872242333,7.516781526942632,-0.6122446765484312,0.5441203779017749,0.897797400572541,False
GENE1030,0.13943640124000645,8.400694970527208,8.540131371767215,1.8841636471161305,0.06741845879871515,0.34126422251875194,False
GENE1031,0.08235427851418287,6.432514444580342,6.514868723094525,0.8678856222794326,0.3910513196269182,0.8369041758137211,False
GENE1032,0.09232441897704646,8.554366838339217,8.646691257316263,0.7848377301442236,0.43754527190604153,0.8614675193531816,False
GENE1033,0.039708586904891874,8.044003846198335,8.083712433103226,0.28983076641656086,0.773563784421644,0.9592778882739659,False
GENE1034,-0.029495669820392756,6.959056738707067,6.929561068886675,-0.25473198781551387,0.800340650388107,0.9621964460851374,False
GENE1035,0.16338521100768588,7.58494504023699,7.748330251244676,1.494236965078581,0.1435938710435935,0.562011236961227,False
GENE1036,-0.1351934376184687,7.802046684157642,7.666853246539174,-1.4367084922847566,0.159203448084215,0.5847133701499154,False
GENE1037,0.008279905388858921,7.572493669303694,7.580773574692553,0.13353484201416904,0.8944940804188696,0.9776916237114884,False
GENE1038,-0.08622820494862893,10.731681431756972,10.645453226808343,-0.9501911119509378,0.34818091914142113,0.8100146909224892,False
GENE1039,-0.007960165507619799,7.810082084769038,7.802121919261419,-0.07192475717871999,0.9430491794027673,0.9890395169405006,False
GENE1040,0.08155228431902284,7.515628107967973,7.597180392286996,0.8377892489853042,0.4075285200348182,0.8392982894573491,False
GENE1041,0.14145633414636016,4.7960286471489155,4.937484981295276,1.4322616927265683,0.1604636786854139,0.5856621641784158,False
GENE1042,0.002874153606772012,6.618160883126771,6.621035036733543,0.01866843730777122,0.9852059168681614,0.9959851095900747,False
GENE1043,0.004748138609819819,7.5961217019635825,7.600869840573402,0.006531118560009399,0.9948240461796498,0.997852066179067,False
GENE1044,-0.020527840401652675,6.981832689013447,6.961304848611794,-0.21951005192274298,0.8274592791931421,0.9648798357869293,False
GENE1045,-0.05198525224465733,10.036934377775195,9.984949125530537,-0.5051829059117805,0.6164264822135892,0.9242429872735604,False
GENE1046,-0.056598038020442054,7.811526789628561,7.754928751608119,-0.6965737414704223,0.4904228912153258,0.886202389312272,False
GENE1047,-0.08370013085505335,9.9214707620043,9.837770631149247,-1.057950790743292,0.2969363268213614,0.7681477532606953,False
GENE1048,0.017488942294667353,8.054976176608386,8.072465118903054,0.21888917691264437,0.8279393458458947,0.9648798357869293,False
GENE1049,-0.10182841643249496,8.163809767658027,8.061981351225532,-1.2437885199823258,0.2214001671162461,0.6929582695344166,False
GENE1050,0.02094650492503103,7.807489996677522,7.828436501602553,0.25889857788180404,0.7971484456170631,0.9621964460851374,False
GENE1051,0.026808851882474727,8.03636134482802,8.063170196710495,0.378656924024641,0.7071067870188581,0.9387652004410553,False
GENE1052,-0.10906200012009215,10.575653960374384,10.466591960254291,-1.1366838825753158,0.26297892326196787,0.7325318196712197,False
GENE1053,-0.10534667786117158,4.599405252712083,4.494058574850912,-1.2755018592112286,0.210082006156195,0.6798770425766828,False
GENE1054,-0.08280935611301565,5.004134324519012,4.9213249684059965,-0.7843278952362933,0.43784058518878466,0.8614675193531816,False
GENE1055,-0.1611282323866945,7.246605502653798,7.085477270267104,-1.7480552870329618,0.08874905931131148,0.42161073307036334,False
GENE1056,0.07938120029438345,7.992421851655079,8.071803051949463,0.917065861765763,0.3650473573327444,0.8240346666653372,False
GENE1057,0.0705467213535016,9.042740493508784,9.113287214862286,0.8425361811269891,0.40490139597985086,0.8392982894573491,False
GENE1058,-0.015679178832884944,8.701079364000709,8.685400185167824,-0.1898850229111046,0.8504371560546067,0.970337915686737,False
GENE1059,0.10382715358502104,7.402400822644634,7.506227976229655,0.9664854702287725,0.34007647704706734,0.8066407482038204,False
GENE1060,-0.041432203000026036,9.56297097489836,9.521538771898333,-0.41121973782149907,0.6832836204121906,0.9378878068599604,False
GENE1061,0.13537719791534464,9.393140445120627,9.528517643035972,1.3000963316493135,0.20160886041871276,0.6648259995424498,False
GENE1062,-0.21421137971367266,8.397843680597362,8.183632300883689,-2.694548263275627,0.010536266576215498,0.06552962711463992,False
GENE1063,-0.08201959800262593,9.481103216871215,9.39908361886859,-1.0796723799481807,0.2872760679208008,0.7579843480759916,False
GENE1064,-0.07524618326605825,8.432325940896469,8.35707975763041,-0.7845803158274252,0.43769435989773275,0.8614675193531816,False
GENE1065,-0.0533582717031198,7.202444655498589,7.149086383795469,-0.6299701714063674,0.5325855137707178,0.8964243352680059,False
GENE1066,-0.10763443660077954,9.129978051741338,9.022343615140558,-1.252488720146582,0.21825078435259765,0.687484011542216,False
GENE1067,0.1380078471067776,8.048705278914692,8.18671312602147,1.335936068545507,0.1897295162510284,0.6461084473233027,False
GENE1068,0.026997274293076856,7.968143847647932,7.995141121941009,0.27939189093282474,0.7814999826642358,0.9592778882739659,False
GENE1069,-0.10307066408978471,10.324566828729614,10.221496164639829,-0.8964214561773164,0.37582328463633163,0.8309226280451691,False
GENE1070,0.05341970152552733,4.297491539185479,4.350911240711007,0.4971594771451359,0.6220181180679706,0.9242429872735604,False
GENE1071,0.16455043224692023,5.787748685325122,5.952299117572042,1.9241441861574378,0.062054074410132484,0.3223588281045843,False
GENE1072,0.05840944082909427,6.211546398350213,6.269955839179307,0.6816608503324921,0.4996983038621923,0.8863985263153868,False
GENE1073,-0.13708063870845866,7.550410536381259,7.4133298976728,-1.4476051525576918,0.15614826835046194,0.5815577964635453,False
GENE1074,-0.09733373073194773,7.717936148538895,7.620602417806947,-1.137610651756383,0.2625965218311744,0.7325318196712197,False
GENE1075,0.07973874198621633,5.740305524556978,5.820044266543194,0.8724098514080328,0.38861128031772996,0.8369041758137211,False
GENE1076,-0.0712903392559383,6.578507064522181,6.507216725266242,-0.609701084271836,0.5457861721818934,0.8981378074532088,False
GENE1077,-0.06570772287660187,6.782658357997367,6.7169506351207655,-0.7472493528215749,0.4596357915192668,0.8696987540572694,False
GENE1078,0.04425570377408761,11.700508253967348,11.744763957741435,0.4756662532113297,0.63710863588309,0.9253589347826304,False
GENE1079,-0.09638978109877705,10.710009944105702,10.613620163006924,-0.8487068290642038,0.4015021338440099,0.8392982894573491,False
GENE1080,-0.043446675098086196,7.371797441479316,7.32835076638123,-0.5927385421170748,0.5569618105858762,0.905681319937199,False
GENE1081,-0.08626752163594809,7.531011796024423,7.444744274388475,-0.6162169755935799,0.5415242000527234,0.897797400572541,False
GENE1082,-0.2033475172893766,6.386270438919406,6.18292292163003,-1.9918433061548808,0.05380755953613603,0.2900677063942643,False
GENE1083,0.05751462869955937,5.158669400305239,5.216184029004799,0.6769102488299069,0.5026732884362328,0.8863985263153868,False
GENE1084,0.15420951894054458,7.745214786513915,7.89942430545446,1.6559201000578894,0.10619632345140625,0.4740907296937779,False
GENE1085,-0.1028879418208426,6.554525541067365,6.4516375992465225,-1.1311683962399302,0.26526298813560045,0.7336967839037927,False
GENE1086,-0.07397868234003191,7.874503494319013,7.800524811978981,-0.7421575044982169,0.46267750314860034,0.8730538565243455,False
GENE1087,0.04780678410442274,5.553285379569104,5.601092163673527,0.35497860315323404,0.7246211547006775,0.9438530723777527,False
GENE1088,-0.10294905519757158,6.903508868786166,6.8005598135885945,-0.9851115808567651,0.33096764828420033,0.7959960292627671,False
GENE1089,-0.00046049520021007595,8.235240854030764,8.234780358830553,0.04405875118575802,0.96509449733074,0.9918751257253238,False
GENE1090,0.19781761392894204,8.528432996443339,8.726250610372281,2.219808367659036,0.03264122880587905,0.18922451481669017,False
GENE1091,0.09956109967084181,8.721397643498317,8.82095874316916,0.9369246927934882,0.3548729681545406,0.8139288260425244,False
GENE1092,-0.08963148476030902,6.062383175031347,5.972751690271038,-1.1627181711430092,0.2523884759333519,0.7226135659254419,False
GENE1093,-0.04342303676828152,9.30039523971347,9.256972202945189,-0.4314862439011284,0.6686187065211775,0.9330112816485004,False
GENE1094,0.019120596965132464,6.835332236196114,6.854452833161247,0.18629490163202073,0.8532311716731076,0.9706915821837744,False
GENE1095,-0.02193331962790701,8.96922613233824,8.947292812710334,-0.262048394445541,0.794737573928088,0.962152026547322,False
GENE1096,-0.11418100787007734,8.014383645665063,7.900202637794986,-1.2288346078741337,0.22689232755919772,0.6992059400899775,False
GENE1097,-0.019055512685521414,5.8915655932251285,5.872510080539607,-0.1992205899337107,0.8431809747708985,0.9681033009580008,False
GENE1098,0.1023603898784291,7.448921166125244,7.551281556003673,1.1303617219443034,0.26559823577317293,0.7336967839037927,False
GENE1099,-0.012386170001963848,8.564478031221446,8.552091861219482,-0.011729666248538936,0.9907043144647802,0.997852066179067,False
GENE1100,-0.15449605295033386,9.025485116935398,8.870989063985064,-1.5463471631254362,0.1305322377449805,0.537919675449541,False
GENE1101,0.013882805277184218,7.739960818918068,7.753843624195253,0.15560625573738857,0.8771892463160874,0.9752420934739291,False
GENE1102,-0.13029670163787976,10.296071770494272,10.165775068856393,-1.2947646131405353,0.2034233481218155,0.665985001457252,False
GENE1103,-0.1016987624380814,9.612124287264892,9.510425524826811,-0.89307187657225,0.37759078720037254,0.8316977691638161,False
GENE1104,-0.00998006726571532,7.6809961247554295,7.671016057489714,-0.2389990664123093,0.8124252170576026,0.9648798357869293,False
GENE1105,0.2521133520193679,8.96391505892147,9.216028410940838,3.091273599677871,0.003776236595562103,0.0246812849383144,False
GENE1106,-0.0036004232567119487,10.882516260047638,10.878915836790926,-0.0038787424039616143,0.9969260569589936,0.9990211790931943,False
GENE1107,0.09896974748669685,10.844381402287809,10.943351149774506,1.1504021284240418,0.25735932696289654,0.7270037484827586,False
GENE1108,0.07733666098861569,6.1421119434721,6.219448604460716,0.7730538073430412,0.4444013547344188,0.864580415984548,False
GENE1109,0.08337027674357955,6.639324565531119,6.722694842274699,0.8918926072861937,0.3782143299762075,0.8317318020193946,False
GENE1110,-0.018106514464465207,10.17640777116772,10.158301256703254,-0.14036142716044697,0.8891357795072163,0.9759997579662089,False
GENE1111,-0.014019922799333173,6.422896382249948,6.408876459450615,-0.13279298702835388,0.8950766815078677,0.9776916237114884,False
GENE1112,-0.09845053668040649,6.003371412015416,5.9049208753350095,-1.0920629443430487,0.2818655281292229,0.748646821060353,False
GENE1113,0.06751675775847765,7.161418509330707,7.228935267089184,0.49654855277662563,0.6224448171079636,0.9242429872735604,False
GENE1114,-0.03978788402934974,8.639279663239911,8.599491779210561,-0.4338371121235,0.6669259608727607,0.9330112816485004,False
GENE1115,-0.016211665263403674,7.815010721346752,7.7987990560833484,-0.2135889882067648,0.8320402095193912,0.9662433974871238,False
GENE1116,-0.08889147199382919,7.126668581654469,7.03777710966064,-0.8982068837519913,0.37488332830340865,0.8309226280451691,False
GENE1117,0.12026704245138031,6.927893070838733,7.0481601132901135,1.6069613680117516,0.11656455670617275,0.4992058103048083,False
GENE1118,-0.004769972517141952,6.897631410802697,6.892861438285555,-0.08234419118330218,0.9348168764941132,0.9845359415419833,False
GENE1119,0.011385232205779694,6.687419254449068,6.698804486654848,0.036816222963541645,0.970829459450651,0.9926681589474959,False
GENE1120,-0.11258155560691563,11.45577539335751,11.343193837750594,-1.173281308729398,0.24818091201588768,0.7188449865653908,False
GENE1121,0.04901761026785678,8.420408572317447,8.469426182585304,0.5277799959105608,0.6008031027494386,0.9242429872735604,False
GENE1122,0.03858298989437081,9.348731082483893,9.387314072378263,0.39482005826564914,0.6952425726609132,0.9378878068599604,False
GENE1123,0.023463114157510567,7.245433117285701,7.268896231443212,0.31220744504727155,0.756635618621032,0.9583731711476023,False
GENE1124,-0.02042445605186405,7.722670505826143,7.702246049774279,-0.14157418493935206,0.8881844094692237,0.9759997579662089,False
GENE1125,-0.12253042066024111,6.941653189382015,6.8191227687217735,-0.9507387551721282,0.34790647444839384,0.8100146909224892,False
GENE1126,0.08126352022776517,3.979413846479526,4.060677366707291,0.9736392389300232,0.33655842397243674,0.8032420619867225,False
GENE1127,0.08335309456674356,5.965551694227003,6.048904788793746,0.8622588644063407,0.3940994628877589,0.8369041758137211,False
GENE1128,0.1406938524786252,5.245599105963697,5.386292958442322,1.2360643028078728,0.2242245548084921,0.6981790561162454,False
GENE1129,-0.07807366573060737,4.679176228807865,4.601102563077258,-0.9891049497187608,0.3290363273473439,0.7949785006999449,False
GENE1130,0.04678794694666433,6.248323616223559,6.295111563170224,0.5030954025943877,0.6178790819406532,0.9242429872735604,False
GENE1131,-0.013174004772087855,9.961442155609461,9.948268150837373,-0.11101527918399375,0.9122042614447001,0.9813630023550198,False
GENE1132,0.06054046713266814,7.934491634629455,7.995032101762123,0.6340856080390632,0.5299259319320102,0.8959798393539593,False
GENE1133,0.015926928288516606,9.88364360811074,9.899570536399256,0.14239670382777994,0.8875392647989551,0.9759997579662089,False
GENE1134,0.10794085342703141,8.658502584952394,8.766443438379426,1.3456756914805408,0.18659582753648576,0.6410501622820916,False
GENE1135,-0.13555129089784224,9.236433365930013,9.100882075032171,-1.178809959391762,0.24599918291187345,0.7188449865653908,False
GENE1136,0.08108061073336081,6.557807136097786,6.638887746831147,0.783955725487652,0.4380562335910928,0.8614675193531816,False
GENE1137,0.0645068115346934,8.724868027891926,8.78937483942662,0.8416231122086796,0.4054059010556397,0.8392982894573491,False
GENE1138,-0.07237440628176373,9.16839218781432,9.096017781532556,-0.6752827607270332,0.5036947129217697,0.8863985263153868,False
GENE1139,-0.10808566346520632,7.169832214132055,7.061746550666848,-1.213664587386827,0.23256654399238358,0.705244162012625,False
GENE1140,0.04468731686919014,8.864719766982734,8.909407083851924,0.5897847257965582,0.5589197134040065,0.9063663840872389,False
GENE1141,0.14166823132122808,8.689104203619253,8.830772434940481,1.3885601200597841,0.17326975958525573,0.6111808098245353,False
GENE1142,-0.0058226658950513155,7.11515240670965,7.109329740814599,-0.007698872334870907,0.9938986110934087,0.997852066179067,False
GENE1143,-0.017992509881542773,6.259830445595283,6.241837935713741,-0.17220634866387186,0.8642137992024184,0.9715803157724587,False
GENE1144,0.03640015191674273,6.161201016564441,6.197601168481183,0.38278541337321076,0.7040691618601178,0.9387652004410553,False
GENE1145,0.0095336604561993,8.082539542966396,8.092073203422595,0.10918096921167882,0.9136489551925235,0.9813630023550198,False
GENE1146,-0.10195954812486896,8.5403778286008,8.438418280475931,-1.1934837912604712,0.24027651286637683,0.7129866850634327,False
GENE1147,0.006419965445429554,6.816216237105661,6.822636202551091,0.10384637545737979,0.9178521262048787,0.9816600280266081,False
GENE1148,0.040022645793136746,8.097713332031727,8.137735977824864,0.45667873420715754,0.6505717567645652,0.9321476182882317,False
GENE1149,-0.16574200703012032,8.88049083972594,8.71474883269582,-1.5433672073652291,0.131252400809688,0.537919675449541,False
GENE1150,-0.06826275345245136,8.954811385912487,8.886548632460036,-0.635803407001606,0.5288178939183041,0.8959798393539593,False
GENE1151,0.10353918840481846,10.260983398768511,10.36452258717333,1.1367956611344654,0.262932780233191,0.7325318196712197,False
GENE1152,0.11444830288019325,9.824330331114567,9.93877863399476,1.4457798972177582,0.1566567771814331,0.5823672014179668,False
GENE1153,0.16187873479133685,6.490196824351296,6.652075559142633,1.392068980848376,0.172213012704096,0.6106844422131065,False
GENE1154,-0.007566769354573566,10.547096928532017,10.539530159177444,-0.048170713702119713,0.9618392755369316,0.9918751257253238,False
GENE1155,-0.2156449021787683,7.301078677310549,7.085433775131781,-2.756569889982196,0.009015309016426245,0.057058917825482565,False
GENE1156,0.09598287783260417,9.536780223409092,9.632763101241697,1.0487061081435025,0.3011155837241745,0.7681477532606953,False
GENE1157,0.12734161526602605,8.077702667719308,8.205044282985334,1.441061193638376,0.15797744686326537,0.5847133701499154,False
GENE1158,-0.0800064583716038,7.444947751427175,7.364941293055571,-0.8650021681630838,0.3926114867654673,0.8369041758137211,False
GENE1159,0.10839539797995634,5.299060849718581,5.407456247698537,1.2047111746771255,0.23596431152815686,0.7054239507568216,False
GENE1160,-0.10049838513079656,7.79678834967126,7.696289964540464,-0.939022717865427,0.35380905859010037,0.8133541576783917,False
GENE1161,0.006453901863297418,5.731858836022617,5.738312737885915,0.16121596587183726,0.872800390009968,0.9730216165105552,False
GENE1162,-0.01053572516781287,9.368285288066215,9.357749562898402,-0.2190376055367196,0.8278245732827969,0.9648798357869293,False
GENE1163,0.03351992730984321,10.307025665934901,10.340545593244745,0.31557520684426504,0.7540981358465777,0.9575052635960798,False
GENE1164,-0.09934914141677798,6.824037784764805,6.724688643348027,-1.0556375803050952,0.2979782571000697,0.7681477532606953,False
GENE1165,-0.09473197512171438,8.496832236675155,8.402100261553441,-1.1234159715679513,0.26849740542053446,0.7406824977118193,False
GENE1166,-0.22402015932892727,7.092634498036119,6.868614338707192,-2.269767880268755,0.029140147378763505,0.17141263163978532,False
GENE1167,-0.006021645552924504,7.057568018546216,7.0515463729932915,0.019662539681119716,0.9844182271591033,0.9959851095900747,False
GENE1168,0.11041677546785422,9.092313088421273,9.202729863889127,1.1889520531981561,0.2420333383599202,0.7171358173627265,False
GENE1169,-0.14853860322433654,8.068073785450661,7.9195351822263245,-1.5489015739561087,0.1299174586382859,0.537919675449541,False
GENE1170,0.010502094114517746,10.611095833488392,10.62159792760291,0.050584741853299725,0.9599285228121867,0.9918751257253238,False
GENE1171,-0.04993965428389924,7.300413313995044,7.250473659711145,-0.47344669550395263,0.6386761105011864,0.9253589347826304,False
GENE1172,-0.14427849633796974,9.605725927712184,9.461447431374214,-1.4248796441826377,0.162573075308631,0.5898687746477124,False
GENE1173,0.046854543703409135,8.123155961724185,8.170010505427594,0.519695719093458,0.6063710915353874,0.9242429872735604,False
GENE1174,-0.02954856698231012,9.138982034040666,9.109433467058356,-0.2554391710773963,0.7997986003874241,0.9621964460851374,False
GENE1175,-0.003472714183343051,7.329848490834922,7.326375776651579,-0.038341542400113296,0.9696215014732262,0.9926681589474959,False
GENE1176,-0.04504742947481244,7.9459276354944395,7.900880206019627,-0.3782542442456721,0.7074033283228681,0.9387652004410553,False
GENE1177,-0.11554329125811424,7.896157978069374,7.780614686811259,-1.405732713562435,0.16814574252524578,0.5998250823303182,False
GENE1178,-0.18340155664188895,6.800690895944844,6.617289339302955,-1.9398668414070366,0.06004745007284383,0.3160392109097044,False
GENE1179,-0.046802098338558196,9.014176691468418,8.96737459312986,-0.4090795342361448,0.6848396923415507,0.9378878068599604,False
GENE1180,-0.03673713813635793,8.973516587678523,8.936779449542165,-0.5092490728175462,0.6136015072015835,0.9242429872735604,False
GENE1181,0.017019309953944628,8.888567126770996,8.90558643672494,0.15555385326615198,0.8772302630797992,0.9752420934739291,False
GENE1182,-0.07095027681411281,10.34332506725574,10.272374790441628,-0.7723264515388071,0.44482662402404993,0.864580415984548,False
GENE1183,0.033404043504422276,10.165856568488342,10.199260611992765,0.36544498688581156,0.7168602094171836,0.9413791325242071,False
GENE1184,-0.0898546343308384,7.400807117735336,7.310952483404497,-0.9301415771710421,0.3583270588631804,0.8187692753367456,False
GENE1185,-0.03181892920643925,8.619484507566794,8.587665578360355,-0.28151690579694677,0.7798824790730652,0.9592778882739659,False
GENE1186,-0.012297486047943451,7.072591406616517,7.060293920568574,-0.05138696046434182,0.9592936028308479,0.9918751257253238,False
GENE1187,0.028326596587308295,7.963481219697674,7.991807816284982,0.4349407890041071,0.6661318646665061,0.9330112816485004,False
GENE1188,-0.029949057036225746,7.115635482315996,7.08568642527977,-0.2649600431668006,0.7925108091883841,0.9612017091429765,False
GENE1189,0.058456911589470195,10.374291607529582,10.432748519119052,0.7088169689341194,0.48288052015736105,0.886202389312272,False
GENE1190,-0.05257030757445946,8.535382439222374,8.482812131647915,-0.6150286513673333,0.5423001785466889,0.897797400572541,False
GENE1191,0.03607414780524909,7.619630276071976,7.655704423877225,0.4378679876345632,0.6640276315245146,0.9330112816485004,False
GENE1192,0.017082109265357914,9.778131945692062,9.79521405495742,0.1406576637760471,0.8889033758731117,0.9759997579662089,False
GENE1193,0.09307413299530332,4.678853544581932,4.771927677577235,0.962741842660194,0.3419272496383823,0.8068934096577174,False
GENE1194,-0.026780134031897163,4.973206960551161,4.9464268265192635,-0.2923585176236214,0.7716457150516788,0.9592778882739659,False
GENE1195,-0.0027151946378349834,9.20521822133875,9.202503026700915,0.001131882319147512,0.9991029695677522,0.9992103921185866,False
GENE1196,0.010430328967531821,8.132935242831415,8.143365571798947,0.18628625822862344,0.8532379007395376,0.9706915821837744,False
GENE1197,0.21473264114121093,8.303752464369452,8.518485105510663,2.7684002995573995,0.008749422995372107,0.05555189203410862,False
GENE1198,-0.003038768022058491,5.988267251812024,5.985228483789966,-0.15746376910019566,0.8757355453493414,0.974663934723808,False
GENE1199,-0.004039019284052259,8.042367021626116,8.038328002342064,-0.09507367888483766,0.9247693502666681,0.982894514909571,False
GENE1200,-0.22856327247705543,11.117683307583718,10.889120035106663,-2.1106391512318576,0.041623321452678295,0.23582618386786572,False
GENE1201,-0.20825899192983144,9.274066085242712,9.06580709331288,-2.3830764415988557,0.022416235369771973,0.13503756246850585,False
GENE1202,0.006565489859573503,8.265743156029512,8.272308645889085,0.03168871822861598,0.9748906178885769,0.9942790595497979,False
GENE1203,-0.008554327936472816,7.334009405302211,7.3254550773657385,-0.1154922695344756,0.9086794833107762,0.9813630023550198,False
GENE1204,-0.018939461417032177,7.461103323690483,7.442163862273451,-0.3010410485259134,0.7650684989571195,0.9592778882739659,False
GENE1205,0.040664289704896106,4.775878923328905,4.8165432130338015,0.36793575328432376,0.7150177153316533,0.9410198644727545,False
GENE1206,-0.08081443787702014,8.418841386101256,8.338026948224236,-0.852025917022995,0.3996811238823902,0.8379059200888683,False
GENE1207,0.0072714744904605055,9.287612296553121,9.294883771043581,0.09964726177042504,0.9211623310731116,0.9820493934681361,False
GENE1208,0.025731693764398322,5.605386506194658,5.631118199959056,0.3095108472989166,0.7586693768907233,0.9592778882739659,False
GENE1209,0.012492503545651346,7.0228111280411,7.035303631586752,0.10596988218317024,0.9161787042299872,0.9816600280266081,False
GENE1210,0.04425831913801037,6.291030685696538,6.335289004834548,0.49038423946931625,0.6267576403923387,0.9251932715113196,False
GENE1211,-0.02982727712894473,6.555354998836874,6.525527721707929,-0.30799063938150256,0.7598166764539598,0.9592778882739659,False
GENE1212,-0.06934955462834047,8.11642067891278,8.04707112428444,-0.7963754130244316,0.43089422536146993,0.8583791713516613,False
GENE1213,0.06117105416546309,4.874555029516938,4.935726083682401,0.5902694009024148,0.5585982136369794,0.9063663840872389,False
GENE1214,0.08245991571562605,8.91992186446258,9.002381780178206,0.7602748060123805,0.4519080534040293,0.8668447821569949,False
GENE1215,-0.17272653131853666,9.271449674471187,9.09872314315265,-1.5795936830286759,0.12271217229982607,0.5155973626043112,False
GENE1216,-0.08672903472614468,7.732609287387381,7.645880252661236,-0.8616318771029854,0.394440040851187,0.8369041758137211,False
GENE1217,-0.2094836788481711,4.4811598389566125,4.271676160108441,-2.73121367432778,0.009610662957830961,0.06044442111843372,False
GENE1218,-0.058148451554140834,6.517675579442114,6.459527127887974,-0.6857272446266005,0.49715954040418464,0.886202389312272,False
GENE1219,0.021521644191173195,9.878544559896612,9.900066204087786,0.25707392130431234,0.7985459627788456,0.9621964460851374,False
GENE1220,-0.20458898335739661,3.910318688683155,3.7057297053257585,-1.7278154369535583,0.09236073873174015,0.43401498065689037,False
GENE1221,0.007289629958211918,7.486129823359258,7.49341945331747,0.20467794224471586,0.8389455488481619,0.9681033009580008,False
GENE1222,-0.1105757666549243,6.255421453471542,6.144845686816618,-0.9935857099332464,0.3268783573944376,0.7948485427204116,False
GENE1223,0.022725092701872285,9.13562286237281,9.158347955074682,0.1408240122707417,0.8887728764613412,0.9759997579662089,False
GENE1224,0.07812928749133441,6.899857516433855,6.977986803925189,1.1198847038418724,0.2699800089157424,0.7417033211970946,False
GENE1225,-0.20052378297533302,8.707139999235386,8.506616216260053,-2.0265415403122633,0.049962543392428005,0.27006780212123244,False
GENE1226,0.031975847588306294,8.7955442256137,8.827520073202006,0.38998295320996623,0.6987851768388449,0.9378878068599604,False
GENE1227,0.15279161198151492,10.730671477173868,10.883463089155383,1.664675316378198,0.10442484902364507,0.4672252752735797,False
GENE1228,-0.03189333946536266,7.701620332387502,7.669726992922139,-0.5067722472191286,0.6153215778986983,0.9242429872735604,False
GENE1229,0.15898810631934168,8.479969412874112,8.638957519193454,1.1444120900971826,0.259802355358913,0.7308083132458875,False
GENE1230,-0.035314760774385334,5.813367962587918,5.778053201813533,-0.44084285178219956,0.6618919553284766,0.9330112816485004,False
GENE1231,-0.040376424228565355,9.81591447735515,9.775538053126585,-0.25214712470203715,0.8023227759734577,0.9621964460851374,False
GENE1232,-0.06286875849500007,6.966408878071441,6.903540119576441,-0.7056699556172458,0.4848129361598441,0.886202389312272,False
GENE1233,0.009048856770998093,7.081573649843553,7.090622506614551,0.14839138453834505,0.8828396927259222,0.9755134726253284,False
GENE1234,-0.0007484051491655208,7.977293700469685,7.97654529532052,0.02038357525163136,0.9838469152660212,0.9959851095900747,False
GENE1235,0.12537938189447662,5.564781991172278,5.690161373066754,1.471054050165352,0.14973084406302486,0.5654893537091438,False
GENE1236,0.05790369975201948,8.318460123323286,8.376363823075305,0.7224511889289817,0.47455896946255294,0.8822953881698542,False
GENE1237,0.08875667828104206,9.460205616071189,9.548962294352231,1.2969035721644275,0.2026939374910239,0.665985001457252,False
GENE1238,-0.008968207624151958,8.470272608568958,8.461304400944806,-0.12302310532404596,0.9027546392678116,0.9792410952883706,False
GENE1239,0.02129373449455052,5.551690446884848,5.5729841813793985,0.35195924152320907,0.7268655752113207,0.9438530723777527,False
GENE1240,-0.05343685514099139,7.844424109000802,7.790987253859811,-0.6406912485516673,0.5256718007762822,0.8958221523801596,False
GENE1241,0.2114253498214076,8.977252256687013,9.18867760650842,1.9137767112506587,0.06340860835953728,0.3267474379407126,False
GENE1242,-0.03355540606246876,5.132441355859766,5.098885949797297,-0.4726223298074575,0.6392587148750877,0.9253589347826304,False
GENE1243,0.13665630248207172,6.29250961410244,6.429165916584512,1.2645579772361104,0.2139374941933873,0.6851353903374692,False
GENE1244,0.31051502073913895,9.143184170731221,9.45369919147036,3.650089208823637,0.0008046549140381744,0.005346544279323418,True
GENE1245,-0.11047828033876428,8.50922884784432,8.398750567505555,-1.023368979909661,0.3127780857828514,0.7829238692937456,False
GENE1246,0.1777306067091935,8.525077513658545,8.702808120367738,2.2524815165880767,0.03031157518412269,0.1777804996136228,False
GENE1247,-0.03230255439961738,10.846167541280254,10.813864986880636,-0.3880856103644495,0.7001766269321581,0.937967781498459,False
GENE1248,-0.10986923164004203,8.820257541752222,8.71038831011218,-1.365661354426594,0.1802903506754664,0.6300026238522097,False
GENE1249,0.0063743513624086034,8.991736269317474,8.998110620679883,0.047303021880112504,0.9625261277331101,0.9918751257253238,False
GENE1250,0.06215484861464127,11.950747599218516,12.012902447833158,0.6396490743416248,0.5263417668155355,0.8958221523801596,False
GENE1251,-0.11731633994820534,7.761688031803743,7.644371691855538,-1.3566500252363902,0.1831127373039347,0.6325137730705862,False
GENE1252,-0.023196073777015158,6.879548422803498,6.856352349026483,-0.22703826857231124,0.8216437808050631,0.9648798357869293,False
GENE1253,-0.06433150608049587,8.618306229979469,8.553974723898973,-0.6517687258561354,0.5185787538687463,0.8929935834233724,False
GENE1254,-0.018421249915475002,8.676489320467475,8.658068070552,-0.12105517356806504,0.9043023690018979,0.9797425449641364,False
GENE1255,-0.1876661192239668,7.235526451236716,7.047860332012749,-2.134107114372853,0.03952659142416964,0.22586623670954079,False
GENE1256,-0.05549286377313489,6.465542273557311,6.410049409784176,-0.4814397088704265,0.6330392843739622,0.9253589347826304,False
GENE1257,-0.08871085103998055,11.450375642969696,11.361664791929716,-0.8575881316062313,0.3966410435452187,0.8378254850832239,False
GENE1258,0.07273983778297044,8.389688288236352,8.462428126019322,0.6980160071631085,0.48953097792866107,0.886202389312272,False
GENE1259,0.07854825173743407,6.846851353542286,6.92539960527972,0.6188778451295297,0.5397887411228633,0.897797400572541,False
GENE1260,0.2392323561651004,9.190658129403186,9.429890485568286,2.7908886839098512,0.008263996255586508,0.05263691882539177,False
GENE1261,0.040921617817500255,7.8054758590239075,7.846397476841408,0.4419752741994338,0.6610797318196057,0.9330112816485004,False
GENE1262,0.012283942620839206,7.557377375093457,7.569661317714297,0.16299941466433085,0.8714059236395723,0.9730216165105552,False
GENE1263,0.0751638747256127,8.76783795848461,8.843001833210222,0.8439654687046473,0.40411244560060733,0.8392982894573491,False
GENE1264,0.07257062256586444,6.036958061810031,6.109528684375896,0.7819352932290102,0.4392280530635493,0.8620766497812548,False
GENE1265,0.11025936711252449,8.39925047161068,8.509509838723204,1.2473583771076149,0.22010383760511995,0.6904263108627029,False
GENE1266,0.17235995316692332,10.748800343124287,10.92116029629121,1.7566906322612814,0.08724457871841065,0.41644190319050434,False
GENE1267,0.07287991823108264,8.624396054864416,8.697275973095499,0.6771180225207549,0.5025429701093485,0.8863985263153868,False
GENE1268,0.041230463343201684,7.407978383244831,7.449208846588033,0.40946956796300443,0.6845560075812115,0.9378878068599604,False
GENE1269,0.021673188526513343,7.240967052115678,7.262640240642192,0.18818445681739596,0.8517603820365598,0.970337915686737,False
GENE1270,-0.04270143158683748,7.452368502531478,7.40966707094464,-0.4293321458314722,0.6701713090485903,0.9340366676635405,False
GENE1271,0.027630432891998957,7.596341366624446,7.623971799516445,0.2733185757903222,0.7861282294405151,0.9592778882739659,False
GENE1272,0.11348320306058479,7.3684404181352905,7.481923621195875,1.2630351433609106,0.21447816759674415,0.6851353903374692,False
GENE1273,-0.10736877544957935,9.38080273627654,9.27343396082696,-1.1471284501015713,0.2586924283213746,0.7295354411315341,False
GENE1274,0.03274766965323472,5.3923701277938445,5.425117797447079,0.4091580052666702,0.684782613978997,0.9378878068599604,False
GENE1275,0.01678686351698211,9.22687709862364,9.243663962140623,0.20538138299335648,0.8383999620310745,0.9681033009580008,False
GENE1276,-0.13047531592551387,7.541914118598569,7.4114388026730555,-1.2057937447357565,0.23555155011221673,0.705244162012625,False
GENE1277,0.08608972473915344,8.533460017604707,8.61954974234386,0.8150210589199607,0.4202756572924864,0.8481597541954261,False
GENE1278,-0.001977815948656314,6.209290203331648,6.207312387382991,-0.02442070930287034,0.9806482636394829,0.9950508871923244,False
GENE1279,-0.15930451676842772,10.066394637528177,9.907090120759749,-1.7688970465861094,0.08515452292504079,0.4084149780577496,False
GENE1280,-0.03894197597549187,9.893932997051413,9.854991021075922,-0.4573767240931879,0.650074702536995,0.9321476182882317,False
GENE1281,0.043923590161679016,9.429446091105648,9.473369681267327,0.30418803662231114,0.7626889023582359,0.9592778882739659,False
GENE1282,0.24117983258389497,5.556651727626042,5.797831560209937,2.820049206084035,0.007671853410829874,0.049178547505319706,False
GENE1283,0.049498903642001935,9.1971101686943,9.246609072336302,0.5108979060646756,0.612457674403856,0.9242429872735604,False
GENE1284,-0.13436703919741433,8.682083130902772,8.547716091705357,-1.2122941475879978,0.23308426321740558,0.705244162012625,False
GENE1285,-0.01938700610963373,5.571145261030553,5.5517582549209195,-0.22048870666621537,0.8267027100564132,0.9648798357869293,False
GENE1286,-0.06863787123291143,7.9230876981616705,7.854449826928759,-0.7653481157011557,0.4489189693447012,0.8668447821569949,False
GENE1287,0.07821099802606923,8.540782379236978,8.618993377263047,0.8677167532100521,0.3911425824134439,0.8369041758137211,False
GENE1288,-0.13243699605850523,8.876107829263812,8.743670833205307,-1.178230305786178,0.24622726832987157,0.7188449865653908,False
GENE1289,0.028013481677250596,8.31743485061612,8.34544833229337,0.244642877220775,0.8080846468275606,0.9648798357869293,False
GENE1290,-0.0678063185424449,8.428953971934018,8.361147653391573,-0.7274832948008333,0.47150849065262224,0.878860187609734,False
GENE1291,0.09760187915481033,10.166457755291486,10.264059634446296,1.0257959267191572,0.3116477420967312,0.7816281344972119,False
GENE1292,0.1464720550975489,9.854463564589532,10.00093561968708,1.4798271507784415,0.14738436348453088,0.5625436905633047,False
GENE1293,0.025393454932204573,3.655103019667604,3.6804964745998086,0.347098462060012,0.7304839241663613,0.9449986082359138,False
GENE1294,0.11764972619588132,7.535748819292763,7.653398545488645,1.1745681050773005,0.24767185922631726,0.7188449865653908,False
GENE1295,-0.044318015611231054,7.780731496883641,7.73641348127241,-0.6282983215957283,0.5336679443670033,0.8964243352680059,False
GENE1296,0.21728043022761678,5.230486965083477,5.447767395311094,2.1113409672302184,0.04155922322992605,0.23582618386786572,False
GENE1297,0.11261389575090952,8.117725717099582,8.230339612850491,1.1946136333844826,0.23983996555026227,0.7128756130449942,False
GENE1298,0.08985696515557429,9.883658091678328,9.973515056833902,0.8165871651296572,0.4193911101444896,0.8481597541954261,False
GENE1299,-0.14846146673877314,6.467423578586145,6.318962111847372,-1.339282764055706,0.18864820750728678,0.6449511367770489,False
GENE1300,0.09087368581185018,8.402153625693316,8.493027311505166,0.8698279250218383,0.3900025988836019,0.8369041758137211,False
GENE1301,-0.07585553626473818,6.6347162959895085,6.55886075972477,-0.7253436543842859,0.47280417035062205,0.8804546933903576,False
GENE1302,-0.0651729137504109,6.99238671211203,6.927213798361619,-0.6835755814348052,0.49850199204087453,0.8863985263153868,False
GENE1303,-0.14527327979710236,10.303171185453419,10.157897905656316,-1.4795026051304467,0.14747064328983067,0.5625436905633047,False
GENE1304,0.0807818227680226,7.078776704483137,7.15955852725116,0.794169614266328,0.4321610468000958,0.8583791713516613,False
GENE1305,-0.030417454565343505,8.699258495710803,8.668841041145459,-0.2707144682132724,0.7881151461094394,0.9593611029938398,False
GENE1306,-0.09794099086698793,5.243439712977592,5.145498722110604,-1.133667520141222,0.2642262979793004,0.7336967839037927,False
GENE1307,0.04099725460182313,10.726661187400298,10.767658442002121,0.4275217764255518,0.6714772989595519,0.9346287805127422,False
GENE1308,0.11098488564117304,8.973344209822548,9.08432909546372,0.9713278080954807,0.337692456689923,0.8033770991118202,False
GENE1309,-0.16180781752689377,7.775504686319569,7.613696868792675,-1.5398394182463948,0.13210909934245904,0.540323514693084,False
GENE1310,-0.0220469429440886,8.894840117762113,8.872793174818025,-0.16462310934510732,0.870136729543673,0.9727632527039386,False
GENE1311,-0.03849291072285421,5.925906346152456,5.887413435429602,-0.46122307775430166,0.6473385397016025,0.9305164291565964,False
GENE1312,0.10638439368639929,9.716600220615668,9.822984614302067,1.684011485439603,0.10059896040176475,0.45830961458662756,False
GENE1313,-0.003908831329899165,7.512067664242721,7.508158832912822,-0.08516857620157424,0.9325865655814223,0.9837411029339898,False
GENE1314,-0.16226853764814386,7.717104806925221,7.554836269277077,-1.8702317300181133,0.06937888367536713,0.3468944183768356,False
GENE1315,0.01964319289408767,7.2337782353790105,7.253421428273098,0.20155411772172788,0.8413693489540691,0.9681033009580008,False
GENE1316,-0.08617941703748144,7.14345743181301,7.0572780147755285,-0.8020250097587641,0.4276598253320001,0.8578933306559681,False
GENE1317,0.0005981198667122101,9.023239705383858,9.02383782525057,0.010648363010249176,0.9915612054183623,0.997852066179067,False
GENE1318,-0.01248337642006625,8.230428438397974,8.217945061977908,-0.1259732238909818,0.9004351662284573,0.9791173361104969,False
GENE1319,0.08933851537877402,8.922710806633187,9.012049322011961,0.9391430230737723,0.3537481154315125,0.8133541576783917,False
GENE1320,-0.035782732101710124,8.056208024073209,8.020425291971499,-0.5041262223373923,0.6171615859333976,0.9242429872735604,False
GENE1321,0.09990307725661296,8.756694945455711,8.856598022712324,1.063219180513454,0.29457278078523313,0.7674675481898813,False
GENE1322,0.1379576759606822,7.302428297177538,7.44038597313822,1.4365649256329385,0.1592440130063975,0.5847133701499154,False
GENE1323,-0.04625679313062214,11.4033430369449,11.357086243814278,-0.4880526509087164,0.6283924012913813,0.9251932715113196,False
GENE1324,-0.16855510443147637,5.810311904472778,5.641756800041302,-1.704439761251127,0.09668404269931044,0.44452433424970317,False
GENE1325,-0.056820366985409265,9.873497716472881,9.816677349487472,-0.6763783503556041,0.5030069867152336,0.8863985263153868,False
GENE1326,-0.11240671427800208,10.151298374674337,10.038891660396335,-1.2718120630353786,0.21137601634278108,0.6812619847092699,False
GENE1327,-0.02338942621194029,6.685446823467203,6.662057397255262,-0.32043764357840426,0.7504393487010026,0.9566421096261551,False
GENE1328,-0.015477478110568654,11.37640646170765,11.36092898359708,-0.09968211539511654,0.9211348496629586,0.9820493934681361,False
GENE1329,0.16647028543526154,9.353454810031796,9.519925095467057,2.0436376088586146,0.04815782473393662,0.26315751220730393,False
GENE1330,0.02572615388466204,9.417598252757038,9.4433244066417,0.3064112270003003,0.7610092405274334,0.9592778882739659,False
GENE1331,0.1584783737984603,7.9360525672237445,8.094530941022205,1.5834267381357026,0.12183558730687112,0.5149809436851049,False
GENE1332,-0.017205736546549666,7.780954878335558,7.763749141789009,-0.08681255546623011,0.9312886292727953,0.9834093234137227,False
GENE1333,-0.06241220053566643,7.661422615174007,7.59901041463834,-0.5705676586348291,0.5717418371292183,0.9104169381038508,False
GENE1334,-0.029744481224151187,8.576674998723135,8.546930517498984,-0.33671763969818375,0.7382322215420642,0.9494948187036196,False
GENE1335,-0.045736293493098046,10.156020698253933,10.110284404760835,-0.5520647181769848,0.5842235180918297,0.92197476550249,False
GENE1336,-0.0889290826341238,8.292642852420876,8.203713769786752,-0.7941124397314872,0.4321939127755614,0.8583791713516613,False
GENE1337,0.02926043440624948,6.602825565530971,6.63208599993722,0.30647170757217984,0.76096356266366,0.9592778882739659,False
GENE1338,0.09172133535209426,9.161962554927978,9.253683890280072,0.974487310601283,0.33614298372346896,0.8032090411552425,False
GENE1339,-0.04056591276108357,9.357702100111105,9.317136187350021,-0.5103651395848141,0.6128271592190448,0.9242429872735604,False
GENE1340,-0.09586867813775157,9.059450976738715,8.963582298600963,-0.9006106432550551,0.373620236070365,0.8309226280451691,False
GENE1341,0.04403022324508399,9.055697444413775,9.09972766765886,0.49620144267252825,0.6226873143921082,0.9242429872735604,False
GENE1342,-0.02660563595167531,7.494345191888044,7.467739555936369,-0.19617365799535358,0.8455477487724881,0.9681033009580008,False
GENE1343,0.03797812840396553,6.648215693829698,6.686193822233664,0.3211691794470339,0.749889400467707,0.9566421096261551,False
GENE1344,0.0734953880921454,6.685310581236422,6.758805969328567,0.9374362012135795,0.3546133883711302,0.8139288260425244,False
GENE1345,0.01743528692591667,5.535979895926376,5.553415182852293,0.1812695000284065,0.8571454092875399,0.9712695855949461,False
GENE1346,-0.12076575079436047,8.399439366787906,8.278673615993545,-1.1077006328345045,0.2751403324289139,0.742529673819262,False
GENE1347,-0.06503555571800579,7.890984369491906,7.8259488137739,-0.5103581123990648,0.612832033405793,0.9242429872735604,False
GENE1348,0.1607931744731239,7.291540073978991,7.452333248452115,1.6748693758309532,0.1023930997746255,0.46318115927128967,False
GENE1349,0.139038952247446,3.4873482426695075,3.6263871949169535,1.4115533527578934,0.1664360806243239,0.5954779270995488,False
GENE1350,0.0444168429250853,6.063258092740754,6.107674935665839,0.38528194363454016,0.7022346636891792,0.9387652004410553,False
GENE1351,0.004595045930575026,9.680340478146602,9.684935524077178,0.08566127396747836,0.9321975565496605,0.9837411029339898,False
GENE1352,0.036314129737253786,7.0390938044596965,7.07540793419695,0.34817959156883005,0.7296785911934678,0.9449986082359138,False
GENE1353,0.05589159800933707,8.57336008823478,8.629251686244118,0.6014663481503763,0.5511970849875485,0.901866260874044,False
GENE1354,-0.07147926972703633,5.966809928380363,5.895330658653327,-0.6735173919971817,0.5048039607366128,0.8863985263153868,False
GENE1355,-0.1060351637352035,10.157690192551419,10.051655028816215,-1.1045948923514997,0.27646684635848146,0.742529673819262,False
GENE1356,-0.01874699857972928,7.824375558903197,7.805628560323468,-0.22364175591295626,0.8242663228359246,0.9648798357869293,False
GENE1357,-0.04321345543932864,8.487472836549788,8.44425938111046,-0.35207538048293474,0.7267791988712626,0.9438530723777527,False
GENE1358,-0.048677826308621164,11.505641195426064,11.456963369117442,-0.5152572330609488,0.6094382484292438,0.9242429872735604,False
GENE1359,0.1527063524802319,10.105766938100647,10.258473290580879,1.5891370696364429,0.1205391432560078,0.5118434957792264,False
GENE1360,-0.22190353148577646,7.62993156200871,7.408028030522933,-2.227673797301,0.032066270441814364,0.18643180489426958,False
GENE1361,-0.23543117530708368,7.229711053589921,6.994279878282837,-2.86555873501904,0.006826261348502022,0.044040395796787236,False
GENE1362,0.036240152025286854,7.440623217734189,7.476863369759476,0.48473911667757763,0.6307189058749009,0.9253589347826304,False
GENE1363,-0.12438279328802437,8.82669975109965,8.702316957811625,-1.3090120025079868,0.1986021707683077,0.662007235894359,False
GENE1364,0.03573428598296502,7.751825678997696,7.787559964980661,0.41730484540032353,0.6788670041405457,0.9378878068599604,False
GENE1365,-0.04074982760200374,7.401058310047221,7.360308482445217,-0.3941918592857551,0.6957022646278976,0.9378878068599604,False
GENE1366,0.06194581797274168,10.094459837595222,10.156405655567964,0.7505404213329406,0.45767602564966137,0.8668447821569949,False
GENE1367,0.06593903760153008,7.79077589352355,7.85671493112508,0.6919989096818994,0.49325802757433956,0.886202389312272,False
GENE1368,-0.1545349961021909,11.513706555823493,11.359171559721302,-1.7898113594246667,0.08167143406990846,0.395503312687208,False
GENE1369,0.12915583174857836,8.23067801140237,8.359833843150948,1.4322344164223115,0.16047143298488595,0.5856621641784158,False
GENE1370,-0.06745169134386764,10.727836001519991,10.660384310176124,-0.7413598214438131,0.46315507088616525,0.8730538565243455,False
GENE1371,0.012263131362763247,8.600312540570554,8.612575671933318,0.1490641255258808,0.8823125572476992,0.9755134726253284,False
GENE1372,-0.04249878382475636,9.492542805621266,9.45004402179651,-0.5451252635566992,0.588938544173932,0.9242429872735604,False
GENE1373,-0.09811564724782595,6.994843721779378,6.896728074531552,-1.175099920231914,0.24746169707184393,0.7188449865653908,False
GENE1374,0.04782820799702492,6.623412172403091,6.671240380400116,0.46079975530150846,0.647639434692991,0.9305164291565964,False
GENE1375,-0.03795973391220997,8.750400255771229,8.712440521859019,-0.41654573346990986,0.6794173509244619,0.9378878068599604,False
GENE1376,-0.02695614172064076,9.51383383651518,9.48687769479454,-0.3142818042892716,0.7550723412813678,0.9576060130391475,False
GENE1377,0.09726984377300152,7.9722277320628026,8.069497575835804,0.9193959808209149,0.3638438216230926,0.8240346666653372,False
GENE1378,0.10343015598011007,5.9758580984909235,6.079288254471034,1.1045383524294425,0.2764910375038287,0.742529673819262,False
GENE1379,0.09424268127520552,5.928218532993914,6.02246121426912,1.2905478682082225,0.20486713192581443,0.6680873783931395,False
GENE1380,0.029703450202461568,5.853237599850876,5.882941050053337,0.3373303981290453,0.7377740767398033,0.9494948187036196,False
GENE1381,0.1134292312593903,5.314831944151406,5.428261175410796,1.647273749122284,0.10797003830468266,0.4756558681417676,False
GENE1382,-0.015874864030555713,8.184722768762558,8.168847904732003,-0.19797927495965056,0.8441450178978036,0.9681033009580008,False
GENE1383,-0.054352523964071864,9.641752334205657,9.587399810241585,-0.45473241733360603,0.6519586268036056,0.93231671799706,False
GENE1384,-0.03604409980886203,7.992835913299122,7.95679181349026,-0.27399509869291944,0.7856122835853988,0.9592778882739659,False
GENE1385,0.08279727988283891,4.582563899052891,4.66536117893573,0.9881063070687209,0.32951858854012717,0.7949785006999449,False
GENE1386,-0.06058111256062659,7.6763590035470655,7.615777890986439,-0.7559794006969984,0.4544479463116827,0.8668447821569949,False
GENE1387,0.07262778128699221,7.71643791626546,7.789065697552452,0.6699796714449932,0.5070308723806941,0.8867303647463164,False
GENE1388,-0.11531178385459384,11.163121175089064,11.04780939123447,-0.9702507406588469,0.3382217587260763,0.8033770991118202,False
GENE1389,0.05989595211743737,5.742131179801237,5.802027131918674,0.6974176509419746,0.4899008977612722,0.886202389312272,False
GENE1390,0.08445561341722474,7.365875297694638,7.4503309111118625,0.8205147064540173,0.41717782669512193,0.8481597541954261,False
GENE1391,0.09903862316759593,10.492946600504109,10.591985223671704,1.2898616356504655,0.20510282516669381,0.6680873783931395,False
GENE1392,-0.10174194286140903,8.65495795653661,8.5532160136752,-0.922068120406679,0.3624668114042744,0.8237882077369872,False
GENE1393,-0.18371719848181733,8.876652240827474,8.692935042345656,-1.9880962942238463,0.054237778512036545,0.2908191877320994,False
GENE1394,0.012079937692618614,8.189070703589922,8.20115064128254,0.20240737301041317,0.8407071449983715,0.9681033009580008,False
GENE1395,-0.12068207888783178,8.585227654820297,8.464545575932465,-1.1008106198923004,0.27808929871425253,0.7425615452984046,False
GENE1396,-0.003207426918251599,9.21010793497113,9.206900508052879,-0.1003431327913236,0.9206136688069793,0.9820493934681361,False
GENE1397,0.10169937599031176,6.77052527794131,6.872224653931622,1.2143420839314985,0.2323109160139782,0.705244162012625,False
GENE1398,-0.14877573309800418,9.428501795647685,9.279726062549681,-1.5283106073104333,0.13494027275325257,0.5474250415953451,False
GENE1399,-0.012338721850889911,5.951992280911716,5.939653559060826,-0.0949033190018017,0.9249037385299063,0.982894514909571,False
GENE1400,0.06536098412689029,8.403783537263942,8.469144521390833,0.5926899188728101,0.5569940117613774,0.905681319937199,False
GENE1401,-0.0647004858849094,8.393226903638581,8.328526417753672,-0.6923690804281201,0.49302828429407364,0.886202389312272,False
GENE1402,-0.08977872112852925,7.109971245730034,7.020192524601505,-0.7027650946422055,0.4866005234461225,0.886202389312272,False
GENE1403,0.05338553314331573,7.985601700196075,8.038987233339391,0.5755857160538848,0.5683796474076469,0.9079547083189248,False
GENE1404,0.14479375165498354,6.993896816507503,7.138690568162486,1.5167105605487552,0.13783799440629999,0.5543032522575657,False
GENE1405,-0.09597788872169666,6.421234189525353,6.325256300803656,-1.0575170979305548,0.2971314799664424,0.7681477532606953,False
GENE1406,0.05387985906163273,7.379180354676708,7.433060213738341,0.5578334078773789,0.580317942004645,0.918951610458662,False
GENE1407,-0.10006056382949602,6.484703571431128,6.384643007601632,-1.1109085769414697,0.2737749202316608,0.742529673819262,False
GENE1408,-0.0038653112222899466,8.475325880621371,8.471460569399081,-0.04971859045954087,0.9606140724128938,0.9918751257253238,False
GENE1409,-0.06278537492778646,6.4007347164540676,6.337949341526281,-0.6572588416888814,0.5150825354169137,0.8896071423435471,False
GENE1410,-0.024949844849784242,9.116459767161482,9.091509922311698,-0.2680008645945181,0.7901871354387334,0.9607138424787033,False
GENE1411,0.06776740932647307,6.237158390093118,6.304925799419591,0.7581215532866632,0.4531802360630599,0.8668447821569949,False
GENE1412,0.13223414138642742,7.060370002665133,7.19260414405156,1.483972512804473,0.14628585692673488,0.5625436905633047,False
GENE1413,0.06041147842531558,6.955453440516682,7.015864918941998,0.5632385213766699,0.5766701125617391,0.9160764298041923,False
GENE1414,-0.13846702567748714,10.085562367666427,9.94709534198894,-1.54373079353474,0.13116436190276828,0.537919675449541,False
GENE1415,0.11217258324149704,8.381391617340078,8.493564200581575,1.2996075450739208,0.2017746908611335,0.6648259995424498,False
GENE1416,0.12918482890767535,7.6152941342694,7.744478963177075,1.607881545367564,0.11636231191271162,0.4992058103048083,False
GENE1417,0.020196118801944607,8.80297915014927,8.823175268951214,0.22747757162611548,0.8213047334807811,0.9648798357869293,False
GENE1418,0.14899349652211136,4.740276044374671,4.889269540896782,1.4362451566088938,0.15933439336585198,0.5847133701499154,False
GENE1419,-0.24028317006973499,8.029641427595266,7.789358257525531,-3.5977413268816067,0.0009340098657628804,0.006144801748440003,False
GENE1420,-0.10578839212151259,11.047979924385485,10.942191532263973,-1.0958281232640514,0.280235745177981,0.7463656968355676,False
GENE1421,0.06135479334631455,8.203401224738954,8.264756018085269,0.5487283198326398,0.5864881579757202,0.9228767238012907,False
GENE1422,-0.04322435504396438,8.08698235116054,8.043757996116575,-0.4309999409890403,0.6689690889419748,0.9330112816485004,False
GENE1423,-0.10346401704846997,8.931870133036313,8.828406115987843,-1.1603284820060324,0.2533474878813536,0.7226135659254419,False
GENE1424,-0.04831356763826378,9.383014241396921,9.334700673758658,-0.40064644385752773,0.6909846222538044,0.9378878068599604,False
GENE1425,-0.011841876159622622,4.9427096141115,4.9308677379518775,-0.06398683104899097,0.9493251667951492,0.9904279257122057,False
GENE1426,-0.08663758469008886,5.486283690327927,5.399646105637838,-0.8512276771713551,0.4001186034484395,0.8379447192637477,False
GENE1427,-0.053015301554589556,8.374723795793397,8.321708494238807,-0.6449151371022099,0.522961111986205,0.8958221523801596,False
GENE1428,0.07341455852904488,6.847518649752727,6.920933208281772,0.8975815857438127,0.37521235050765844,0.8309226280451691,False
GENE1429,0.09346832832953922,9.832493583913775,9.925961912243315,1.035257590644865,0.30726779231790957,0.7765445750983906,False
GENE1430,-0.00033362126407698867,7.539265711738194,7.538932090474117,-0.01612322281663933,0.9872227166021889,0.9961884123130059,False
GENE1431,0.16509589460694496,4.897828585863946,5.062924480470891,1.896241606014974,0.065757493736453,0.3346437340277506,False
GENE1432,-0.007971536082397535,6.0641577598436225,6.056186223761225,-0.14943274315284966,0.8820237448161241,0.9755134726253284,False
GENE1433,-0.1074489599861117,3.8245920959143076,3.717143135928196,-1.0083367155101035,0.31984189095685217,0.7879294819404992,False
GENE1434,0.14704032788270816,7.632738945951938,7.779779273834646,1.4374463896567076,0.1589950827252671,0.5847133701499154,False
GENE1435,-0.05644397900246023,7.77286994488374,7.71642596588128,-0.6419268200584184,0.5248780970122763,0.8958221523801596,False
GENE1436,0.05906917171822368,7.341176536060345,7.400245707778569,0.49755175745946567,0.6217442002679284,0.9242429872735604,False
GENE1437,0.0968995409616511,9.614991203498509,9.71189074446016,1.0057581159260895,0.3210644320530457,0.7879294819404992,False
GENE1438,0.06958573707075466,9.802263094298695,9.87184883136945,0.6500251016423095,0.5196917949619182,0.8937090197109513,False
GENE1439,-0.004585584434360079,7.681269765766234,7.676684181331874,0.06167491492531514,0.9511536779470071,0.9912713790135284,False
GENE1440,0.08603871462502077,4.844607990036939,4.93064670466196,0.9891661561275182,0.3290067852456222,0.7949785006999449,False
GENE1441,-0.056359583551989445,8.971830983145443,8.915471399593454,-0.6819859756700937,0.49949505585348575,0.8863985263153868,False
GENE1442,0.11089935453351707,8.772747106065118,8.883646460598635,1.0527923481133663,0.29926330706005205,0.7681477532606953,False
GENE1443,0.11626938169746026,8.412278760513802,8.528548142211262,1.1745719602969453,0.24767033525684368,0.7188449865653908,False
GENE1444,0.04636653712722527,9.481677265304736,9.528043802431961,0.6395371302118582,0.52641375756539,0.8958221523801596,False
GENE1445,0.0875485901464268,6.202589583363872,6.290138173510298,0.9417337305024145,0.3524374134409014,0.8120677729053027,False
GENE1446,0.04217482082275126,10.993851873631446,11.036026694454197,0.4837437202883084,0.6314185417517499,0.9253589347826304,False
GENE1447,0.011752963444845221,6.5253930436974645,6.53714600714231,0.15820477387660517,0.8751557520887601,0.9745609711456126,False
GENE1448,0.14686839577000477,9.081351305989367,9.228219701759372,1.6088644088114539,0.11614660644350763,0.4992058103048083,False
GENE1449,-0.21458349151340972,5.58330080089299,5.36871730937958,-2.923423865072059,0.00587674294090593,0.03803717113854971,False
GENE1450,0.044227757061316986,6.567329408483926,6.611557165545243,0.4219044394000746,0.6755361754301583,0.936533662298842,False
GENE1451,0.14778817994127103,10.215604752629911,10.363392932571182,1.6033689215363667,0.1173568894855508,0.5015251687416701,False
GENE1452,-0.11482067381906624,7.688947642457609,7.574126968638542,-1.2547769462945433,0.21742806193042852,0.687484011542216,False
GENE1453,0.057839664605424446,9.261015596045977,9.318855260651402,0.6998230500716017,0.48841476638405235,0.886202389312272,False
GENE1454,0.18231634701192334,8.240047390583586,8.422363737595509,1.7257467561623665,0.09273670896152209,0.43436397640057184,False
GENE1455,-0.08091609800761645,7.809377918988007,7.728461820980391,-0.8155920516637413,0.4199530247484847,0.8481597541954261,False
GENE1456,0.019498915364080105,10.082527685214087,10.102026600578167,0.2210490142133946,0.8262696281304832,0.9648798357869293,False
GENE1457,-0.07762285999401008,7.694726664965271,7.6171038049712605,-0.9066776163214272,0.3704444622418813,0.8309226280451691,False
GENE1458,0.013285825876486967,5.318879236540093,5.33216506241658,0.09870620513588481,0.9219043729934704,0.9823168598758342,False
GENE1459,0.016147079912068207,6.809176175461921,6.8253232553739895,0.15163978554171148,0.8802948669088174,0.9755134726253284,False
GENE1460,-0.0750704624098617,8.843216444088615,8.768145981678753,-0.8729894305932885,0.3882993962786362,0.8369041758137211,False
GENE1461,0.0683426356206489,8.602691186430063,8.671033822050711,0.7294919757833457,0.47029397161230246,0.8782333736924416,False
GENE1462,-0.08681802821396012,5.661142528066416,5.574324499852456,-0.8766502432187417,0.3863331032599121,0.8369041758137211,False
GENE1463,-0.033276971807146616,6.863655575998765,6.830378604191618,-0.35145748122557074,0.7272387922670585,0.9438530723777527,False
GENE1464,-0.04352317477949974,7.196898866839767,7.153375692060267,-0.49768051834681937,0.621654302216333,0.9242429872735604,False
GENE1465,0.05322559012670869,7.387267226765549,7.440492816892258,0.6142115114540885,0.5428341075281399,0.897797400572541,False
GENE1466,-0.048990461641635896,5.9159475633865,5.866957101744864,-0.5255315851749597,0.6023492652289412,0.9242429872735604,False
GENE1467,0.1513692285463364,7.030543385902748,7.181912614449084,1.5126753215628743,0.13885763691432212,0.5551950912919614,False
GENE1468,0.020210595036121326,6.857767142009502,6.877977737045623,0.17688582362148086,0.8605628058412033,0.9715803157724587,False
GENE1469,-0.11989068524200341,9.250587883395356,9.130697198153353,-1.3654064569950066,0.18036972074878097,0.6300026238522097,False
GENE1470,0.029859549252545747,9.161669515508974,9.19152906476152,0.26575214129954794,0.7919053338256834,0.9611370311034082,False
GENE1471,-0.051405835582801096,7.811968755813031,7.76056292023023,-0.5067447623946751,0.6153406775454969,0.9242429872735604,False
GENE1472,0.019030378050271857,7.412822393421183,7.431852771471455,0.24367302856505973,0.8088301096083612,0.9648798357869293,False
GENE1473,-0.05906163786860574,8.229715599772009,8.170653961903403,-0.7168189076850402,0.47798661973032663,0.8843721989250835,False
GENE1474,0.05114301869900295,6.677892225835933,6.729035244534936,0.5150182605870284,0.6096035907406754,0.9242429872735604,False
GENE1475,0.09223737335159221,6.263378908724378,6.35561628207597,0.9923394579666173,0.3274775996008096,0.7948485427204116,False
GENE1476,-0.048467444022556094,6.56726227929669,6.518794835274134,-0.4878118261437254,0.6285613605668101,0.9251932715113196,False
GENE1477,-0.08723748672737663,7.129325398091443,7.042087911364066,-1.0150124520910904,0.31669159436953187,0.7879294819404992,False
GENE1478,0.002543430332551111,6.1626258656377875,6.165169295970339,0.1041486067850451,0.9176139305689313,0.9816600280266081,False
GENE1479,0.024528539922748394,8.110974438389507,8.135502978312255,0.29030499312616287,0.7732038288729959,0.9592778882739659,False
GENE1480,0.09175650922125023,9.034350045125143,9.126106554346393,0.9783966474495321,0.3342323813296669,0.801516501989609,False
GENE1481,0.13780882046191145,5.439756621574309,5.577565442036221,1.1728266824524591,0.24836094285834248,0.7188449865653908,False
GENE1482,0.10711993390699703,7.987137093575804,8.0942570274828,1.1596074585901355,0.2536373616398301,0.7226135659254419,False
GENE1483,0.0638247922804922,7.664248434825048,7.72807322710554,0.7396192709578415,0.464198119642247,0.8741960821887891,False
GENE1484,-0.01687967408731339,8.47236062964846,8.455480955561146,-0.1888880574364438,0.8512128510608215,0.970337915686737,False
GENE1485,0.04186130985533065,7.918094082329465,7.959955392184796,0.5299959809900668,0.5992810672794173,0.9242429872735604,False
GENE1486,0.10155165852329073,5.744097300004564,5.845648958527855,1.1602055786394414,0.2533968818578852,0.7226135659254419,False
GENE1487,-0.11000384600863455,6.176079830339129,6.066075984330494,-1.4130149609896772,0.16600891513379035,0.5954035164673743,False
GENE1488,0.0369807936741422,7.953982452176916,7.990963245851058,0.44422081681384923,0.6594703580143346,0.9330112816485004,False
GENE1489,-0.008936204185442165,9.633386928295597,9.624450724110154,-0.12743371316417948,0.8992872112478235,0.9791173361104969,False
GENE1490,-0.07150821373860694,4.726716389392717,4.65520817565411,-0.8262531323648427,0.4139569737705687,0.8456730822687819,False
GENE1491,-0.044350198639127925,8.631075017272304,8.586724818633176,-0.4049589351714775,0.6878395640310078,0.9378878068599604,False
GENE1492,-0.01820596969759869,9.758755364700793,9.740549395003194,-0.19678534523694186,0.8450724895604544,0.9681033009580008,False
GENE1493,0.06505726273647561,7.803047384141716,7.868104646878192,0.7586406727828965,0.4528733380116562,0.8668447821569949,False
GENE1494,-0.12305966496448484,8.876867194056738,8.753807529092253,-1.0602761039664148,0.2958915038908483,0.7681477532606953,False
GENE1495,-0.07127816436337131,7.0168339421216315,6.94555577775826,-0.7011493582871015,0.4875964147396282,0.886202389312272,False
GENE1496,-0.07266694667136164,7.786242646042979,7.713575699371617,-0.687519804395863,0.4960426707807598,0.886202389312272,False
GENE1497,0.1114777599447585,5.514812861920623,5.626290621865381,1.2344623526868108,0.22481365606943104,0.6981790561162454,False
GENE1498,0.15175967660119483,4.433615188239822,4.585374864841016,1.502879194964881,0.1413581288706086,0.5590358297312106,False
GENE1499,0.09095721923984534,9.379380959825808,9.470338179065653,0.9357161958397404,0.3554867508492304,0.8144026365389013,False
GENE1500,0.20255593181688702,6.420979179096863,6.62353511091375,2.148416817217349,0.03829438647677695,0.2207169249381957,False
GENE1501,0.02334885116682983,7.242336405504238,7.265685256671068,0.39028767520164787,0.6985618015480177,0.9378878068599604,False
GENE1502,-0.024023983349233724,5.9757124853912895,5.951688502042056,-0.18889298257891077,0.8512090186549496,0.970337915686737,False
GENE1503,0.026550989180323725,5.9432702764068,5.9698212655871234,0.28160557227092253,0.7798150100593375,0.9592778882739659,False
GENE1504,-0.14829935075201384,7.764125976758471,7.6158266260064575,-1.8830721579933167,0.06757031605871289,0.34126422251875194,False
GENE1505,-0.16344108895102938,6.962057825260473,6.798616736309444,-1.620042946812493,0.11371623504928237,0.49251350966351903,False
GENE1506,0.024820113996826265,8.549128542449477,8.573948656446303,0.16659195737390944,0.8685982065883927,0.9727632527039386,False
GENE1507,0.007750243235690846,8.602236180957904,8.609986424193595,0.09180160761872083,0.9273509072765911,0.9834093234137227,False
GENE1508,-0.13892108529103275,8.52675249493429,8.387831409643256,-1.2631094876857318,0.21445174828328525,0.6851353903374692,False
GENE1509,0.012906949344730023,8.390476690166055,8.403383639510785,0.1378510072932887,0.8911056509819018,0.9763322458473734,False
GENE1510,0.08571718579364074,10.365514049451301,10.451231235244942,0.7726025109679385,0.44466518957192225,0.864580415984548,False
GENE1511,0.03891531009981808,6.359273764119048,6.398189074218866,0.40138806806498173,0.6904433655314166,0.9378878068599604,False
GENE1512,-0.035148863137054676,7.884506028272168,7.849357165135113,-0.4069743505973585,0.6863716619361394,0.9378878068599604,False
GENE1513,0.07915344261990853,9.696728463796008,9.775881906415917,0.8980966462731912,0.37494132008921877,0.8309226280451691,False
GENE1514,-0.11678521279468335,9.897111753842871,9.780326541048188,-1.2059684792973002,0.23548497734292642,0.705244162012625,False
GENE1515,-0.02213576718601118,5.816555586555209,5.794419819369198,-0.1721975192984741,0.864220690879602,0.9715803157724587,False
GENE1516,0.04782980226814715,7.502138999937467,7.549968802205614,0.5803847071879191,0.5651734688763755,0.9079547083189248,False
GENE1517,-0.10926601176869255,10.06266144894272,9.953395437174027,-1.271368871101538,0.21153184625222832,0.6812619847092699,False
GENE1518,0.08017820949013377,8.817387255624295,8.897565465114429,1.0286455701566193,0.3103241111033532,0.7797088218677215,False
GENE1519,-0.18186284519040719,8.432299997260333,8.250437152069926,-1.651370139059006,0.10712668338610426,0.4743122543461135,False
GENE1520,0.16363178587062865,7.535409893276115,7.6990416791467435,2.3392440853161713,0.024830648052374667,0.14780147650223016,False
GENE1521,-0.0010950288949400644,7.446893963118725,7.445798934223785,0.020199749247260056,0.983992568830209,0.9959851095900747,False
GENE1522,-0.15218225974776445,8.433363801383194,8.28118154163543,-1.3291935018202516,0.19192244862381422,0.6483866507561291,False
GENE1523,-0.10015389568141853,7.63322790910447,7.533074013423051,-1.0066503567951997,0.32064105223750894,0.7879294819404992,False
GENE1524,-0.07747868907897892,7.985095248696386,7.9076165596174075,-0.8579621423103377,0.39643714699084875,0.8378254850832239,False
GENE1525,-0.04164865920113492,8.174692209158234,8.1330435499571,-0.3556345892955009,0.7241338569508974,0.9438530723777527,False
GENE1526,-0.055488946350386925,7.030664593576377,6.97517564722599,-0.48765866332159546,0.6286688279919417,0.9251932715113196,False
GENE1527,-0.062001230748412794,8.846957458727058,8.784956227978645,-0.48121310939584555,0.6331987836449766,0.9253589347826304,False
GENE1528,-0.006155210710259595,12.395581714801233,12.389426504090974,-0.11003222168595173,0.9129784755783245,0.9813630023550198,False
GENE1529,0.03188143825103751,5.277758091256581,5.309639529507619,0.25379804197304606,0.8010566653718133,0.9621964460851374,False
GENE1530,0.026185427958077767,8.547662946856336,8.573848374814414,0.24754309108799188,0.8058565160856556,0.9648798357869293,False
GENE1531,0.0947407043809223,6.730370624664232,6.825111329045154,1.1072042208654667,0.27535205415099645,0.742529673819262,False
GENE1532,-0.20267590723906181,8.94453279070375,8.741856883464688,-1.9749243299398784,0.05577392851685527,0.2966698325364642,False
GENE1533,0.16356898818640353,8.054852395498596,8.218421383685,1.6744141339939738,0.10248312934702086,0.46318115927128967,False
GENE1534,0.013614614901513278,9.008437830511756,9.02205244541327,0.19018874131977387,0.8502008760167616,0.970337915686737,False
GENE1535,0.040841617711350864,9.713778904616726,9.754620522328077,0.4216655079115737,0.6757090373486145,0.936533662298842,False
GENE1536,0.03542193015787909,8.239153591500532,8.274575521658411,0.3770392637688137,0.7082983437327761,0.9387652004410553,False
GENE1537,0.06232792994635794,9.669975481713319,9.732303411659677,0.7009078037550663,0.48774540003270517,0.886202389312272,False
GENE1538,-0.11450382812395432,4.523165753345805,4.408661925221851,-1.2598406819485242,0.21561567350474328,0.6866741194418576,False
GENE1539,0.05348438303430392,10.340481622340615,10.393966005374919,0.5390046394338388,0.5931123310069004,0.9242429872735604,False
GENE1540,0.041919972346081025,8.557630696578459,8.59955066892454,0.44594411778152854,0.6582363846030028,0.9330112816485004,False
GENE1541,0.13795268922523363,9.63165068387799,9.769603373103223,1.5463660338900258,0.13052768745248786,0.537919675449541,False
GENE1542,0.0503750390283475,6.121419389448109,6.171794428476456,0.4240588055802651,0.6739783419560204,0.9360810304944728,False
GENE1543,-0.05761860237280114,6.768076765650744,6.710458163277943,-0.6630814651582454,0.5113885391819717,0.8893713724903857,False
GENE1544,0.17846008138447367,8.21897825170122,8.397438333085693,1.7837520319844304,0.08266796531103815,0.39839983282428026,False
GENE1545,-0.0676934621183447,7.963629454305973,7.895935992187629,-0.5414036551174889,0.5914747090756509,0.9242429872735604,False
GENE1546,0.029346827637850126,8.369969336098581,8.399316163736431,0.2804895099272996,0.7806643815391796,0.9592778882739659,False
GENE1547,0.06126754723490002,9.591167521381063,9.652435068615963,0.5764480948148314,0.567802830319986,0.9079547083189248,False
GENE1548,-0.04741508448469389,5.411734336691021,5.364319252206327,-0.5820095315111318,0.5640899872585623,0.9076266890725057,False
GENE1549,-0.11061618947251262,9.554143735326582,9.443527545854069,-1.101443506543439,0.27781748882591156,0.7425615452984046,False
GENE1550,-0.08061169160740711,8.015246403558951,7.934634711951544,-0.7639745386565499,0.44972709625077667,0.8668447821569949,False
GENE1551,-0.026538940707787617,7.694898164686651,7.668359223978864,-0.2348744286106541,0.8156012214971813,0.9648798357869293,False
GENE1552,0.11493178516310465,5.768502307784093,5.883434092947198,1.557344032521324,0.12790221011444755,0.5318179214737944,False
GENE1553,0.09318842614742273,8.688724423271143,8.781912849418566,0.8524277672316659,0.399461001125056,0.8379059200888683,False
GENE1554,-0.019778287771810454,4.487945904327999,4.4681676165561885,-0.20603472290744565,0.8378933057075789,0.9681033009580008,False
GENE1555,-0.12358967550325062,9.0855819823058,8.96199230680255,-1.160447391626606,0.2532997056058835,0.7226135659254419,False
GENE1556,-0.12098960304559636,5.895769384958201,5.7747797819126045,-1.1677426717149237,0.25038067841532985,0.7215427626245803,False
GENE1557,-0.06024655123830769,8.113887378733883,8.053640827495576,-0.7925511516209788,0.4330919795344431,0.8592927140063767,False
GENE1558,-0.017904067942704494,7.790550325320557,7.772646257377852,-0.14871407153051136,0.88258684012762,0.9755134726253284,False
GENE1559,0.21681698338333,9.560971454619082,9.777788438002412,2.6940168232449837,0.010550269965457026,0.06552962711463992,False
GENE1560,0.16929269113410594,7.699881255792164,7.86917394692627,1.6891699607263975,0.09959816930055292,0.4558042749726384,False
GENE1561,0.17511459534680007,6.886350263940718,7.061464859287518,1.6698218716858038,0.10339497537860555,0.4638552758182288,False
GENE1562,-0.07891815786636336,7.290379717293867,7.211461559427503,-0.6861700852441868,0.49688349514625774,0.886202389312272,False
GENE1563,-0.010933109906462235,9.932461942049926,9.921528832143464,-0.09124051125141341,0.9277936746925,0.9834093234137227,False
GENE1564,0.13287957080679114,8.723068715458634,8.855948286265425,1.220062156414716,0.2301609312773802,0.7027814695492525,False
GENE1565,0.054731595758156004,7.401060702922574,7.45579229868073,0.5218271529828751,0.6049007504642907,0.9242429872735604,False
GENE1566,-0.12737425123476243,7.634559600340973,7.50718534910621,-1.4695450380961026,0.15013742340977768,0.5654893537091438,False
GENE1567,-0.06711117377132414,5.654159729291431,5.587048555520107,-0.6932983695949001,0.49245179204898826,0.886202389312272,False
GENE1568,0.10989951622165606,8.536151763771663,8.64605127999332,1.1945031099523742,0.23988264378964058,0.7128756130449942,False
GENE1569,0.10212194478227143,5.340685199693977,5.442807144476248,1.056883780984334,0.2974166203258616,0.7681477532606953,False
GENE1570,-0.14590419235408447,9.172136600576476,9.026232408222391,-1.5112918885596192,0.13920859775674038,0.5551950912919614,False
GENE1571,0.09303384954985461,8.150746799495293,8.243780649045148,1.0585066000747385,0.2966863541394904,0.7681477532606953,False
GENE1572,0.07749273276379043,11.575247644406465,11.652740377170256,0.6936875014095879,0.4922105027045547,0.886202389312272,False
GENE1573,0.013199791182030296,6.22773048056891,6.2409302717509405,0.21310013494470803,0.8324186869351572,0.9662433974871238,False
GENE1574,-0.004660057806795237,7.911501642275833,7.906841584469038,-0.03926787164817834,0.9688879416366134,0.9926681589474959,False
GENE1575,-0.018093672275583117,10.758902284903836,10.740808612628253,-0.204310026900253,0.8392309351484892,0.9681033009580008,False
GENE1576,0.17331237637834818,9.687342367188533,9.860654743566881,1.6215644551963995,0.11338868361839685,0.49251350966351903,False
GENE1577,-0.04149340934798307,6.982795132028494,6.941301722680511,-0.5371137938476538,0.5944045866027192,0.9242429872735604,False
GENE1578,-0.058681993785851816,8.39701573032393,8.338333736538079,-0.589016306815016,0.5594296207819013,0.9063663840872389,False
GENE1579,-0.14442261266861056,8.056789442213564,7.912366829544953,-1.5813583491633296,0.12230797412521242,0.5149809436851049,False
GENE1580,-0.004160557751417215,8.387886016276356,8.383725458524939,-0.08696839752420567,0.9311656003898409,0.9834093234137227,False
GENE1581,-0.09857531906293548,6.9641955208963395,6.865620201833404,-0.9622244136103342,0.3421835826062598,0.8068934096577174,False
GENE1582,0.044541419151528316,7.8834022855090025,7.927943704660531,0.4331384278665871,0.6674288655619669,0.9330112816485004,False
GENE1583,0.07756301324131964,5.498579789397894,5.576142802639214,0.7682410815671407,0.44721973773864765,0.8668447821569949,False
GENE1584,0.10308477158994123,8.133933590780202,8.237018362370144,0.9847676343163674,0.3311343481733111,0.7959960292627671,False
GENE1585,0.022435986024268217,8.621116527824169,8.643552513848437,0.26422667555039414,0.7930715074264325,0.9612548352131739,False
GENE1586,0.012529315474232305,7.6499945974323165,7.662523912906549,0.15256024910889232,0.8795740003983251,0.9755134726253284,False
GENE1587,0.18485871798862696,5.510456073792922,5.6953147917815485,1.8069783439145335,0.07890304607292929,0.3838345070679702,False
GENE1588,-0.0073334384929673035,9.498503534340689,9.491170095847721,-0.008269508093306923,0.9934463900617436,0.997852066179067,False
GENE1589,-0.037851209607884684,8.536264064519367,8.498412854911482,-0.39039444495628445,0.6984835408145964,0.9378878068599604,False
GENE1590,-0.0709276758077948,6.910440900079479,6.839513224271684,-0.7779058415852095,0.4415706603749674,0.8641304508316388,False
GENE1591,0.012520521947728014,7.517232820349443,7.529753342297171,0.16156183186696632,0.8725299274578059,0.9730216165105552,False
GENE1592,0.023350058623015535,5.719582343669106,5.742932402292121,0.2334330131237493,0.8167118701046272,0.9648798357869293,False
GENE1593,0.0009388421984013462,6.51617616067629,6.517115002874691,0.018262884792149044,0.985527265939379,0.9959851095900747,False
GENE1594,0.13639466120620813,7.118824807019112,7.25521946822532,1.2524182079427226,0.21827617366465357,0.687484011542216,False
GENE1595,0.13681450643997906,9.783592561493178,9.920407067933157,1.3609691078408581,0.1817557569813625,0.6300026238522097,False
GENE1596,-0.06532280790159817,7.0382730881369735,6.972950280235375,-0.6482829628733212,0.5208051679094836,0.8948542403943018,False
GENE1597,-0.005248215592123628,8.963709886253335,8.958461670661212,-0.024936903995748633,0.9802393009379127,0.9950508871923244,False
GENE1598,0.05345472042348032,7.199931973564508,7.253386693987989,0.6579998618468271,0.5146116164868002,0.8895619991128785,False
GENE1599,0.10510589516419522,8.299448305964905,8.4045542011291,1.0036629428589499,0.32206011256052647,0.7879294819404992,False
GENE1600,-0.05001351830598466,7.789248353810882,7.739234835504897,-0.49661507956545925,0.6223983451800257,0.9242429872735604,False
GENE1601,-0.022544719998668583,9.36408782796327,9.341543107964602,-0.2953559661022773,0.7693731197359268,0.9592778882739659,False
GENE1602,0.046703900734883064,7.245471345582028,7.292175246316911,0.4334061293079936,0.6672361588294735,0.9330112816485004,False
GENE1603,0.03811207177069509,5.535394397123235,5.57350646889393,0.290132513061538,0.7733347417268714,0.9592778882739659,False
GENE1604,-0.07374302253163378,5.913217262592385,5.839474240060751,-0.6410604181797777,0.5254345874705897,0.8958221523801596,False
GENE1605,0.01699097937334937,7.179940226749629,7.196931206122978,0.19001751249495116,0.8503340830581948,0.970337915686737,False
GENE1606,-0.019281573807385044,6.14934869250827,6.130067118700885,-0.2853955192895376,0.7769327447277107,0.9592778882739659,False
GENE1607,-0.022811742135104396,8.617468071705826,8.594656329570721,-0.2164879081066244,0.8297966587767591,0.9648798357869293,False
GENE1608,-0.15808209624642888,7.340506779686142,7.182424683439713,-1.6238917792296894,0.11288915262951457,0.49251350966351903,False
GENE1609,0.02188747400554547,11.533575033474229,11.555462507479774,0.25398124477844164,0.8009161981421324,0.9621964460851374,False
GENE1610,-0.08790506135203291,5.376663719044665,5.288758657692632,-1.011265296338845,0.3184572685017682,0.7879294819404992,False
GENE1611,-0.04462009609749451,8.366090016131496,8.321469920034001,-0.5300608504944314,0.599236539473945,0.9242429872735604,False
GENE1612,-0.15188929536092832,6.402350161859877,6.2504608664989485,-1.4126428658133006,0.16611758109439745,0.5954035164673743,False
GENE1613,-0.015947429049692374,7.2723391288915575,7.256391699841865,-0.1889843725622149,0.851137905942673,0.970337915686737,False
GENE1614,-0.014946299321904277,8.159493231432524,8.14454693211062,-0.07460452304136508,0.9409312781089577,0.9878543602193781,False
GENE1615,0.1744203049297104,4.440119561954201,4.614539866883911,1.9704468517747324,0.056304626838636636,0.29869828561610945,False
GENE1616,0.06817380970294984,8.36099825971743,8.42917206942038,0.7208084939374716,0.47555721422355146,0.8822953881698542,False
GENE1617,0.18520362089403442,10.838537430708868,11.023741051602903,1.835021762144831,0.07455172937855045,0.37090412626144503,False
GENE1618,0.03711952664362883,7.227413852039142,7.264533378682771,0.4387616084394684,0.6633857952038371,0.9330112816485004,False
GENE1619,0.021560491332563103,8.472649446940064,8.494209938272627,0.211995109548122,0.8332743628257945,0.9666755949255157,False
GENE1620,-0.15381066602711435,9.588544154537036,9.434733488509922,-1.6962165855938849,0.09824443218295861,0.45066253294935144,False
GENE1621,0.17995315652471167,7.610286611640416,7.790239768165128,1.4795539570916383,0.14745698879901212,0.5625436905633047,False
GENE1622,0.002043761762818619,7.186982448539422,7.189026210302241,0.027196925708752304,0.9784488312269564,0.9950508871923244,False
GENE1623,0.044651101375326796,4.55817281670233,4.6028239180776565,0.42516563721538,0.6731785511912822,0.9356199460615457,False
GENE1624,0.052667513334354155,8.86225893893121,8.914926452265565,0.49269908560991127,0.6251365038620649,0.9247581418077883,False
GENE1625,-0.02410835686173396,7.813014280264602,7.788905923402868,-0.25253703610327666,0.8020236988159706,0.9621964460851374,False
GENE1626,-0.01803902570114424,6.466036565328359,6.447997539627215,-0.23761535316822016,0.8134903323354843,0.9648798357869293,False
GENE1627,-0.15280459376570832,8.302766364979046,8.149961771213338,-1.4240768368336358,0.16280378180276864,0.5898687746477124,False
GENE1628,0.028718036892733778,7.0882940513151755,7.117012088207909,0.2786017415231884,0.7821016743925935,0.9592778882739659,False
GENE1629,-0.009290790316661024,7.151573609514282,7.142282819197621,-0.11696748750736644,0.9075184360690833,0.9813630023550198,False
GENE1630,-0.07610088716827157,9.007615160682088,8.931514273513816,-0.7518055141677178,0.4569239889462041,0.8668447821569949,False
GENE1631,-0.009247313646975286,5.936632165116362,5.9273848514693865,-0.08838163183685026,0.9300500068089679,0.9834093234137227,False
GENE1632,0.02104206780359341,9.61522488767917,9.636266955482764,0.2175674579075621,0.8289615346057388,0.9648798357869293,False
GENE1633,-0.017977114565104202,5.902879952347118,5.884902837782014,-0.2252909006580706,0.822992715145907,0.9648798357869293,False
GENE1634,-0.08086917336334576,7.11681525461344,7.035946081250094,-0.7726339691840777,0.4446467955969947,0.864580415984548,False
GENE1635,-0.014631274445930487,10.896056277211958,10.881425002766028,-0.17456391127599874,0.8623740125886622,0.9715803157724587,False
GENE1636,0.024613629218944055,9.76062723511605,9.785240864334995,0.19543429571438067,0.8461222850372927,0.9681033009580008,False
GENE1637,-0.058166541992511256,8.225314122462681,8.16714758047017,-0.7942318426618872,0.4321252773966566,0.8583791713516613,False
GENE1638,0.05797599820590715,6.530433464262361,6.5884094624682685,0.6595205740801529,0.513645932576013,0.8895619991128785,False
GENE1639,-0.08874381059558711,7.2242722455253645,7.135528434929777,-0.7420161936484735,0.4627620842068607,0.8730538565243455,False
GENE1640,0.013297478836243215,8.112279675012545,8.125577153848788,0.2004042236097048,0.8422619564526551,0.9681033009580008,False
GENE1641,0.09551764605267454,7.971848867476514,8.067366513529189,1.17806696766259,0.24629156740495417,0.7188449865653908,False
GENE1642,-0.06248338469985448,7.908018577606247,7.845535192906392,-0.522514873375507,0.6044266911161844,0.9242429872735604,False
GENE1643,-0.001094915687204434,7.88827333657247,7.887178420885266,-0.04953154826757084,0.9607621183138383,0.9918751257253238,False
GENE1644,-0.0036098160260840118,7.665920598097864,7.66231078207178,-0.014810455982050188,0.9882629725558865,0.9966260422592136,False
GENE1645,0.08576782989246468,5.8778453724091495,5.963613202301614,0.8848104563875926,0.38197291525378063,0.8340019983707,False
GENE1646,-0.23763047913177182,7.346959303914323,7.109328824782551,-2.380742841816796,0.022539222518885953,0.13537070581913485,False
GENE1647,-0.1566988194012051,9.482707429008915,9.32600860960771,-1.4971320040979104,0.14284180131258167,0.5612284401019477,False
GENE1648,0.04919495701187593,5.909619269169925,5.958814226181801,0.4771484169969001,0.6360628562846564,0.9253589347826304,False
GENE1649,-0.006398618661710209,7.664514222327732,7.658115603666022,-0.03517762089661923,0.9721272077558791,0.9929797832031452,False
GENE1650,0.09923230329848742,6.7270965910420015,6.826328894340489,0.9016752705248323,0.37306168844829946,0.8309226280451691,False
GENE1651,0.08359045926260755,8.164282013568897,8.247872472831505,0.8952899984738666,0.376419735410521,0.8309226280451691,False
GENE1652,0.20827040068779468,7.283120932080065,7.49139133276786,1.8832757522855492,0.0675419680856447,0.34126422251875194,False
GENE1653,0.17521310173952998,10.14194582903891,10.31715893077844,1.9364076379449247,0.060484066194229,0.3175016598122257,False
GENE1654,-0.09511392579021916,8.792451645192092,8.697337719401872,-0.8222120490185957,0.4162235471561916,0.8481597541954261,False
GENE1655,-0.029626316025243682,6.002931887068614,5.973305571043371,-0.30667130950785676,0.7608128197481012,0.9592778882739659,False
GENE1656,0.1202383049418998,8.881571252802328,9.001809557744227,1.2353876724977277,0.22447323863006868,0.6981790561162454,False
GENE1657,-0.12308454102455979,6.8597506674315,6.7366661264069405,-1.5107196806178083,0.1393539679142823,0.5551950912919614,False
GENE1658,-0.061619857662295274,7.200329595525888,7.138709737863593,-0.7904295047571219,0.43431416930623046,0.8596192243975825,False
GENE1659,-0.005740599376578004,8.50047352430112,8.494732924924541,-0.059477930004659604,0.9528915374593092,0.9915624739430897,False
GENE1660,0.07096071209979726,7.217359974252611,7.288320686352408,0.8385013853404626,0.40713372488856037,0.8392982894573491,False
GENE1661,0.03278705422086503,9.275612099752422,9.308399153973287,0.34178318079363373,0.7344477595226109,0.9482863260459792,False
GENE1662,-0.037890352132403216,6.847907192443314,6.810016840310911,-0.4094710378394328,0.6845549385778051,0.9378878068599604,False
GENE1663,-0.14105286855457955,7.242888239454132,7.101835370899552,-1.3614127760469688,0.18161680514982134,0.6300026238522097,False
GENE1664,0.042943099018035724,6.9515819771183605,6.994525076136396,0.43557801980747307,0.6656735539769398,0.9330112816485004,False
GENE1665,-0.05638605654406703,7.114280366180308,7.057894309636241,-0.6744039188879875,0.5042467549463742,0.8863985263153868,False
GENE1666,0.10333168311705876,9.601390494042834,9.704722177159892,0.9462711904125201,0.35014952086650386,0.8100146909224892,False
GENE1667,-0.022938787292059004,8.944176343571174,8.921237556279115,-0.20198424288718558,0.8410355179465778,0.9681033009580008,False
GENE1668,0.10678887232430512,10.513847814081629,10.620636686405934,1.208617175009308,0.23447753789610076,0.705244162012625,False
GENE1669,0.2203685780066369,11.310935820902765,11.531304398909402,2.6894391267142037,0.01067160696920714,0.06587411709387123,False
GENE1670,0.02332178341321267,6.468043988787665,6.4913657722008775,0.31502282321469544,0.754514147713711,0.9575052635960798,False
GENE1671,-0.020583668554346346,8.056037737289621,8.035454068735275,-0.16510284771752706,0.8697617987235825,0.9727632527039386,False
GENE1672,0.1317357359108149,6.190660775438047,6.322396511348862,1.3327711630831123,0.1907564562168749,0.647729902264431,False
GENE1673,-0.18038307568774314,6.953209582602293,6.77282650691455,-1.822182638543457,0.0765179138363394,0.37488097681030436,False
GENE1674,0.11233201792258907,7.077371004217168,7.189703022139757,1.1650439273784718,0.2514576527746662,0.7215427626245803,False
GENE1675,-0.15276099801548249,6.436508486557351,6.283747488541868,-1.9051615330956941,0.06455347035494274,0.33019677930917,False
GENE1676,-0.0624679868639495,6.409822208921872,6.347354222057922,-0.6171858420756717,0.5408919552713465,0.897797400572541,False
GENE1677,-0.145992048931193,7.883205255959787,7.737213207028594,-1.3448306741699836,0.18686612230522967,0.6410501622820916,False
GENE1678,-0.08722411674274966,6.171084834105352,6.083860717362603,-1.0692415970695555,0.29188707327842234,0.7641022860691684,False
GENE1679,-0.03062503625263524,9.29172824831691,9.261103212064274,-0.3191128274302435,0.7514356444042077,0.9566421096261551,False
GENE1680,-0.14203771680577137,6.656206393367521,6.5141686765617495,-1.6545393002977784,0.10647795719596301,0.47428934163012476,False
GENE1681,0.10818806743758813,12.240329301889059,12.348517369326647,1.3313708824001766,0.191212172378702,0.6481768555210238,False
GENE1682,0.07681448054303175,7.193191768921599,7.270006249464631,1.0139720221242587,0.31718117722486583,0.7879294819404992,False
GENE1683,-0.04752255108016534,8.137812814572165,8.090290263492,-0.5273746652094867,0.6010816981831228,0.9242429872735604,False
GENE1684,0.11657325067059432,6.020912001929883,6.137485252600477,1.4301720932390058,0.16105857888213876,0.5865501967177819,False
GENE1685,0.10737469520957177,10.56169955459399,10.669074249803561,1.194988174113456,0.23969537938216628,0.7128756130449942,False
GENE1686,0.046661375687810036,9.722869374240977,9.769530749928787,0.5197947292027731,0.6063027539042394,0.9242429872735604,False
GENE1687,-0.09607524018380076,8.451660718464215,8.355585478280414,-0.9076983473126178,0.3699118774704201,0.8309226280451691,False
GENE1688,-0.04718536571727938,6.063991705680927,6.016806339963647,-0.4121638476697148,0.6825976335528137,0.9378878068599604,False
GENE1689,-0.093649125854121,8.313753957647688,8.220104831793567,-1.0011655043010836,0.32324969776486334,0.7893765513183476,False
GENE1690,0.15612731744974884,6.264518933720965,6.420646251170714,1.7050649898070165,0.09656625106457287,0.44452433424970317,False
GENE1691,0.1501619042213509,10.130181141162286,10.280343045383637,1.5320062059919886,0.1340274621350279,0.5448270818497069,False
GENE1692,-0.01746327505290779,9.158751511580855,9.141288236527947,-0.10972068156601104,0.9132238492604576,0.9813630023550198,False
GENE1693,-0.05828757099572712,8.267450812771074,8.209163241775347,-0.6857715287146351,0.4971319320354637,0.886202389312272,False
GENE1694,-0.1219043394825654,4.33813656689888,4.216232227416315,-1.047168476790659,0.3018146401587806,0.7681477532606953,False
GENE1695,-0.10262803450568114,6.525270194918226,6.422642160412545,-1.0545810339339197,0.29845499799589126,0.7681477532606953,False
GENE1696,-0.11292305995033836,9.050591412705852,8.937668352755514,-1.4043602934784631,0.1685508481348194,0.5998250823303182,False
GENE1697,0.03326213008723755,9.808200334092822,9.84146246418006,0.4422663885560585,0.660870998765928,0.9330112816485004,False
GENE1698,-0.03133907157450366,9.680024739398597,9.648685667824093,-0.22128236316723213,0.8260892805207974,0.9648798357869293,False
GENE1699,-0.014002644196310143,5.615457307650525,5.601454663454215,-0.17882075732995562,0.8590540441975508,0.9715803157724587,False
GENE1700,-0.15209742433025397,8.531366585847284,8.37926916151703,-1.619877836390163,0.11375182674530616,0.49251350966351903,False
GENE1701,0.0364150906070293,9.478626560850833,9.515041651457862,0.4071610022969663,0.6862357787345995,0.9378878068599604,False
GENE1702,-0.019135701081321344,5.553648576529503,5.534512875448182,-0.3311869862732495,0.7423717194925559,0.9523691077518357,False
GENE1703,0.032444069493692496,7.937663372403696,7.9701074418973885,0.2770975596256366,0.7832474704270005,0.9592778882739659,False
GENE1704,0.1520508900351718,8.315863283870259,8.46791417390543,1.3789415867723567,0.17619239777948986,0.6203957668291897,False
GENE1705,0.1743067433271399,7.4985483431703965,7.6728550864975364,1.8243168050803054,0.07618806898950939,0.37488097681030436,False
GENE1706,0.1186924398310989,5.162336075096609,5.281028514927708,1.108924469648018,0.27461885524918084,0.742529673819262,False
GENE1707,-0.11961946988535566,7.548472515110528,7.428853045225172,-1.4399252411072374,0.1582966843199855,0.5847133701499154,False
GENE1708,-0.10547398964134569,7.605472034732959,7.499998045091614,-0.960719783441508,0.34292969910452986,0.8068934096577174,False
GENE1709,0.118373121400003,7.6667512893527885,7.7851244107527915,1.2959843530125452,0.20300715885384088,0.665985001457252,False
GENE1710,-0.16699606738173767,7.196383175410905,7.029387108029168,-1.7274098889580696,0.09243434406211586,0.43401498065689037,False
GENE1711,0.003503721442066343,7.311547564752861,7.315051286194928,0.08317648424741561,0.9341595897069555,0.9845359415419833,False
GENE1712,0.08788327319487621,7.933499860141977,8.021383133336853,0.8003319806429141,0.42862753888193317,0.8582889611647848,False
GENE1713,-0.11321461218443041,8.69767760099102,8.584462988806589,-1.3635604887041428,0.18094532566427418,0.6300026238522097,False
GENE1714,0.030928935821299852,7.5152708826674965,7.546199818488796,0.35078694375645736,0.7277376535562625,0.9438880072065662,False
GENE1715,-7.166201161101782e-05,7.4062309944163855,7.4061593324047745,0.023825069093362246,0.9811201747716318,0.9950508871923244,False
GENE1716,0.013688375202058012,8.055255011436223,8.068943386638281,0.25195280752997173,0.8024718360350046,0.9621964460851374,False
GENE1717,0.0671387848649907,5.0332164394490935,5.100355224314084,0.6470642758495473,0.5215847708462469,0.8954244993068615,False
GENE1718,-0.07011930143321621,8.846274028012978,8.776154726579762,-0.6904053247622439,0.49424775355808304,0.886202389312272,False
GENE1719,0.039782535367817395,7.980203222303241,8.019985757671058,0.41055293624377925,0.68376828019243,0.9378878068599604,False
GENE1720,0.11950774630878769,7.977735725865907,8.097243472174695,1.3352373055057152,0.18995588351305098,0.6461084473233027,False
GENE1721,0.14248361132743348,9.296432268014929,9.438915879342362,1.5245777875289515,0.13586734683179089,0.548958977098145,False
GENE1722,-0.08164807576801092,5.164243742837471,5.08259566706946,-0.8975716042878699,0.3752176041019947,0.8309226280451691,False
GENE1723,0.01618774398690359,5.04528049979348,5.061468243780384,0.11696995925011174,0.9075164908944687,0.9813630023550198,False
GENE1724,-0.042098833105518096,8.452601802828381,8.410502969722863,-0.5494443137043672,0.5860018074901707,0.922837492110505,False
GENE1725,-0.008005859048697772,8.019397535222742,8.011391676174044,-0.1304732442838832,0.8968988241270819,0.9786288602871728,False
GENE1726,0.055453688349322405,8.236778679390286,8.292232367739608,0.7064193307231706,0.48435238889674104,0.886202389312272,False
GENE1727,0.0915557762912309,7.236395855299174,7.3279516315904045,0.8450213165246316,0.4035302451486401,0.8392982894573491,False
GENE1728,0.06496775605052463,8.927398782910855,8.99236653896138,0.5517335444870995,0.5844481186545378,0.92197476550249,False
GENE1729,-0.0024299567071999206,9.423743041572035,9.421313084864835,0.01431821898709208,0.9886530339211399,0.9966260422592136,False
GENE1730,0.11545880410925058,8.688621425478994,8.804080229588244,1.2208368484625285,0.2298708862765703,0.7027814695492525,False
GENE1731,0.15764086682890444,7.391749222777496,7.5493900896064,2.0344541760128623,0.04912004746086936,0.2665020265007217,False
GENE1732,-0.010860645834704918,4.866403742916102,4.855543097081397,-0.17514339753418173,0.8619219136389277,0.9715803157724587,False
GENE1733,-0.07710959368989379,9.151316231225683,9.07420663753579,-0.8544040275084985,0.3983795639574804,0.8379059200888683,False
GENE1734,-0.01676162879149956,9.933199060518358,9.916437431726859,-0.12394457502118403,0.9020300579501785,0.9792410952883706,False
GENE1735,-0.00849078517563484,8.99474398082928,8.986253195653646,-0.07017135766229518,0.9444351727707101,0.9892250596310525,False
GENE1736,0.044521877048604885,6.684293021224957,6.728814898273562,0.6764923498756031,0.5029354563357054,0.8863985263153868,False
GENE1737,0.12479014583328762,8.917497910577744,9.042288056411032,1.3893860903345476,0.17302055313949588,0.6111808098245353,False
GENE1738,0.10153723712931573,9.185990260605362,9.287527497734677,1.2567012385600633,0.21673798932836638,0.687484011542216,False
GENE1739,0.0768245670213421,10.368331852390485,10.445156419411827,0.6631609209330809,0.51133823051283,0.8893713724903857,False
GENE1740,0.03295251991732062,6.676052387510562,6.709004907427882,0.42257416426452293,0.6750517384947592,0.936533662298842,False
GENE1741,-0.06682869234379396,7.68272490403878,7.615896211694986,-0.834504300455057,0.40935270780644883,0.8414238598282607,False
GENE1742,0.029528351704371403,9.189986475302813,9.219514827007185,0.2979376862331163,0.7674173709091158,0.9592778882739659,False
GENE1743,0.03392950919478288,8.014406749052974,8.048336258247756,0.40526364066105286,0.6876175569197847,0.9378878068599604,False
GENE1744,0.05050088441791711,6.285864086661169,6.336364971079086,0.504047129661745,0.6172166244638065,0.9242429872735604,False
GENE1745,0.028434600199407356,8.599242767912111,8.627677368111518,0.3228273370090024,0.7486433342130785,0.9566421096261551,False
GENE1746,-0.0690458673137222,8.919683740029228,8.850637872715506,-0.8421910040372832,0.4050920734084894,0.8392982894573491,False
GENE1747,0.015700445117618145,8.092522801187902,8.10822324630552,0.09265443130717216,0.9266779794624338,0.9834093234137227,False
GENE1748,0.03628163113433658,8.248062658219343,8.28434428935368,0.4386703767815251,0.6634513098700225,0.9330112816485004,False
GENE1749,-0.05583550223158795,7.68590669661903,7.630071194387442,-0.61669763700469,0.5412104910115908,0.897797400572541,False
GENE1750,0.09396265156681238,10.169063079517091,10.263025731083903,1.020202714129118,0.3142569857710647,0.7856424644276617,False
GENE1751,0.08573629453016629,6.511139319878636,6.596875614408802,0.8559255955607238,0.3975481926719897,0.8378254850832239,False
GENE1752,0.047546607121767615,7.0971495961858455,7.144696203307613,0.4422064068860484,0.6609140042147574,0.9330112816485004,False
GENE1753,-0.0037868552359974217,8.05537943052092,8.051592575284923,-0.06108470333886567,0.9516205238529872,0.9912713790135284,False
GENE1754,-0.14331792502827234,9.276257013351842,9.13293908832357,-1.4723427541383838,0.14938431580457454,0.5654893537091438,False
GENE1755,-0.0385253123477165,5.795746479314233,5.7572211669665165,-0.38976436048766566,0.6989454321243582,0.9378878068599604,False
GENE1756,-0.07735827616068214,6.050684699225556,5.973326423064874,-0.7845332052675315,0.43772164845958716,0.8614675193531816,False
GENE1757,-0.12067698399544025,5.034966151073112,4.914289167077672,-1.1857733318794754,0.24327123944206708,0.7188449865653908,False
GENE1758,0.03772535387797937,8.033162044307526,8.070887398185505,0.46664898370568236,0.643487165789589,0.9292233441004895,False
GENE1759,-0.1415352183819305,6.328953563904691,6.187418345522761,-1.674490744589358,0.10246797409054795,0.46318115927128967,False
GENE1760,-0.08361527178989459,7.441598318178018,7.3579830463881235,-0.9488313560743965,0.3488629633860796,0.8100146909224892,False
GENE1761,0.03972580738476239,8.961472249569216,9.001198056953978,0.41800257027220966,0.678361319362986,0.9378878068599604,False
GENE1762,-0.04911327852356884,7.134365776378135,7.085252497854566,-0.5033126950367335,0.617727805217866,0.9242429872735604,False
GENE1763,0.018300008833433523,8.295365423463199,8.313665432296633,0.10037174265535499,0.9205911120862071,0.9820493934681361,False
GENE1764,0.12370813204146458,7.484528847825868,7.608236979867333,1.3181501558805788,0.19555598962299067,0.6584376754982851,False
GENE1765,-0.05602098165364566,9.090495380085034,9.034474398431389,-0.6338803916162891,0.530058385492518,0.8959798393539593,False
GENE1766,-0.03571718405966706,8.79701017102814,8.761292986968472,-0.44545236668468946,0.6585884054394426,0.9330112816485004,False
GENE1767,0.0994621197446861,6.96321981730514,7.062681937049826,1.3582731356782296,0.18260187053518312,0.6318403824746821,False
GENE1768,-0.0525263733706085,7.722358438132796,7.669832064762187,-0.46695675435615525,0.6432690036241477,0.9292233441004895,False
GENE1769,-0.0035780816918364877,9.586576355078517,9.58299827338668,-0.1655316765073561,0.8694266811576871,0.9727632527039386,False
GENE1770,-0.16312526974100194,8.738691389025025,8.575566119284023,-1.7230317857589799,0.09323207812935018,0.4356639164922906,False
GENE1771,0.1992576579780332,5.845854643874038,6.045112301852071,2.292963898110108,0.02763199663618113,0.1639881106004815,False
GENE1772,0.10236436102407787,8.861549262506614,8.963913623530692,0.9541916281372801,0.34617940775657796,0.8100146909224892,False
GENE1773,0.15236469146637077,6.336352060606133,6.488716752072504,1.4960856722572065,0.14311325222599666,0.5612284401019477,False
GENE1774,0.14457028794860705,10.066472807749712,10.211043095698319,1.2820402180149737,0.20780367906553163,0.6756179529700038,False
GENE1775,0.06497595733673656,9.519227205732127,9.584203163068864,0.6340668068434256,0.5299380661255483,0.8959798393539593,False
GENE1776,-0.06757686632370685,8.422792600799587,8.35521573447588,-0.8001784927121284,0.42871533610181,0.8582889611647848,False
GENE1777,-0.01743812694926916,8.257829223254303,8.240391096305034,-0.12541168951275689,0.9008765941009145,0.9791173361104969,False
GENE1778,-0.17849096110983265,7.732396186696053,7.55390522558622,-1.915729497398744,0.06315154555942985,0.3267474379407126,False
GENE1779,0.08144036874731064,8.947034887201466,9.028475255948777,0.8196756258004919,0.4176500699726273,0.8481597541954261,False
GENE1780,0.050244543023366006,7.428537188439622,7.478781731462988,0.44104832261161103,0.6617445517541021,0.9330112816485004,False
GENE1781,0.09973359119867453,8.270042978782039,8.369776569980713,1.1507591876408216,0.2572142265837235,0.7270037484827586,False
GENE1782,0.05051851825829701,9.221063506291554,9.27158202454985,0.6084618059675893,0.5465987262881062,0.8981378074532088,False
GENE1783,-0.15311776276742428,7.228134713651042,7.075016950883618,-1.4828372757136874,0.1465860404973658,0.5625436905633047,False
GENE1784,-0.08204309105055518,7.125884155240693,7.043841064190138,-0.8202443440702508,0.4173299536497135,0.8481597541954261,False
GENE1785,-0.06498331990144202,6.263516289778739,6.198532969877297,-0.8955937551067628,0.37625954966149566,0.8309226280451691,False
GENE1786,-0.03944395800710776,6.565778945209526,6.526334987202418,-0.3545679068064839,0.7249262986463414,0.9438530723777527,False
GENE1787,-0.22927756633127228,5.33095729385532,5.101679727524048,-2.806895762536813,0.007933878151051578,0.05069570703547334,False
GENE1788,-0.03458143378763978,9.17398368638083,9.13940225259319,-0.38967701571569113,0.6990094704644502,0.9378878068599604,False
GENE1789,-0.044377736347090746,10.69791271300059,10.6535349766535,-0.49319537777672473,0.6247891850093104,0.9247581418077883,False
GENE1790,0.14091220073047772,10.10936236776063,10.250274568491108,1.3120285895221273,0.1975926303926867,0.662007235894359,False
GENE1791,-0.04588350583401546,5.545651121318718,5.499767615484703,-0.4445498411978067,0.6592346847326218,0.9330112816485004,False
GENE1792,-0.12364393835555987,9.139216674811957,9.015572736456397,-1.502576102665146,0.14143606492199629,0.5590358297312106,False
GENE1793,-0.004463624508083797,10.145281478903161,10.140817854395078,0.006487630841309079,0.9948585099805297,0.997852066179067,False
GENE1794,0.05447005478723277,7.276234263501236,7.330704318288468,0.5093019978825665,0.613564776655877,0.9242429872735604,False
GENE1795,0.08127881659637382,8.131328215359359,8.212607031955732,0.6602089231188487,0.5132091396041397,0.8895619991128785,False
GENE1796,-0.1541154881481761,5.053017431376007,4.8989019432278305,-1.4049334230481336,0.1683815813601173,0.5998250823303182,False
GENE1797,-0.022352059715222694,8.397694266413165,8.375342206697942,-0.17328637072376604,0.8633708795239458,0.9715803157724587,False
GENE1798,-0.029133164676427903,6.413092344688593,6.383959180012165,-0.3894234898196276,0.6991953600141005,0.9378878068599604,False
GENE1799,0.2755574785959034,8.149957601108335,8.425515079704239,3.372834155988196,0.0017555397351648617,0.011511735968294174,False
GENE1800,0.024768767910411604,5.5942932358046855,5.619062003715097,0.37081580717032003,0.7128894073664995,0.9404873448106854,False
GENE1801,0.051108911655784794,8.780051321137277,8.831160232793062,0.5307979319461194,0.5987307007510476,0.9242429872735604,False
GENE1802,-0.007694677121200755,9.42850981435647,9.42081513723527,-0.01697425402435462,0.9865483587887416,0.9961078903119834,False
GENE1803,-0.02716205230570523,6.899121076833239,6.871959024527534,-0.3622043632552944,0.7192599639579107,0.9420562723744738,False
GENE1804,-0.11079965755789267,6.4071253001383415,6.296325642580449,-1.1043017100671129,0.2765923034976751,0.742529673819262,False
GENE1805,-0.01149158687677776,4.783266205097412,4.771774618220634,-0.07662005251165697,0.93933862886142,0.9867002404006514,False
GENE1806,-0.0049720112119500115,7.574013152107715,7.569041140895765,-0.05067865821345153,0.9598541908578643,0.9918751257253238,False
GENE1807,0.04775893003955556,7.132267646420234,7.18002657645979,0.49598325578950575,0.622839765438303,0.9242429872735604,False
GENE1808,-0.016285851976959087,5.665192395108009,5.64890654313105,-0.1708504312602285,0.8652722732862573,0.9716701552905753,False
GENE1809,0.12898953418319437,8.546331994657319,8.675321528840513,1.2946619192602844,0.20345841794519048,0.665985001457252,False
GENE1810,0.0887226520746296,7.267666533605417,7.3563891856800465,0.8230968913216552,0.41572660353697943,0.8481597541954261,False
GENE1811,-0.020016315050096267,6.424458316614009,6.404442001563913,-0.16177751832480583,0.8723612714013593,0.9730216165105552,False
GENE1812,-0.13080515935730386,7.266869570240367,7.136064410883063,-1.4331299555041712,0.16021699684432855,0.5856621641784158,False
GENE1813,0.036057290729337055,9.584289995029959,9.620347285759296,0.508205658784795,0.6143258534669875,0.9242429872735604,False
GENE1814,0.15658440262289552,8.839333015660522,8.995917418283417,1.773090037010264,0.08444636579894978,0.40599214326418165,False
GENE1815,-0.1561297325460771,7.840411456897037,7.68428172435096,-1.7297866826547947,0.09200366306362938,0.43401498065689037,False
GENE1816,0.15579625522597595,8.878091790791206,9.033888046017182,1.6880169882792462,0.09982113621900782,0.4558042749726384,False
GENE1817,-0.09452292818464691,6.38450622402989,6.289983295845243,-1.0474709736497743,0.3016770266285094,0.7681477532606953,False
GENE1818,-0.11528912435260796,8.082836319330237,7.967547194977629,-1.1424569433450316,0.2606033657161126,0.7320319261688556,False
GENE1819,0.0716861880419497,8.213548809606873,8.285234997648823,0.7122797470303602,0.48075925130006025,0.886202389312272,False
GENE1820,-0.04752201398459732,7.280450672362238,7.232928658377641,-0.505095263869283,0.6164874369982514,0.9242429872735604,False
GENE1821,-0.08843841381219875,8.655996961215047,8.567558547402848,-0.9828781275376521,0.3320511397703261,0.7972416321016232,False
GENE1822,0.10460500536868089,6.789099315707877,6.893704321076558,1.0921519596694564,0.2818269201601341,0.748646821060353,False
GENE1823,-0.052309009503156645,8.841925981578397,8.78961697207524,-0.6037546115639699,0.5496907524093617,0.9015180775094329,False
GENE1824,0.008565223382170473,8.769143105381206,8.777708328763376,-0.047476078511047716,0.9623891362987991,0.9918751257253238,False
GENE1825,-0.21960886859795803,3.747248675820746,3.527639807222788,-2.40310963686703,0.021385156354842418,0.12921544625282427,False
GENE1826,-0.041938710320506445,9.843379060985084,9.801440350664578,-0.47741376998485674,0.635875709109275,0.9253589347826304,False
GENE1827,-0.019235271996195458,3.4658126961632343,3.446577424167039,-0.28488303117508323,0.777322307539653,0.9592778882739659,False
GENE1828,-0.018799133492958475,7.08245725334872,7.063658119855761,-0.3796756265027793,0.7063568011084687,0.9387652004410553,False
GENE1829,-0.04890090174790984,9.541608627021189,9.492707725273279,-0.4885400757656242,0.6280504928717869,0.9251932715113196,False
GENE1830,0.06654290781411731,7.48680926540071,7.553352173214828,0.7944455615349084,0.43200244359081497,0.8583791713516613,False
GENE1831,0.002130769407089339,5.753002830649949,5.755133600057039,-0.016852463174982547,0.9866448653540196,0.9961078903119834,False
GENE1832,-0.17221830774212687,6.481045699830835,6.308827392088708,-1.619790667880046,0.1137706207322729,0.49251350966351903,False
GENE1833,0.006396661206068188,9.621826321511104,9.628222982717173,0.14717136830602068,0.8837957909071948,0.9759997579662089,False
GENE1834,0.017274753625161843,5.129137281260986,5.146412034886148,0.21754499548452275,0.8289789091664892,0.9648798357869293,False
GENE1835,-0.06202861048081054,9.735412765414075,9.673384154933265,-0.6757409142959795,0.5034070567962617,0.8863985263153868,False
GENE1836,0.21122820499042394,7.795358455483627,8.006586660474051,2.0516644399470576,0.047330328051019895,0.26005674753307634,False
GENE1837,-0.005379850999930547,6.2014696318038585,6.196089780803928,-0.056325451825819745,0.9553856167151245,0.9918751257253238,False
GENE1838,-0.08487350850969744,7.127626062146516,7.042752553636818,-0.8282443832344714,0.4128429171985224,0.8442595443732565,False
GENE1839,0.003669502319835871,6.436420264205587,6.440089766525423,0.06562222059019854,0.9480318925419426,0.9895948773924245,False
GENE1840,-0.06617718614802826,9.304800768277813,9.238623582129785,-0.965008793332,0.3408057161161141,0.8066407482038204,False
GENE1841,0.08750446116109778,9.040432061801335,9.127936522962433,0.8804823050804887,0.38428161953356843,0.8363038509979727,False
GENE1842,0.02437713047894885,5.493642362715484,5.518019493194433,0.2748298989380876,0.7849757636469932,0.9592778882739659,False
GENE1843,-0.022841382121786324,7.353387660471208,7.330546278349422,-0.21918796028497922,0.8277083152445688,0.9648798357869293,False
GENE1844,0.13048636299672278,6.6284580647706575,6.75894442776738,1.305725471573047,0.19970651414025534,0.6639442681160549,False
GENE1845,0.08473462375398633,9.968702069577756,10.053436693331742,0.8568979927956284,0.39701745414542666,0.8378254850832239,False
GENE1846,0.09849008507017043,5.923871608991464,6.022361694061634,1.1701973524576446,0.24940401637032195,0.7208208565616242,False
GENE1847,0.05539189497137542,10.377948347329479,10.433340242300854,0.5446612313114773,0.5892544830077426,0.9242429872735604,False
GENE1848,-0.11074051569597732,8.045574102760677,7.934833587064699,-1.1322721857997742,0.26480475348752536,0.7336967839037927,False
GENE1849,-0.1267919413539662,6.338392201189093,6.2116002598351265,-1.1057591432019518,0.2759690444060648,0.742529673819262,False
GENE1850,0.09589057191140693,6.87188741824351,6.967777990154917,1.0306971750456775,0.30937355617970375,0.7782982545401351,False
GENE1851,-0.04971153274600759,6.849666872524942,6.7999553397789345,-0.5744598743681695,0.569133124942892,0.9084327612815516,False
GENE1852,0.10671639286518975,6.111145902179246,6.217862295044435,0.9710466999570986,0.33783054789166167,0.8033770991118202,False
GENE1853,0.23993861244444048,8.041683816363316,8.281622428807756,2.366273148012287,0.02331553402313667,0.1396139761864471,False
GENE1854,-0.032163915242552577,6.160705656901597,6.128541741659045,-0.30268495146474206,0.7638251712951433,0.9592778882739659,False
GENE1855,-0.1528736584654098,4.788030485493928,4.635156827028518,-1.5136391161211973,0.13861355291940433,0.5551950912919614,False
GENE1856,-0.07958191098189982,7.471962448359287,7.392380537377387,-0.8371214183737434,0.4078989686762716,0.8392982894573491,False
GENE1857,-0.16684637175617922,5.371794009417482,5.204947637661303,-1.6725835546758363,0.10284581049445192,0.4632694166416753,False
GENE1858,0.09042616629570244,6.767448736276771,6.8578749025724735,0.9616307187688826,0.3424778550163897,0.8068934096577174,False
GENE1859,-0.13670425385740703,6.76287676671892,6.626172512861513,-1.3903678404628625,0.17272470867076584,0.6111808098245353,False
GENE1860,-0.00041396971633655966,6.656480131795338,6.656066162079002,0.045279353360930426,0.9641281458181554,0.9918751257253238,False
GENE1861,0.03763813620437695,11.00975775563644,11.047395891840816,0.36987617314029947,0.7135835252678704,0.9407824987051686,False
GENE1862,-0.14847110987297896,8.054418178131227,7.905947068258248,-2.082458374275165,0.04427012495440202,0.24663022258719788,False
GENE1863,-0.07258875294514588,8.364978934347226,8.29239018140208,-0.6602206411502679,0.5132017056522852,0.8895619991128785,False
GENE1864,0.16123663504191654,5.242140546399666,5.4033771814415825,1.5159825348962936,0.13802150981213387,0.5543032522575657,False
GENE1865,-0.013485140614650781,7.071666601602817,7.058181460988166,-0.17787387191583262,0.8597923101008684,0.9715803157724587,False
GENE1866,0.011284232704364072,8.316991047384864,8.328275280089228,0.12939776889128482,0.8977437956617702,0.9786288602871728,False
GENE1867,-0.030136565699872442,6.493645328828738,6.463508763128866,-0.2855346404848232,0.7768270031880338,0.9592778882739659,False
GENE1868,-0.0018219091272637655,9.44498862629822,9.443166717170957,-0.04601627394085737,0.963544751787937,0.9918751257253238,False
GENE1869,-0.08106635875398371,6.309270121985179,6.228203763231195,-0.7330524301462218,0.46814562146214467,0.8775995503529965,False
GENE1870,0.05410031598630294,7.543343123948722,7.597443439935025,0.6152362184517907,0.5421645951628528,0.897797400572541,False
GENE1871,0.17629788959816484,7.05217657901149,7.2284744686096545,2.056877353933361,0.04679961084803763,0.25784909558147456,False
GENE1872,-0.03381377257724694,8.247645016391854,8.213831243814607,-0.4032626925826153,0.6890759506257602,0.9378878068599604,False
GENE1873,-0.171816301893422,7.110472099592092,6.93865579769867,-1.8237292737266593,0.07627875392289084,0.37488097681030436,False
GENE1874,-0.043780062292642974,7.638228962512767,7.594448900220124,-0.5102821590722398,0.6128847171837384,0.9242429872735604,False
GENE1875,-0.07446636818276353,7.742638950756427,7.668172582573663,-0.6163208770339764,0.541456379611398,0.897797400572541,False
GENE1876,0.021103905896161734,6.8825852450691585,6.90368915096532,0.11360190376272565,0.9101675626699125,0.9813630023550198,False
GENE1877,0.14462175248973352,8.717504996538626,8.86212674902836,1.3610165718897063,0.181740887860947,0.6300026238522097,False
GENE1878,-0.01781744964727139,8.282734803056623,8.264917353409352,-0.23642883460678524,0.8144039428397023,0.9648798357869293,False
GENE1879,-0.09677109271909501,7.94512932046576,7.848358227746665,-1.074984978622092,0.289341801282941,0.7603452185552215,False
GENE1880,-0.028267245422278542,7.325481640404614,7.297214394982335,-0.2917842250644813,0.7720813638669808,0.9592778882739659,False
GENE1881,0.06100865453726101,9.181649083484494,9.242657738021755,0.6961164896185374,0.4907058506736459,0.886202389312272,False
GENE1882,-0.03578333961173641,7.628168688478437,7.592385348866701,-0.3799473735422744,0.7061567864668301,0.9387652004410553,False
GENE1883,0.12756145695320242,7.440242094714376,7.567803551667579,1.5184171904325992,0.1374085669407755,0.5540668021805464,False
GENE1884,0.044357281498395906,8.176031596172919,8.220388877671315,0.584675126208823,0.5623147470589542,0.9075801223847018,False
GENE1885,0.01690048655854781,10.476651645066179,10.493552131624726,0.15966297867745297,0.87401499540383,0.9738328639596991,False
GENE1886,-0.03751749521480985,5.9641440854520855,5.926626590237276,-0.4614139036805042,0.647202921421193,0.9305164291565964,False
GENE1887,0.06349867857166736,9.223085109952544,9.286583788524212,0.7781258149420472,0.44144258228373456,0.8641304508316388,False
GENE1888,0.039928540051136885,5.181152929612961,5.221081469664098,0.37329246640322206,0.7110610591299255,0.9400004120296425,False
GENE1889,-0.05686349127729429,8.26994543037608,8.213081939098785,-0.5028121260504849,0.6180763214350238,0.9242429872735604,False
GENE1890,0.09784810932089094,10.407692452980665,10.505540562301556,1.1820406628482452,0.24473077134242474,0.7188449865653908,False
GENE1891,0.18201449807159165,8.647369140680514,8.829383638752105,1.934357435597621,0.06074413044753906,0.31803209658397413,False
GENE1892,-0.07948596044263212,8.293359621374595,8.213873660931963,-0.798813708642281,0.4294964901722441,0.8583791713516613,False
GENE1893,-0.1345249647033624,7.197472536367528,7.062947571664165,-1.506887898647958,0.14033057393585177,0.5570300432553967,False
GENE1894,-0.15939746298578594,8.087090899763306,7.92769343677752,-1.8063643760630999,0.07900066867628111,0.3838345070679702,False
GENE1895,0.02057735608085931,7.633806730208977,7.654384086289836,0.246681362028711,0.8065183813544151,0.9648798357869293,False
GENE1896,-0.12590950117235433,6.939375684121967,6.813466182949613,-1.2101137719195791,0.23390970960007318,0.705244162012625,False
GENE1897,-0.12702082775184742,7.6203669951588,7.493346167406952,-1.4795871046809033,0.1474481753864591,0.5625436905633047,False
GENE1898,-0.010359759444989791,8.287720834242885,8.277361074797895,-0.07766880100265557,0.9385100187963673,0.9867002404006514,False
GENE1899,-0.08704117625578522,6.87311966939531,6.786078493139525,-0.9450905294114662,0.35074389158144814,0.8100146909224892,False
GENE1900,-0.1503248367964174,6.930352766108013,6.780027929311595,-1.6461047496806065,0.10821171000225213,0.4756558681417676,False
GENE1901,-0.0398466327046183,5.989548430235445,5.949701797530826,-0.42705250444688236,0.6718159978220086,0.9346287805127422,False
GENE1902,-0.11795341268080506,8.620682754082093,8.502729341401288,-1.30243145908104,0.20081804998861,0.6648259995424498,False
GENE1903,0.11131483220536786,8.791290762179532,8.9026055943849,1.2313511156525927,0.2259610697420406,0.6986619986527585,False
GENE1904,0.03706600102557189,8.30835395389248,8.345419954918052,0.5761161650866913,0.5680248127859439,0.9079547083189248,False
GENE1905,-0.16787487016952518,9.580590331651857,9.412715461482332,-2.080449796448533,0.04446430096691753,0.24702389426065297,False
GENE1906,-0.01620914039531307,8.102430441156676,8.086221300761363,-0.23557560195913593,0.815061088206987,0.9648798357869293,False
GENE1907,-0.11988830293987007,8.632997274560925,8.513108971621055,-1.419290076810976,0.16418471432941997,0.5937964351877756,False
GENE1908,-0.047919562257947135,8.454861527438029,8.406941965180081,-0.4495236201886125,0.6556763720933503,0.9330112816485004,False
GENE1909,0.20183496757715602,7.781411750695362,7.983246718272518,1.8059293026280854,0.07906990845600186,0.3838345070679702,False
GENE1910,0.09647684257060707,7.170676331529218,7.267153174099825,1.1204127934136683,0.2697579194436833,0.7417033211970946,False
GENE1911,0.10087899444066295,11.194243630521921,11.295122624962584,0.7629407936205228,0.4503358530364402,0.8668447821569949,False
GENE1912,0.062481199324554204,7.285145406391978,7.347626605716532,0.8072074272707271,0.42470586520876175,0.8553995271072744,False
GENE1913,0.04692786068842647,6.952594971229796,6.999522831918222,0.44184804809396167,0.6611709633287965,0.9330112816485004,False
GENE1914,-0.016854403429444886,8.594639495793356,8.57778509236391,-0.2333704378348542,0.8167600947106974,0.9648798357869293,False
GENE1915,-0.08180589053960219,8.429770121860601,8.347964231320999,-0.8162522725197108,0.4195801638637844,0.8481597541954261,False
GENE1916,-0.12422663130628031,5.9891834081831945,5.864956776876914,-1.2656318668504545,0.2135568316169812,0.6851353903374692,False
GENE1917,-0.0025311814114523656,9.617520819859774,9.614989638448321,0.1297482356895021,0.8974684301976559,0.9786288602871728,False
GENE1918,0.031215854647934194,7.883735261560693,7.914951116208627,0.37578603901017277,0.7092219713699539,0.9393668494966276,False
GENE1919,-0.04614049125467545,6.3729430673954965,6.326802576140821,-0.5948595930442904,0.555558045352051,0.905681319937199,False
GENE1920,-0.11757696699465292,9.83260310231009,9.715026135315437,-1.3092649829959504,0.19851735702166326,0.662007235894359,False
GENE1921,0.04864616730205995,8.935571409251846,8.984217576553906,0.4011263448986705,0.6906343591394989,0.9378878068599604,False
GENE1922,-0.01853911183782042,6.122717863853122,6.104178752015302,-0.22116115725117846,0.8261829553320426,0.9648798357869293,False
GENE1923,-0.1581247158392518,10.78257123536073,10.624446519521479,-2.099620196822678,0.04264118400118442,0.23977700734384733,False
GENE1924,0.07232744916057321,9.027721405193608,9.100048854354181,0.6192871506635822,0.5395220433300889,0.897797400572541,False
GENE1925,0.015369024436568068,7.916662084582415,7.9320311090189835,0.20948895066442977,0.8352157662434674,0.9676829034045994,False
GENE1926,0.00443946203854928,10.272434327981257,10.276873790019806,0.04099300294451975,0.9675218842432802,0.9925668594093425,False
GENE1927,-0.0958992921295021,8.242716537256424,8.146817245126922,-1.084497172866559,0.2851606298569418,0.7543932006797401,False
GENE1928,0.1456693085534866,7.970981287749739,8.116650596303225,1.7056433713308428,0.09645739171962091,0.44452433424970317,False
GENE1929,-0.01660208484338188,7.04267683392392,7.026074749080538,-0.12288875558499214,0.9028602898558777,0.9792410952883706,False
GENE1930,-0.13566431650478172,9.036531238610502,8.90086692210572,-1.4794379679617498,0.14748783174846566,0.5625436905633047,False
GENE1931,-0.07001644598526013,8.797493536453263,8.727477090468003,-0.6859525344224314,0.49701909509907527,0.886202389312272,False
GENE1932,0.11408782667537842,8.052614253051388,8.166702079726766,1.2812146218599596,0.20809032951476117,0.6756179529700038,False
GENE1933,0.10174685796370841,6.906197442792944,7.007944300756653,1.025319047514143,0.3118696256643876,0.7816281344972119,False
GENE1934,0.05468467016556211,8.212232671314649,8.26691734148021,0.49584013813852673,0.6229397734223797,0.9242429872735604,False
GENE1935,0.16848674916370943,7.791695190025443,7.960181939189153,1.5720082842598972,0.12446199832222907,0.521853242441212,False
GENE1936,-0.030300262866767902,6.058077325046717,6.027777062179949,-0.3223738839643106,0.7489840257566159,0.9566421096261551,False
GENE1937,-0.0795142087530909,5.815119320943246,5.7356051121901555,-0.7316901468975539,0.46896694355369983,0.8775995503529965,False
GENE1938,-0.025274955854717618,8.866607370121558,8.84133241426684,-0.3341451424492011,0.7401566705231569,0.9507471683020642,False
GENE1939,-0.07646692087773399,3.989151558739426,3.912684637861692,-0.9208368984419953,0.3631008636302423,0.8240346666653372,False
GENE1940,0.07823633779472061,8.230930881508844,8.309167219303564,0.9113017274803253,0.36803571172480254,0.8298437693907611,False
GENE1941,0.09022152457507016,7.2390040250229175,7.329225549597988,0.8307801653091685,0.41142688842990083,0.8433006892262075,False
GENE1942,-0.00964309754117032,10.022536484047624,10.012893386506454,-0.07705922977722078,0.9389916290910287,0.9867002404006514,False
GENE1943,-0.10740755118955914,7.293792957827326,7.186385406637767,-1.1396027095272045,0.26177591671231193,0.7322403264680054,False
GENE1944,-0.01857145481287148,9.053491817141879,9.034920362329007,-0.10999389308725582,0.9130086632935108,0.9813630023550198,False
GENE1945,-0.014223889669453982,7.359429339020432,7.345205449350978,-0.10423780197679566,0.9175436352052491,0.9816600280266081,False
GENE1946,-0.12993024498546113,8.235221320993915,8.105291076008454,-1.4646281400260504,0.15146828557078623,0.5694296450029557,False
GENE1947,-0.0616656307957868,9.13795103169809,9.076285400902304,-0.7523918900899359,0.45657566198512045,0.8668447821569949,False
GENE1948,0.17895121596743113,7.164798725947032,7.343749941914463,1.9017418829977968,0.06501280265605902,0.331697972734995,False
GENE1949,-0.023745009172525755,9.41748306219442,9.393738053021893,-0.23807106249778515,0.8131395096549008,0.9648798357869293,False
GENE1950,0.04203128245610088,6.584008957103409,6.62604023955951,0.39083750152535907,0.6981588222174172,0.9378878068599604,False
GENE1951,0.02134384447830584,8.46195585641454,8.483299700892847,0.276914920311183,0.7833866275405301,0.9592778882739659,False
GENE1952,-0.07053737018129169,9.358687897806828,9.288150527625536,-0.9279656865453161,0.3594397118728313,0.8187692753367456,False
GENE1953,-0.05296297007684991,8.968597177752683,8.915634207675833,-0.6310852934945893,0.5318641772482873,0.8961485716062128,False
GENE1954,-0.06268988640164963,10.867637277030191,10.804947390628541,-0.7561443147722847,0.454350277505266,0.8668447821569949,False
GENE1955,-0.027249044897587282,6.853882033528487,6.8266329886309,-0.2987779235255861,0.7667811916987397,0.9592778882739659,False
GENE1956,-0.09740846550598992,6.004392352784029,5.906983887278039,-0.9443017158248984,0.3511413685148991,0.8100146909224892,False
GENE1957,0.09076731877277666,6.5011486015269755,6.591915920299752,0.8152433212319059,0.42015005264895167,0.8481597541954261,False
GENE1958,0.007268951813779623,8.987534715953199,8.994803667766979,-0.027224851580734236,0.9784267080439286,0.9950508871923244,False
GENE1959,0.04053397388521951,8.773699941864562,8.814233915749782,0.481016277468539,0.6333373444854683,0.9253589347826304,False
GENE1960,-0.0029854608316863818,8.140525426704105,8.137539965872419,0.06953439256549576,0.9449387122260013,0.9892250596310525,False
GENE1961,0.14814124161287534,6.285260799852939,6.433402041465814,1.3368483615087796,0.18943428651167946,0.6461084473233027,False
GENE1962,0.04086613593653787,9.114677823797617,9.155543959734155,0.4318150307248774,0.6683818573822247,0.9330112816485004,False
GENE1963,0.23028829181686294,6.0439895734989175,6.2742778653157805,2.731552220126788,0.00960247920610443,0.06044442111843372,False
GENE1964,-0.14926912667159264,9.757007568380331,9.607738441708738,-1.4714013022329944,0.1496374063579717,0.5654893537091438,False
GENE1965,0.11262155944122121,12.23912027358921,12.351741833030431,1.2277674879036997,0.2272880846350553,0.699347952723247,False
GENE1966,0.10101869572076438,8.59996072561592,8.700979421336685,1.2065442148523247,0.2352657237891883,0.705244162012625,False
GENE1967,0.06506915128820623,8.853983141624386,8.919052292912593,0.7280424944226264,0.4711701982023856,0.878860187609734,False
GENE1968,0.0033515768066720852,7.347065881588092,7.350417458394764,0.1249017277289625,0.9012775078897124,0.9791173361104969,False
GENE1969,0.03553899316191966,5.2811609359817755,5.316699929143695,0.31508269681991835,0.7544690520420152,0.9575052635960798,False
GENE1970,0.0011750482983412525,7.077533623454099,7.07870867175244,0.007883890471974608,0.99375198652015,0.997852066179067,False
GENE1971,0.045346880366254005,6.336944832485277,6.382291712851531,0.3521287336310471,0.7267395196030952,0.9438530723777527,False
GENE1972,0.0675314327188854,5.7775936635145575,5.845125096233443,0.7900421734962694,0.4345375179329779,0.8596192243975825,False
GENE1973,-0.22037212815039986,10.688027344736462,10.467655216586062,-2.6895277641763604,0.010669245324099857,0.06587411709387123,False
GENE1974,0.006911269045181356,8.444904390343773,8.451815659388954,0.13748699677196144,0.891391340458652,0.9763322458473734,False
GENE1975,0.023309233945331798,8.536077024682625,8.559386258627956,0.2744206486264311,0.785287790859869,0.9592778882739659,False
GENE1976,-0.0032968889259752387,7.504392377813137,7.501095488887162,0.0666957787915926,0.9471829945967327,0.9892250596310525,False
GENE1977,-0.00975864243925173,7.774656325126013,7.764897682686761,-0.09573608175524276,0.9242468355453167,0.982894514909571,False
GENE1978,-0.007913785975141252,9.431432771368106,9.423518985392965,-0.0536577458351465,0.9574965253599032,0.9918751257253238,False
GENE1979,0.00044489704618211334,7.970039927120213,7.9704848241663955,0.09671740341689228,0.9234728148267228,0.982894514909571,False
GENE1980,0.025983187415809184,8.865775910058126,8.891759097473935,0.397550674452237,0.6932457690942389,0.9378878068599604,False
GENE1981,0.12217132653473062,7.649624417911772,7.771795744446503,1.3764422829471379,0.17695805133879491,0.6219966655142177,False
GENE1982,0.032980060322875815,7.5019059479490835,7.534886008271959,0.18223201127213295,0.8563954319984406,0.9712695855949461,False
GENE1983,-0.2614950362939128,6.024934386063819,5.763439349769906,-2.7231369334458786,0.009807832881531663,0.06149111524471262,False
GENE1984,0.058850111163708085,5.057032089974755,5.115882201138463,0.6787628898538106,0.5015119448412244,0.8863985263153868,False
GENE1985,-0.03371810523702745,7.668699745238034,7.634981640001007,-0.29281046926098425,0.7713029247204953,0.9592778882739659,False
GENE1986,-0.08350414997733324,8.161827961959055,8.078323811981722,-1.0583481956207736,0.29675758087867954,0.7681477532606953,False
GENE1987,-0.02685695814877498,6.006165900179399,5.979308942030624,-0.28267091128321187,0.7790044963716509,0.9592778882739659,False
GENE1988,0.12797253830837096,7.856017298810672,7.983989837119043,1.2100789625725459,0.23392290518579387,0.705244162012625,False
GENE1989,0.16594801957036154,8.0069899170845,8.172937936654861,1.6470877228494192,0.1080084664437788,0.4756558681417676,False
GENE1990,-0.09372297646245542,4.7813764641165335,4.687653487654078,-0.996884140880428,0.3252959343597134,0.7924383297435162,False
GENE1991,-0.11299603462444896,6.6275510044260555,6.5145549698016065,-1.152439516881383,0.25653217414836194,0.7270037484827586,False
GENE1992,-0.03482600208300113,8.630443955410707,8.595617953327706,-0.3926809891638117,0.6968083380306822,0.9378878068599604,False
GENE1993,0.2079737063680831,8.432219292028293,8.640192998396376,2.6363315405817933,0.01217680284523491,0.0747043119339565,False
GENE1994,0.0682450348114294,6.19546046947707,6.2637055042885,0.7310959949337589,0.46932541817286866,0.8775995503529965,False
GENE1995,0.010348105009672537,8.195559417092703,8.205907522102375,0.10233364829007063,0.919044457069834,0.9820493934681361,False
GENE1996,0.057639819824448324,9.628586972771167,9.686226792595615,0.6513761037361626,0.5188292719689793,0.8929935834233724,False
GENE1997,-0.22906711864630402,9.219472260345238,8.990405141698934,-2.35871098722509,0.02373078995395216,0.14167635793404273,False
GENE1998,0.24532833248241026,7.7807208021123415,8.026049134594752,2.2753140582639597,0.028772988838072954,0.16975214653730356,False
GENE1999,-0.059644587719229314,7.342875460444136,7.283230872724907,-0.5410553527721675,0.5917123338268042,0.9242429872735604,False
