gene,logFC,mean_a,mean_b,t,pval,padj,deg
GENE0000,0.6107455421083738,9.712591017818688,10.323336559927062,4.876686707712086,2.0635831582318503e-05,0.00011928226348160985,True
GENE0001,-0.7275962047505207,7.749576286427706,7.021980081677185,-5.560348328384286,2.4739614736248882e-06,1.5808060534344334e-05,True
GENE0002,0.963772700501762,9.85953592536248,10.823308625864241,10.807252554870164,5.301667255021331e-13,3.313542034388332e-11,True
GENE0003,-0.8927810683131456,7.067691630425847,6.174910562112701,-7.839598209858838,2.2245704957622537e-09,4.8360228168744644e-08,True
GENE0004,0.7920884864619904,8.247400015360013,9.039488501822003,5.785033388286333,1.2275860168236675e-06,8.408123402901833e-06,True
GENE0005,-0.7425027917140916,6.944777087664259,6.2022742959501675,-7.647517891664042,3.958481871168963e-09,7.263269488383419e-08,True
GENE0006,0.8851233628709236,6.290290688165294,7.175414051036218,9.049175904199707,6.496358668022728e-11,2.8872705191212124e-09,True
GENE0007,-0.9259755241872396,5.0829843240103045,4.157008799823065,-7.799137405285767,2.5108968332345147e-09,5.325906757049636e-08,True
GENE0008,0.8676078902894755,6.912061663651355,7.77966955394083,6.710651719329065,6.90810563163702e-08,7.158658685634217e-07,True
GENE0009,-0.7302266633180343,5.5962314818325805,4.866004818514546,-6.6764773034369655,7.677321814376267e-08,7.834001851404354e-07,True
GENE0010,0.9676617349169536,9.391940435690227,10.35960217060718,7.594790290499825,4.640005458007409e-09,8.140360452644577e-08,True
GENE0011,-0.829030182285214,5.7928322608170255,4.9638020785318115,-7.621576348741408,4.280120996522201e-09,7.697989122553441e-08,True
GENE0012,0.9870222301324727,8.233498707394467,9.22052093752694,9.01177745208038,7.227181388792415e-11,3.0753963356563466e-09,True
GENE0013,-0.9073414089584819,9.179945103367746,8.272603694409264,-8.306683484841336,5.569828948120288e-10,1.5689659008789546e-08,True
GENE0014,0.8894380603813055,8.280767635850284,9.170205696231589,8.34294110613178,5.007325450640119e-10,1.4306644144686055e-08,True
GENE0015,-0.8658577711071693,8.243261170830651,7.377403399723482,-6.341418848634705,2.1688716201705753e-07,1.8778109265546106e-06,True
GENE0016,0.723971361173148,7.494105054940239,8.218076416113387,6.36828256893055,1.9951929710412422e-07,1.7425266122630935e-06,True
GENE0017,-0.8943695101263867,6.785303805898711,5.8909342957723245,-7.341282175118827,9.996412823144978e-09,1.50321997340526e-07,True
GENE0018,0.7375771280649293,7.515632744873047,8.253209872937976,6.948202185341007,3.3233233622308875e-08,4.102868348433194e-07,True
GENE0019,-0.9285043860069555,6.69649111393541,5.767986727928455,-8.02113064126093,1.2949800085191855e-09,3.041918882949794e-08,True
GENE0020,0.8986782791564867,10.114166151158587,11.012844430315074,7.685552527565511,3.5305192438444917e-09,6.922586752636259e-08,True
GENE0021,-0.8262977236928402,4.554434382750014,3.7281366590571743,-7.6620520249520485,3.789074616815983e-09,7.121845663685633e-08,True
GENE0022,0.8457272079123683,9.4429768016718,10.288704009584169,7.300302629514818,1.1323212424489074e-08,1.6410452789114598e-07,True
GENE0023,-0.8328791853411426,7.511465750099445,6.6785865647583025,-6.583308015355093,1.0241567438558283e-07,9.75387375100789e-07,True
GENE0024,0.9449553331889096,7.9025396510634796,8.84749498425239,9.836027563201878,7.186448321962677e-12,4.1065418982643866e-10,True
GENE0025,-0.8063472948238974,4.892136118134589,4.085788823310692,-7.464326813745274,6.882216915070312e-09,1.1332046880876825e-07,True
GENE0026,0.9247928478866729,8.911237954710378,9.836030802597051,7.619200053616,4.310873908629927e-09,7.697989122553441e-08,True
GENE0027,-0.7385270821076748,6.295149844084348,5.556622761976673,-6.380954224752011,1.9181866918483338e-07,1.6826199051301173e-06,True
GENE0028,0.9224464950426388,9.158779331862386,10.081225826905024,10.76343245136517,5.947608498707324e-13,3.6046112113377716e-11,True
GENE0029,-0.8206508843255911,7.2089307709949875,6.388279886669396,-6.5374998073700645,1.1802667220014362e-07,1.1082316638511138e-06,True
GENE0030,0.903898300265233,11.186276752878795,12.090175053144028,8.425267414724425,3.9343255843765733e-10,1.192219874053507e-08,True
GENE0031,-0.9538295862283519,6.966685870644168,6.012856284415816,-8.62689798584232,2.1869075906075117e-10,7.80772384592429e-09,True
GENE0032,0.8617209754963939,7.308247947239688,8.169968922736082,8.28694754501814,5.902515661646786e-10,1.6171275785333662e-08,True
GENE0033,-0.8140527757949485,7.357731590244436,6.543678814449487,-6.872389255678845,4.1957292142489785e-08,4.781396110659314e-07,True
GENE0034,0.8717122880262274,9.142622522357085,10.014334810383312,8.641232576217382,2.0978746995481568e-10,7.628635271084207e-09,True
GENE0035,-0.793886416363371,9.231304063461682,8.43741764709831,-6.5172698205801325,1.2566253737821238e-07,1.1635420127612259e-06,True
GENE0036,0.8379485351226208,10.0857372930654,10.92368582818802,7.3213642888243395,1.0620461861783348e-08,1.5734017573012366e-07,True
GENE0037,-0.8170202851151602,7.76595041206131,6.948930126946149,-8.300699272195967,5.668646211382562e-10,1.5746239476062673e-08,True
GENE0038,1.0408546473925266,10.85301746548979,11.893872112882317,9.410740045760614,2.3389619877617888e-11,1.1994676860316867e-09,True
GENE0039,-0.893336180961021,5.393812893421789,4.500476712460768,-8.7543582730387,1.5125386090916186e-10,5.707692864496674e-09,True
GENE0040,0.6639963207595221,7.966375115710176,8.630371436469698,5.777060242747015,1.258502946533254e-06,8.57081141460625e-06,True
GENE0041,-0.9403498474138932,5.7072283466765,4.7668784992626065,-7.195901366734646,1.5565123799245513e-08,2.1618227498952103e-07,True
GENE0042,0.8483515629844778,8.254789941993446,9.103141504977923,8.620913746371436,2.2252012960884225e-10,7.80772384592429e-09,True
GENE0043,-0.922949536662454,5.141155768273562,4.2182062316111075,-7.641173321804584,4.034815111972445e-09,7.336027476313537e-08,True
GENE0044,0.7940063808420561,9.736385489156783,10.530391869998839,7.656598111369349,3.851767916178022e-09,7.13290354847782e-08,True
GENE0045,-0.7766954894220497,6.7923663302743424,6.015670840852293,-6.902647352096027,3.822798141308915e-08,4.4194198165420985e-07,True
GENE0046,0.6781189485343901,6.7202157419959745,7.398334690530365,5.99733367273862,6.331079551121722e-07,4.724686232180389e-06,True
GENE0047,-1.0235436556988233,5.731651968928714,4.708108313229891,-8.130032123042598,9.376676698987637e-10,2.373842202275351e-08,True
GENE0048,0.7306309033762286,9.412951057184452,10.143581960560681,5.883926790098622,9.017239452885519e-07,6.395205285734411e-06,True
GENE0049,-0.9503825342469785,8.559736052202283,7.609353517955304,-7.09324156023354,2.1302115068651678e-08,2.802909877454168e-07,True
GENE0050,0.8493325450959972,11.903346455562772,12.75267900065877,8.646075317666485,2.068634429628447e-10,7.628635271084207e-09,True
GENE0051,-0.8568658187922384,11.525358211442216,10.668492392649977,-9.09675446053683,5.6738596676037286e-11,2.639004496559874e-09,True
GENE0052,0.6017770472933357,9.535668530124177,10.137445577417513,6.120580067328652,4.3118684627439794e-07,3.3425336920495963e-06,True
GENE0053,-0.7919520319609408,5.650522716042637,4.8585706840816965,-6.477076544506067,1.4233951124336534e-07,1.3118848962522152e-06,True
GENE0054,0.7972756932023781,5.7001695544571085,6.497445247659487,6.941412645890137,3.393371395545098e-08,4.1131774491455733e-07,True
GENE0055,-0.8110462116929336,7.510004606838659,6.698958395145725,-8.454262191199179,3.614644833734599e-10,1.1121984103798766e-08,True
GENE0056,0.7816471221274623,7.660670465230393,8.442317587357856,6.176287859601302,3.625092764029873e-07,2.8544037512046244e-06,True
GENE0057,-0.862987428110273,6.589121777220207,5.726134349109934,-9.297123764583182,3.218501717865174e-11,1.609250858932587e-09,True
GENE0058,0.9204886902097815,7.912465821871018,8.8329545120808,7.675602872201852,3.6377353852429784e-09,7.063563854840735e-08,True
GENE0059,-0.8660506745829233,7.077896788156944,6.211846113574021,-9.77343398564895,8.537026628229304e-12,4.742792571238503e-10,True
GENE0060,0.7705671380406756,10.497934678685805,11.26850181672648,6.385563565192675,1.8909221070232799e-07,1.6733823955958228e-06,True
GENE0061,-0.7336417460992806,7.318287328384125,6.584645582284844,-6.116211654970932,4.370946331205061e-07,3.370076889646049e-06,True
GENE0062,1.0294179440911044,8.484733180201802,9.514151124292907,8.112765631385134,9.868286557711463e-10,2.4366139648670278e-08,True
GENE0063,-0.9027416468329399,5.630239351166777,4.727497704333837,-6.306639209862749,2.4164809951988583e-07,2.0565795703820073e-06,True
GENE0064,0.8924352421022661,6.349824293355157,7.242259535457423,8.92703278404404,9.207965572290692e-11,3.836652321787788e-09,True
GENE0065,-0.7622961552715752,6.417990095173015,5.65569393990144,-5.751281798951165,1.363890768995093e-06,9.189010701034993e-06,True
GENE0066,0.6926540589851715,8.860659396931858,9.55331345591703,5.479684168560037,3.181053606945777e-06,1.9881585043411108e-05,True
GENE0067,-0.8838008508355202,9.834406260081206,8.950605409245686,-7.353208966498597,9.64059219490087e-09,1.471846136626087e-07,True
GENE0068,0.7237028475694629,9.226371544134704,9.950074391704167,7.143871812452512,1.824605384759905e-08,2.46568295237825e-07,True
GENE0069,-0.9243327218082662,8.71550670670474,7.791173984896474,-7.668311093979692,3.718396226829582e-09,7.121845663685633e-08,True
GENE0070,0.842631895122361,8.020331159193288,8.86296305431565,6.90701619013607,3.771783681125096e-08,4.3857949780524376e-07,True
GENE0071,-0.8808221173385089,5.355261887377975,4.474439770039466,-8.548768570578387,2.7441292561583213e-10,8.997145102158431e-09,True
GENE0072,0.9156285271256941,7.328319251036447,8.243947778162141,7.449058376628351,7.207950585489434e-09,1.1625726750789409e-07,True
GENE0073,-0.8159209317645608,6.111423714339564,5.295502782575003,-6.596842024509875,9.821375555783034e-08,9.489251744717908e-07,True
GENE0074,0.7687392538729956,12.071706866250961,12.840446120123957,6.177049596039077,3.6165054549134754e-07,2.8544037512046244e-06,True
GENE0075,-0.9334098721408921,5.957197033838715,5.023787161697823,-8.571644671172423,2.567492931251419e-10,8.558309770838064e-09,True
GENE0076,0.840142641146377,10.094785567287914,10.934928208434291,7.519669212760275,5.821221024036742e-09,9.866476311926681e-08,True
GENE0077,-0.9902724090354287,5.834948507536053,4.844676098500624,-7.660205221510757,3.810187430071814e-09,7.121845663685633e-08,True
GENE0078,0.95855581655902,10.275300839802302,11.233856656361322,7.337228041502802,1.0120359252876906e-08,1.5105013810264037e-07,True
GENE0079,-0.883839839945388,7.732009010079549,6.848169170134161,-7.855244399917809,2.1229148099708243e-09,4.717588466601832e-08,True
GENE0080,0.7906187455178095,8.72031473149841,9.51093347701622,8.536321320086632,2.845367807351478e-10,9.027180243785843e-09,True
GENE0081,-0.699726766429249,6.961599704236994,6.261872937807745,-6.865924730692088,4.280041706182089e-08,4.836205317719875e-07,True
GENE0082,0.7403361202853382,7.92374836332683,8.664084483612168,7.7655761558765315,2.7765240620590363e-09,5.7148928949771924e-08,True
GENE0083,-0.9024343004703796,7.86591615947538,6.963481859005,-8.538043649663356,2.8311366758266054e-10,9.027180243785843e-09,True
GENE0084,0.7719969538134546,8.10786567099651,8.879862624809965,6.604868484911028,9.580413793365764e-08,9.301372614918218e-07,True
GENE0085,-0.8410056224761586,5.283904240494954,4.442898618018796,-6.943500867331387,3.371670085150284e-08,4.111792786768639e-07,True
GENE0086,0.8790568723987544,6.919039772124525,7.798096644523279,7.469769998101015,6.769723679971187e-09,1.1282872799951979e-07,True
GENE0087,-0.8988492322200345,7.433456744738739,6.534607512518704,-8.81756625201182,1.2607261699800245e-10,4.944024196000097e-09,True
GENE0088,0.6809454822824694,11.228467117135178,11.909412599417648,7.3084614220782935,1.1045576213779859e-08,1.6243494432029203e-07,True
GENE0089,-0.818187787288295,7.356154262517189,6.537966475228894,-7.796632130781674,2.529805709598577e-09,5.325906757049636e-08,True
GENE0090,0.9837096151711364,8.571147234226373,9.55485684939751,8.855430695322351,1.130699826554671e-10,4.522799306218683e-09,True
GENE0091,-0.747567385326195,7.5728617891482015,6.8252944038220065,-6.4353930548721365,1.6199009457943396e-07,1.4528259603536678e-06,True
GENE0092,0.8410385846072916,10.801440331882258,11.64247891648955,8.097093341607893,1.0337085049662177e-09,2.521240256015165e-08,True
GENE0093,-0.8506290334699571,7.468832394787119,6.618203361317162,-9.27264030828775,3.44843044579485e-11,1.6821611930706587e-09,True
GENE0094,0.8246659186450369,8.24830142084759,9.072967339492626,6.736799089851712,6.372345044857745e-08,6.77909047325292e-07,True
GENE0095,-0.8024003412836525,8.907505852334243,8.10510551105059,-7.980816804316871,1.459865830856788e-09,3.356013404268478e-08,True
GENE0096,0.8836693401940288,9.460056575756205,10.343725915950234,7.174230887452754,1.6629765540775723e-08,2.2780500740788664e-07,True
GENE0097,-0.7609629947373602,9.377885487454071,8.61692249271671,-8.894973015806709,1.0093955326502043e-10,4.1199817659192015e-09,True
GENE0098,0.8619487164125399,9.109994510963986,9.971943227376526,9.478553329721043,1.9347393669153544e-11,1.0182838773238708e-09,True
GENE0099,-0.8397901114973942,5.293851753381186,4.454061641883792,-6.91538616309717,3.675956364428935e-08,4.2993641689227305e-07,True
GENE0100,0.9395324910683813,6.7173087048404225,7.656841195908804,7.223927378489066,1.428952389536305e-08,2.0268828220373124e-07,True
GENE0101,-0.7600133455765263,9.698950391884523,8.938937046307997,-7.851499990002734,2.1468067207363155e-09,4.7182565290908036e-08,True
GENE0102,0.7801847869197758,11.500737570617066,12.280922357536841,6.448672284309163,1.5545063472773683e-07,1.4131875884339711e-06,True
GENE0103,-0.9093523709635392,7.004979028161303,6.095626657197764,-8.584559758494109,2.472908167912174e-10,8.382739552244659e-09,True
GENE0104,0.8053975657320791,8.251642144808482,9.057039710540561,7.1159500402556075,1.9872251174188588e-08,2.649633489891812e-07,True
GENE0105,-0.7469364557789415,9.275913035005308,8.528976579226367,-6.248728405051061,2.8933630145241014e-07,2.4111358454367514e-06,True
GENE0106,0.7254515111377744,7.26011155092859,7.9855630620663645,6.176898389951969,3.618208426815161e-07,2.8544037512046244e-06,True
GENE0107,-0.6708492740145724,5.7424786155495955,5.071629341535023,-5.763632916161316,1.3123389358077692e-06,8.89721312412047e-06,True
GENE0108,1.0516149356982485,9.676226805864433,10.727841741562681,8.22152716566937,7.156382922706544e-10,1.9083687793884118e-08,True
GENE0109,-0.9255937394138067,6.623874238306648,5.698280498892841,-7.393234947199016,8.537295482941556e-09,1.3134300742987008e-07,True
GENE0110,0.721888714743308,8.842967030361418,9.564855745104726,7.007076954197091,2.7738525143989253e-08,3.4673156429986564e-07,True
GENE0111,-0.646918798523334,6.889387698895282,6.242468900371948,-4.99614550321761,1.4275072091916082e-05,8.323657196452525e-05,True
GENE0112,0.8374188619849754,9.253700379031681,10.091119241016656,8.122072593731444,9.600140851433868e-10,2.400035212858467e-08,True
GENE0113,-0.7058737995131388,9.207468028153464,8.501594228640325,-7.087616831929525,2.1672041573453813e-08,2.832946610908995e-07,True
GENE0114,0.7879572623514832,8.935816087296397,9.72377334964788,6.31626529057767,2.345237852084572e-07,2.00447679665348e-06,True
GENE0115,-0.969390792787812,8.140505597479038,7.171114804691226,-7.062307329333957,2.3418445136499443e-08,3.002364761089672e-07,True
GENE0116,0.7543516155031984,5.724847698138516,6.479199313641715,6.628289370669241,8.910751691555201e-08,8.866419593587264e-07,True
GENE0117,-0.9653705263974244,7.171175874674856,6.205805348277432,-9.689824248689431,1.0753641315559232e-11,5.812779089491477e-10,True
GENE0118,1.0665213206901996,7.450372257530114,8.516893578220314,10.88402721813832,4.3370427734888805e-13,2.79809211192831e-11,True
GENE0119,-0.7969193339439826,5.272075894686511,4.475156560742528,-6.383280681847379,1.904376522941801e-07,1.6778647779222917e-06,True
GENE0120,-1.4319812542247536,7.338741478793265,5.906760224568512,-11.482981318664114,9.291366544885697e-14,6.636690389204069e-12,True
GENE0121,1.5135652233253731,6.842662108911557,8.35622733223693,13.744408569621108,4.126288576185861e-16,6.348136271055171e-14,True
GENE0122,-1.3914853544022332,10.104813607838155,8.713328253435922,-12.289755175701789,1.2530848133758539e-14,1.0442373444798781e-12,True
GENE0123,1.5921679989154605,5.2685439695458225,6.860711968461283,11.315339278697985,1.4234644739283504e-13,9.816996371919657e-12,True
GENE0124,-1.553832570101081,8.701066922968083,7.147234352867002,-12.465861937226236,8.179035310714971e-15,7.789557438776162e-13,True
GENE0125,1.5382057654735366,6.493538625264373,8.03174439073791,12.443376828490546,8.635089956407132e-15,7.850081778551939e-13,True
GENE0126,-1.677476613336446,8.287138167211626,6.60966155387518,-13.920669046947323,2.7741976972883895e-16,5.0439958132516173e-14,True
GENE0127,1.579148607699599,8.777922386014286,10.357070993713885,13.708119095335972,4.479673203271097e-16,6.399533147530139e-14,True
GENE0128,-1.6602317351806128,9.547303618583866,7.887071883403253,-15.440520745046445,1.039051669027041e-17,6.92701112684694e-15,True
GENE0129,1.6049628804276797,9.176235407850122,10.781198288277801,13.988920193706608,2.381089255608713e-16,4.7621785112174264e-14,True
GENE0130,-1.6448963434137562,8.520356135296328,6.875459791882572,-15.278120605063936,1.4591232060371996e-17,7.295616030185998e-15,True
GENE0131,1.631017296271338,6.164078461412022,7.79509575768336,17.60652751838643,1.4254192126465733e-19,2.8508384252931465e-16,True
GENE0132,-1.5627935954812786,8.403639970071085,6.840846374589806,-16.001736004910242,3.2792563694575856e-18,3.2792563694575854e-15,True
GENE0133,1.4798618948654934,7.59476065612712,9.074622550992613,13.023999669332163,2.168800492391697e-15,2.409778324879663e-13,True
GENE0134,-1.5939026416803097,8.983251650675,7.38934900899469,-14.636039153256457,5.734977966033327e-17,1.638565133152379e-14,True
GENE0135,1.452134283781386,5.78405854736152,7.236192831142906,12.469350550874125,8.11051336510601e-15,7.789557438776162e-13,True
GENE0136,-1.5274282553379148,8.835047268157949,7.307619012820034,-13.82758613670028,3.419838560393799e-16,5.699730933989665e-14,True
GENE0137,1.5507342829801711,7.645842828195342,9.196577111175513,13.49487359617514,7.282084501733452e-16,9.70944600231127e-14,True
GENE0138,-1.6664650535266645,12.59471578314241,10.928250729615746,-14.16119881696076,1.6227740559640559e-16,4.0569351399101394e-14,True
GENE0139,1.5559357778859315,10.111866751618594,11.667802529504526,13.262935205277909,1.242573543820038e-15,1.5532169297750475e-13,True
GENE0140,-1.4778178959300092,7.42452915403099,5.946711258100981,-11.251635126400972,1.6755477972251072e-13,1.1170318648167381e-11,True
GENE0141,1.3569384274664023,6.902936289571014,8.259874717037416,12.262371015744304,1.3394873779931912e-14,1.0715899023945528e-12,True
GENE0142,-1.396221204505868,6.436921651473796,5.040700446967928,-12.57394916818712,6.306612234793769e-15,6.638539194519756e-13,True
GENE0143,1.5615589788889306,6.375239491201566,7.936798470090497,11.516658246512517,8.531971355430001e-14,6.319978781800001e-12,True
GENE0144,-1.5065599426026504,9.26769861824565,7.761138675642999,-14.021985949200568,2.2115956187431962e-16,4.7621785112174264e-14,True
GENE0145,1.557980805509814,9.142648235411814,10.700629040921628,12.313287108373752,1.1833898123714675e-14,1.02903461945345e-12,True
GENE0146,-1.5561436727334383,7.593403314734012,6.037259642000573,-14.829339652009583,3.781141910892932e-17,1.2603806369643107e-14,True
GENE0147,1.4031070289380487,6.2871230983239155,7.690230127261964,13.04785674783185,2.050862358549966e-15,2.409778324879663e-13,True
GENE0148,-1.3367865125418326,5.303985495178558,3.967198982636725,-15.040367124551956,2.4102018330092924e-17,9.640807332037169e-15,True
GENE0149,1.5200703858275713,6.982632667908312,8.502703053735884,11.703632326781618,5.328344443389765e-14,4.098726494915204e-12,True
GENE0150,0.02347998388225747,7.079770668072319,7.103250651954577,0.2011359225986352,0.841693949222818,0.9553918685172872,False
GENE0151,0.01768828664570865,6.414803057904843,6.432491344550551,0.18219766106139337,0.8564221949548861,0.9619379090530565,False
GENE0152,0.1487008616035812,7.444465936422271,7.593166798025853,1.2482875629758658,0.21976735192873123,0.6113139135708796,False
GENE0153,-0.1616197705418978,7.246952760682637,7.085332990140739,-1.2575792413261562,0.21642367331143894,0.608684228703106,False
GENE0154,0.04565989106927937,6.124988354649153,6.170648245718432,0.24457777093976127,0.8081346843353899,0.9492972210585159,False
GENE0155,0.06899166666090828,4.95848316307781,5.027474829738718,0.4915544053884389,0.625937912792859,0.8964290746227466,False
GENE0156,0.17916063273430183,11.865409332567076,12.044569965301378,1.266556257411084,0.21322956972908128,0.605765823093981,False
GENE0157,-0.09595099712068134,5.294227392273898,5.198276395153217,-0.8093204990115844,0.4235049919411136,0.8102940705378721,False
GENE0158,0.10012597843014692,7.055104620922857,7.155230599353004,0.744253004553511,0.4614243036099781,0.8381912872115861,False
GENE0159,-0.15879253555238826,10.069503136510514,9.910710600958126,-1.3911225094506345,0.1724975615075461,0.5407447069202073,False
GENE0160,-0.019534092921093205,13.134646710199766,13.115112617278673,-0.27347019313622595,0.7860125909333137,0.9423706251932693,False
GENE0161,-0.033103760644973335,5.486838611296359,5.453734850651386,-0.1796093924721867,0.858439260450466,0.9619379090530565,False
GENE0162,-0.045901402164531646,8.216509157354382,8.17060775518985,-0.41120952916929887,0.6832910394717958,0.907893830683368,False
GENE0163,-0.06538495420648083,7.675722809853423,7.610337855646942,-0.5933526937760957,0.556555164487587,0.8750867366157028,False
GENE0164,-0.16149904054877595,11.382062799164263,11.220563758615487,-1.4883870180097525,0.14512320846782162,0.49569191160441545,False
GENE0165,-0.01375954907385779,5.744602597516784,5.730843048442926,-0.15469015960093335,0.8779063477078087,0.9647322502283612,False
GENE0166,-0.04086647723908321,8.459718820056851,8.418852342817768,-0.3472623338072214,0.730361836245363,0.918694133641966,False
GENE0167,-0.10392182948340789,8.411654303509259,8.307732474025851,-0.7735867996919552,0.4440898789646518,0.8269830148317537,False
GENE0168,-0.005390780479567425,9.382496239582123,9.377105459102555,-0.06230670240499798,0.9506539656591688,0.9846234755662028,False
GENE0169,0.006698385830501863,6.653106155638089,6.659804541468591,0.06668492921053841,0.9471915734084724,0.9838894274285858,False
GENE0170,0.18080741264748035,8.560143304896396,8.740950717543877,1.4315670551939297,0.16066124697697445,0.5223514432165441,False
GENE0171,-0.09026811584362449,5.2272894110100285,5.137021295166404,-0.6092212054023048,0.5461007390106087,0.873271447172342,False
GENE0172,0.0018630662684469002,8.408745871952469,8.410608938220916,0.0026241602972149314,0.9979203232107783,0.9991811863707245,False
GENE0173,0.015055876795656786,6.778089872180462,6.7931457489761184,0.11856425746629462,0.9062619550949118,0.9727252055124626,False
GENE0174,-0.03963166018974995,9.101267255383966,9.061635595194216,-0.3317606725365097,0.7419419724632619,0.9251146788818726,False
GENE0175,-0.050364876135398085,6.445905841581826,6.395540965446428,-0.3653159431805268,0.7169557137587819,0.9144843287739565,False
GENE0176,0.14557240847690345,9.260842880833641,9.406415289310544,1.0132982441817129,0.3174985044443108,0.7298816194122087,False
GENE0177,0.1933340561389052,8.65257970251093,8.845913758649836,1.5744533458860674,0.12389576353495797,0.45053004921802897,False
GENE0178,-0.07051433972093868,9.042476882138248,8.971962542417309,-0.5578805768071784,0.5802860597758044,0.8857331822751974,False
GENE0179,-0.11861273554921858,7.8017038340428,7.683091098493581,-0.8327277145755604,0.4103413797366172,0.8022314364352243,False
GENE0180,-0.020829855123862373,8.898009567652114,8.877179712528251,-0.17311177043183815,0.8635071380395575,0.9619379090530565,False
GENE0181,-0.10002263961454361,7.274024605967631,7.174001966353087,-0.7148043844581433,0.4792160158735491,0.8538288665195988,False
GENE0182,0.05688574178615102,7.688800801265304,7.745686543051455,0.3433747165900767,0.733260103855112,0.9202888834060577,False
GENE0183,-0.11572949141896416,7.674915402535303,7.559185911116339,-0.766898380365861,0.4480079217172571,0.8278723831339301,False
GENE0184,0.2175478161407174,8.439367577982862,8.65691539412358,1.6015394251526656,0.1177620824035567,0.43696505530076696,False
GENE0185,-0.127239832244614,10.456340921102864,10.32910108885825,-1.0876771044323412,0.28377239275884775,0.6937821149127429,False
GENE0186,0.14889229550441208,11.066223643331476,11.215115938835888,1.220274061659353,0.2300815669714903,0.6303604574561378,False
GENE0187,0.14411188754927817,7.738844071034974,7.882955958584252,1.158005554808256,0.2542822366377391,0.6586122499290494,False
GENE0188,-0.008479507977805945,7.607610349514202,7.599130841536396,-0.0574922927188079,0.9544624176005232,0.9855058519365236,False
GENE0189,0.08228476095277504,5.517611280278904,5.599896041231679,0.7077578780683,0.48353036575378205,0.8577830183401584,False
GENE0190,-0.029590411830332286,10.65935981246918,10.629769400638848,-0.26662946334498155,0.7912348662719586,0.9428680214851699,False
GENE0191,-0.07360681247103784,7.67063952172248,7.597032709251442,-0.5889568804757266,0.5594690646923377,0.8754798965900948,False
GENE0192,0.040184272527955756,9.488668255463836,9.528852527991791,0.22207336396717509,0.8254780135510775,0.9537585367430127,False
GENE0193,-0.001304084252612192,4.663232571088732,4.6619284868361195,-0.05008024453575004,0.9603278233473598,0.9895186227175268,False
GENE0194,0.06332602174085267,10.20865743936151,10.271983461102362,0.8141382357073259,0.4207747840932654,0.8102940705378721,False
GENE0195,-0.18485770381996414,7.958566469552527,7.773708765732563,-1.2045539875047055,0.23602428797641006,0.6370426126218895,False
GENE0196,-0.04362392018388128,7.099649681895421,7.05602576171154,-0.46713210063040267,0.6431447243341086,0.8964290746227466,False
GENE0197,-0.05390394571578394,6.558654527019,6.504750581303216,-0.5249697850651046,0.6027358889901344,0.891875760296581,False
GENE0198,0.04951304674620616,9.11917782948815,9.168690876234356,0.41147626422102235,0.683097202275545,0.907893830683368,False
GENE0199,0.09838574793153043,7.27037335982354,7.3687591077550705,0.6680356659653309,0.5082568618510989,0.8667714207582952,False
GENE0200,-0.07010412141893951,8.365138488814416,8.295034367395477,-0.5068285516563046,0.6152824518865336,0.8956076446674434,False
GENE0201,-0.016956455438381646,7.083961656794054,7.067005201355673,-0.08086345609781836,0.9359863714452095,0.9804664371875172,False
GENE0202,-0.11836223150355352,8.495490635038305,8.377128403534751,-0.8585128112416457,0.39613706291933115,0.7954315724014633,False
GENE0203,-0.16006724514984239,7.637166537113075,7.477099291963232,-1.388278209733187,0.17335487964941604,0.5410056114669374,False
GENE0204,-0.06421148619853057,11.038271737918453,10.974060251719923,-0.5411059795354871,0.5916777915401533,0.8882358706796204,False
GENE0205,-0.056944469373672035,3.392465236077858,3.335520766704186,-0.4716293425399817,0.6399607969607524,0.8964290746227466,False
GENE0206,0.17437061726616143,8.38852631687511,8.562896934141271,1.3239079413853485,0.19365503394542255,0.5850605255148718,False
GENE0207,-0.024911803314631165,7.491742829773875,7.466831026459244,-0.21693382418354662,0.8294516801996423,0.9551255776828096,False
GENE0208,0.09138501568291169,9.21255605967313,9.303941075356041,0.7693032198476383,0.44659682993033445,0.8277976458393596,False
GENE0209,0.06322683157519293,6.678784008795825,6.742010840371018,0.41071684617226667,0.6836491308943206,0.907893830683368,False
GENE0210,0.10501679153011434,6.021759927007112,6.126776718537227,1.0820894998730222,0.2862149035222862,0.6949642157063952,False
GENE0211,-0.049035667602855604,7.736205759641566,7.68717009203871,-0.2965643433112267,0.7684575381146881,0.9394346431719904,False
GENE0212,0.030439641362615788,11.357147072940787,11.387586714303403,0.20714080624494266,0.8370357125313642,0.9552064065667842,False
GENE0213,-0.07674963177136007,5.004195229465006,4.927445597693646,-0.5597130844563868,0.579048100629834,0.8857331822751974,False
GENE0214,-0.030431245836780363,10.061976806836167,10.031545560999387,-0.21781256407689484,0.8287719519931376,0.9551255776828096,False
GENE0215,-0.07372718779504783,6.764756455455434,6.691029267660386,-0.7700976987561882,0.44613123140506694,0.8277976458393596,False
GENE0216,-0.0691778900185156,8.684811517530017,8.615633627511501,-0.6027856436958645,0.550328352841228,0.8742309020511964,False
GENE0217,-0.12366281130615953,5.773683102430627,5.650020291124467,-0.9100871299708919,0.36866742398342156,0.7753613445029613,False
GENE0218,0.0539959176644782,8.216748043546211,8.27074396121069,0.42285536133262897,0.6748483799366771,0.9060885282456144,False
GENE0219,-0.24377342234486932,9.3237546578645,9.07998123551963,-2.0081593411780316,0.051968600743404224,0.24341264985201042,False
GENE0220,0.18426621911492091,9.502928555113696,9.687194774228617,1.6507453966183239,0.10725495175178257,0.41491277273416854,False
GENE0221,0.035250245063087604,9.855139874816967,9.890390119880054,0.2912296061562182,0.7725021595868644,0.9406297438805712,False
GENE0222,0.0015532638934736553,10.522434146646322,10.523987410539796,0.0045016691642769825,0.9964323843158254,0.9989297085872936,False
GENE0223,-0.019377366005959296,7.960759067243873,7.941381701237914,-0.12617364193790487,0.9002776233229406,0.971047469866079,False
GENE0224,0.045211028728912694,11.274236322006548,11.31944735073546,0.300436722628532,0.7655257254312652,0.936995991959933,False
GENE0225,-0.13657289318110788,8.014613566154873,7.878040672973765,-0.9433005531624943,0.3516462742000239,0.7570425709365423,False
GENE0226,0.09818558326594307,9.961628361317157,10.0598139445831,0.6718568755223843,0.5058485479776986,0.8661790205097579,False
GENE0227,-0.05557594568301205,6.758367694800576,6.702791749117564,-0.3748356763517415,0.7099226862446792,0.9116551900125415,False
GENE0228,-0.052517470569753755,8.88374254387649,8.831225073306737,-0.4349611988558089,0.6661171834301833,0.9051854185277907,False
GENE0229,-0.06266613606253735,6.240673035124564,6.1780068990620265,-0.4340201315312825,0.6667942513944825,0.9051854185277907,False
GENE0230,0.08469394511429229,10.18228033362137,10.266974278735661,0.629161806850202,0.5331087408036417,0.8704069320570939,False
GENE0231,0.05945177296137949,5.4635921532695,5.52304392623088,0.4775283969338611,0.635794872921834,0.8964290746227466,False
GENE0232,0.011071291086871327,9.827621483979147,9.838692775066018,0.013370497699003971,0.9894040407240599,0.9970480443124635,False
GENE0233,-0.04485547566388526,7.016907046258508,6.972051570594623,-0.4686776088171657,0.6420497721742018,0.8964290746227466,False
GENE0234,0.03958060074268488,10.49342390857493,10.533004509317616,0.3094123177052403,0.7587437203587319,0.9331453198958086,False
GENE0235,0.1859474609175944,8.260473956262143,8.446421417179737,1.8108515106328604,0.07828955356358071,0.333147036440769,False
GENE0236,-0.1345115427028496,11.553334542048018,11.418822999345169,-1.0107273795729672,0.3187112867924526,0.7318284426921988,False
GENE0237,-0.03249639989178377,8.347761473255812,8.315265073364028,-0.2524360409059994,0.802101163151221,0.9477346622668663,False
GENE0238,0.23112927206999956,6.2672510518446005,6.4983803239146,1.7762874857266615,0.0839096852176487,0.35108654902781883,False
GENE0239,0.04004988887506489,7.132880661144716,7.172930550019781,0.39732803098134356,0.693408497645213,0.9098754145617826,False
GENE0240,0.012249489330777408,7.022732027161931,7.034981516492708,0.059595957840181915,0.9527981690492955,0.9853135150458071,False
GENE0241,0.12462818088982086,6.427906330464422,6.552534511354243,1.0648917786856287,0.2938251589863576,0.7046166882166849,False
GENE0242,0.015345028588395593,11.039345570434499,11.054690599022894,0.08960133529732876,0.929087299561142,0.9795332625842298,False
GENE0243,-0.11569038722321423,8.312205991212288,8.196515603989074,-1.2624108512823085,0.21470011505306422,0.6067091206698236,False
GENE0244,0.03701405463617036,7.759661276368279,7.796675331004449,0.24263606384388642,0.8096273601995919,0.9492972210585159,False
GENE0245,0.026977520992098825,5.710661757792256,5.737639278784354,0.3108726877837218,0.7576420664792464,0.9331453198958086,False
GENE0246,0.1105936416687694,8.811657155219743,8.922250796888513,0.8527096304224878,0.3993066493455346,0.7954315724014633,False
GENE0247,0.1704023496939131,5.28019959067201,5.450601940365923,1.5959656752145133,0.11900359195969518,0.43912764560773127,False
GENE0248,0.10733636841835104,7.76703398374045,7.874370352158801,0.7904431841070034,0.43430628258140935,0.8179465139931106,False
GENE0249,-0.07123769933059076,7.745715629181177,7.674477929850586,-0.4770008184592716,0.636166964505944,0.8964290746227466,False
GENE0250,0.10431135428347105,10.463582010623227,10.567893364906698,0.7455998318636466,0.4606198857778585,0.8381912872115861,False
GENE0251,0.006964341037869914,8.131776893703478,8.138741234741348,0.1520875786557639,0.87994416213306,0.9653803204970489,False
GENE0252,0.1269180483840211,5.264074558070378,5.390992606454399,0.8808809446451928,0.38406860802151077,0.7830144913792269,False
GENE0253,0.11120371119530326,7.722379978326577,7.8335836895218804,0.958817732571159,0.3438744364253483,0.7510332845353697,False
GENE0254,0.05636568074507764,8.851648357099572,8.90801403784465,0.3611503067524481,0.7200411392058765,0.9152285042618108,False
GENE0255,-0.09218284586111913,7.98105032576597,7.888867479904851,-0.701193304135383,0.4875693126980368,0.8583966772852761,False
GENE0256,0.027767560554172732,11.227422731735688,11.25519029228986,0.21958450946535069,0.8274017123929142,0.9548779138983429,False
GENE0257,-0.10558199681546832,4.086695511494051,3.981113514678583,-0.9949946767223041,0.32620176952918745,0.7422110797023606,False
GENE0258,0.11307711359156691,7.813791458406501,7.926868571998068,0.7027012093351152,0.4866398786868309,0.8577830183401584,False
GENE0259,0.01781147614722478,8.111431131031958,8.129242607179183,0.14330885735924556,0.8868239056944631,0.9696990765035525,False
GENE0260,-0.14416808033213258,6.52722755030162,6.383059469969488,-1.1069468231496407,0.2754618808764223,0.6886547021910557,False
GENE0261,0.05263268465204973,9.410119070625282,9.462751755277331,0.3290746107674567,0.7439548148140427,0.9262316119447146,False
GENE0262,-0.000717268502180346,9.486041619207016,9.485324350704836,-0.03726350514124979,0.9704752324803154,0.9925635212956716,False
GENE0263,0.0019572477477520778,8.456873378898274,8.458830626646026,0.032352096210813,0.9743651594337346,0.9932366558957539,False
GENE0264,0.13838853899660375,7.802159028294781,7.940547567291385,1.3764322868722898,0.1769611187761418,0.549568691851372,False
GENE0265,-0.1921970175014316,8.592933497646271,8.40073648014484,-1.851812295120652,0.07204539455107418,0.31324084587423556,False
GENE0266,0.03573611824593215,10.350888760815625,10.386624879061557,0.38573431920050366,0.70190244225836,0.9111389734413847,False
GENE0267,0.18549420952139428,7.477785353540172,7.663279563061566,2.039843632757766,0.04855333449833925,0.2301105900395225,False
GENE0268,0.07548431078502027,9.06613131649019,9.141615627275211,0.5416706857085848,0.5912925618401141,0.8882358706796204,False
GENE0269,0.01242434841367146,7.602302343942443,7.614726692356115,0.14222521634884153,0.8876737650311506,0.9696990765035525,False
GENE0270,-0.035799003737010615,7.475396559336123,7.4395975555991125,-0.2985014190686229,0.766990526882878,0.938214711783337,False
GENE0271,-0.12887853941860072,7.075472306603556,6.946593767184956,-1.0284594041684791,0.31041046523421967,0.7210463768506845,False
GENE0272,-0.014455145987206208,8.625077143578718,8.610621997591512,-0.17779674566087703,0.8598524493885913,0.9619379090530565,False
GENE0273,-0.2381075275425033,7.960777519025834,7.722669991483331,-1.9258695329808737,0.061831089321652016,0.27802480483681813,False
GENE0274,0.03387668541925848,10.30892027260629,10.342796958025549,0.2664265615654437,0.7913899137141588,0.9428680214851699,False
GENE0275,-0.0012762279950369049,5.700449719675274,5.699173491680237,-0.03961376025505569,0.9686140395507593,0.9925635212956716,False
GENE0276,0.07269260996391225,8.589410073992271,8.662102683956183,0.5922546700805194,0.557282301186429,0.8752553023095981,False
GENE0277,0.10743963544168622,9.360833933351262,9.468273568792949,0.8155586106557418,0.41997191600797124,0.8102940705378721,False
GENE0278,-0.02493898051858512,7.665940950083214,7.641001969564629,-0.09189672624395229,0.9272758504235585,0.9795332625842298,False
GENE0279,-0.036915970542199084,5.98071704987475,5.943801079332551,-0.28888717267685116,0.7742801575724971,0.9406297438805712,False
GENE0280,-0.22389893700897368,9.161911319138653,8.93801238212968,-1.5908722588380118,0.120147428688258,0.4409079951862679,False
GENE0281,-0.087775830876609,8.539994322088607,8.452218491211998,-0.6582141724416105,0.5144754653624937,0.8704069320570939,False
GENE0282,-0.01894946035031353,8.825019650023048,8.806070189672734,-0.11398392220426921,0.90986681447417,0.9746832506418532,False
GENE0283,-0.07812562488431496,9.334135476658513,9.256009851774198,-0.6230998020778205,0.5370410770792269,0.8704069320570939,False
GENE0284,0.0650397215110683,10.015685080367048,10.080724801878116,0.46825821576064897,0.6423468212553134,0.8964290746227466,False
GENE0285,-0.07026927591844867,8.52424550898163,8.453976233063182,-0.5150733473270084,0.6095654750169198,0.8933128654616989,False
GENE0286,0.16435923527173202,9.537294420867493,9.701653656139225,1.146047372301712,0.25913375516008996,0.6624815061907449,False
GENE0287,-0.14897930123630232,10.808339693496112,10.65936039225981,-1.1559129159509351,0.2551264536103636,0.6586122499290494,False
GENE0288,-0.025269091824638323,8.547820081619529,8.52255098979489,-0.1448767147205893,0.8855945335266511,0.9696990765035525,False
GENE0289,-0.08252723429903952,4.2643150403270855,4.181787806028046,-0.6358061183021045,0.5288161460091941,0.8704069320570939,False
GENE0290,0.06761910089123013,11.263048571802202,11.330667672693432,0.5231630593607052,0.603980042573917,0.8928012454898995,False
GENE0291,-0.0038214704550281198,6.5256994360798855,6.521877965624857,-0.028791019553459772,0.9771860007155095,0.9956046874330203,False
GENE0292,0.14399696143249407,8.916723438000288,9.060720399432782,1.081625551989701,0.28641837195793657,0.6949642157063952,False
GENE0293,-0.04181212824037139,9.302204213398618,9.260392085158246,-0.3407616365881909,0.7352104177430892,0.9218939407436855,False
GENE0294,0.026173524121886338,6.429219972211864,6.45539349633375,0.2442270309794178,0.8084042599898262,0.9492972210585159,False
GENE0295,-0.18666754512959116,5.437785074082298,5.251117528952707,-1.460032379065707,0.15272066602010567,0.5090688867336856,False
GENE0296,0.019136691897754687,6.355208676374284,6.374345368272039,0.16760460661048757,0.8678070902618409,0.9619379090530565,False
GENE0297,-0.054552437674440846,6.127512955183467,6.072960517509026,-0.5341784105389065,0.5964133578148096,0.8901242342337499,False
GENE0298,-0.11985455297334724,9.504509605951569,9.384655052978221,-0.9166887240634057,0.3652423967944103,0.7735939949451153,False
GENE0299,0.07668867063325457,7.903946441078018,7.980635111711273,0.6240383896033355,0.5364312368956288,0.8704069320570939,False
GENE0300,0.7641092091937125,8.495129600549337,9.25923880974305,6.2340690790019835,3.028387770387711e-07,2.5027998102377778e-06,True
GENE0301,-0.6687422985255509,5.739212501148101,5.07047020262255,-4.874597940872529,2.0768992746624485e-05,0.00011970601006699992,True
GENE0302,0.7657205126243625,4.696985554446537,5.4627060670709,5.298796524136341,5.585754763681006e-06,3.36491250824157e-05,True
GENE0303,-0.9621592006754707,8.044797264547963,7.082638063872492,-8.370469649273799,4.618975006889696e-10,1.370275023140678e-08,True
GENE0304,0.7293871427225405,7.357443103851892,8.086830246574433,6.835132618022913,4.705681497171719e-08,5.228534996857466e-07,True
GENE0305,-0.9416410855315345,8.649629860117727,7.707988774586193,-8.206274215050499,7.485640153346992e-10,1.9699053035123664e-08,True
GENE0306,0.9772549703807254,9.032834659875647,10.010089630256372,7.7107128273785595,3.273430397787119e-09,6.482040391657662e-08,True
GENE0307,-0.870280143915684,8.176521006537534,7.30624086262185,-7.437416968592528,7.46673636231795e-09,1.194677817970872e-07,True
GENE0308,0.6590625515352073,9.287391993128908,9.946454544664116,6.1503210197770635,3.9303865742351915e-07,3.082656136655052e-06,True
GENE0309,-0.8898992150460678,8.29448362127196,7.404584406225892,-6.871469000206435,4.207628577380196e-08,4.781396110659314e-07,True
GENE0310,0.9908822658750474,8.756525883754739,9.747408149629786,7.5200697999503925,5.814176662702523e-09,9.866476311926681e-08,True
GENE0311,-0.8180403890965229,6.8429914282789195,6.024951039182397,-5.776702238042975,1.2599092779471189e-06,8.57081141460625e-06,True
GENE0312,0.6933366208523388,7.838811818811493,8.532148439663832,5.381016088886313,4.32522279922294e-06,2.645396207475804e-05,True
GENE0313,-0.834393105087047,8.269381328978307,7.43498822389126,-5.844734879703664,1.0189844352402574e-06,7.125765281400402e-06,True
GENE0314,0.9455625327270276,9.223438424770475,10.169000957497502,6.935079287777134,3.4600539966300184e-08,4.143777241473076e-07,True
GENE0315,-1.0247524128641494,7.389585544777168,6.364833131913018,-8.134377967674208,9.256897894237009e-10,2.373563562624874e-08,True
GENE0316,0.7564593376708775,8.951881130797114,9.708340468467991,5.928992753695202,7.834817892785692e-07,5.656908225838045e-06,True
GENE0317,-0.9826381753854134,7.61593813441079,6.6332999590253765,-7.601441610384259,4.547881645993803e-09,8.049348046006731e-08,True
GENE0318,0.8327317474377223,7.77398220134175,8.606713948779472,5.938122013739468,7.614894974511081e-07,5.546264522039416e-06,True
GENE0319,-0.920720013657327,9.335865146831814,8.415145133174487,-7.567609437569441,5.036504263240039e-09,8.75913784911311e-08,True
GENE0320,0.775055872566421,5.091422219258222,5.866478091824643,6.259137136111401,2.801173536116836e-07,2.3638595241492286e-06,True
GENE0321,-0.8725939224870922,6.09490403137774,5.222310108890648,-6.212487614002881,3.238764969676158e-07,2.611907233609805e-06,True
GENE0322,0.8521732804029396,5.768240959957846,6.620414240360786,7.181653024727452,1.6257095193568742e-08,2.2423579577336199e-07,True
GENE0323,-0.7099334280900038,4.413821755715887,3.703888327625883,-5.63814096732466,1.9410991749056088e-06,1.2728519179708911e-05,True
GENE0324,0.8314385994157245,6.949915858478336,7.781354457894061,5.591297060227264,2.2464047691180027e-06,1.4539836693320406e-05,True
GENE0325,-0.8944081834359672,9.044589322174156,8.150181138738189,-6.2312248590172885,3.0553089801920286e-07,2.5146575968658673e-06,True
GENE0326,0.9053624335443109,7.615148993382742,8.520511426927053,7.423827561134259,7.780727466331786e-09,1.2186388406014923e-07,True
GENE0327,-0.8171635780520727,8.226157674069885,7.408994096017812,-6.055821377820704,5.275913053033337e-07,3.996903828055558e-06,True
GENE0328,0.7731153327052613,9.677152312415805,10.450267645121066,5.9332492614346,7.731498728326267e-07,5.6025353103813526e-06,True
GENE0329,-1.0084210840080878,9.99524367015653,8.986822586148442,-8.017756824427915,1.3080251196684113e-09,3.041918882949794e-08,True
GENE0330,0.9326270401770875,7.951296104534227,8.883923144711314,5.993296638547469,6.411270310537298e-07,4.766743725306541e-06,True
GENE0331,-0.7321715378657228,9.920457272522265,9.188285734656542,-5.359709946130539,4.621716288495766e-06,2.8010401748459185e-05,True
GENE0332,0.9506866307604955,8.107987459297616,9.058674090058112,8.531130593033332,2.88869767801147e-10,9.027180243785843e-09,True
GENE0333,-0.8165631335221724,6.677210654881963,5.860647521359791,-5.953991095243738,7.24721887640617e-07,5.348501015797911e-06,True
GENE0334,0.7366330486837978,7.207640348283265,7.944273396967063,5.390202456651575,4.203305907620489e-06,2.5787152807487664e-05,True
GENE0335,-0.8708251889355703,5.70600160720739,4.8351764182718195,-7.346576190091377,9.836864213796844e-09,1.4904339717874005e-07,True
GENE0336,0.9563618052333567,6.669943839150794,7.626305644384151,6.336851327847324,2.1998769869314976e-07,1.8964456783892219e-06,True
GENE0337,-0.8303948589639214,7.4226109605087185,6.592216101544797,-5.680826716320958,1.699135739617709e-06,1.1289938469220658e-05,True
GENE0338,0.6717826178126565,9.315233230483392,9.987015848296048,5.232950643123823,6.853923652132119e-06,4.1041458994803105e-05,True
GENE0339,-0.7628941625010501,10.541409233345092,9.778515070844042,-5.18095835576198,8.054372193300835e-06,4.7942691626790686e-05,True
GENE0340,0.7722289202785477,5.978311692396605,6.750540612675152,6.455682630471421,1.5210601057228593e-07,1.3890959869615154e-06,True
GENE0341,-1.0854957895620725,8.667052334096002,7.58155654453393,-8.596893355542711,2.385881196880287e-10,8.227176540966505e-09,True
GENE0342,0.8984580271533451,6.370495051773212,7.2689530789265575,7.2124015259644,1.4800831922716677e-08,2.0846242144671376e-07,True
GENE0343,-0.781180507092377,8.618649598826055,7.837469091733678,-5.651734898941076,1.8605233422750631e-06,1.2240285146546469e-05,True
GENE0344,0.8630412252300603,7.899951654795141,8.762992880025202,6.723050800671869,6.648617079137192e-08,6.961902700667217e-07,True
GENE0345,-0.7753684974775936,5.254563051300246,4.479194553822652,-5.58754561863376,2.272834993200963e-06,1.466345156903847e-05,True
GENE0346,0.8970500538801129,9.440773669444027,10.33782372332414,6.521004061405898,1.2421657603263266e-07,1.1555030328616993e-06,True
GENE0347,-0.8530110863775953,7.069045436954984,6.216034350577389,-6.563823752343539,1.0878459559087178e-07,1.031133607496415e-06,True
GENE0348,0.7997839906077147,7.286205548552402,8.085989539160117,6.9551204314046275,3.253446091669339e-08,4.041547939961912e-07,True
GENE0349,-0.8321199128070056,6.362874677854512,5.530754765047506,-6.214670914222823,3.216831674094983e-07,2.6047220033157757e-06,True
GENE0350,0.8169668352325203,7.096919441690668,7.913886276923188,5.889565117098875,8.860039708398146e-07,6.306078084269142e-06,True
GENE0351,-0.7459185535794148,8.547605158832964,7.801686605253549,-5.16928053374991,8.351523227101216e-06,4.941729720178234e-05,True
GENE0352,0.7415592307596492,7.889391605327421,8.63095083608707,5.903282586532467,8.488948029425677e-07,6.063534306732626e-06,True
GENE0353,-0.7657796910748225,8.51780343631299,7.7520237452381675,-6.852645376144702,4.458628943066219e-08,5.009695441647438e-07,True
GENE0354,0.9420861530695603,8.46616775404688,9.40825390711644,6.141579885634845,4.0388544331016715e-07,3.1430773798456585e-06,True
GENE0355,-0.7465116709362096,9.838835124253752,9.092323453317542,-5.825602975934171,1.0816511703557164e-06,7.511466460803587e-06,True
GENE0356,0.8060672793919768,7.582989767504094,8.38905704689607,6.424646061279469,1.6748443744169395e-07,1.4953967628722673e-06,True
GENE0357,-0.9371652347684858,5.81788685828745,4.880721623518964,-7.489061248521997,6.385782438992309e-09,1.0732407460491277e-07,True
GENE0358,0.9044196637136412,9.668247305240193,10.572666968953834,7.46287454424324,6.912548597334863e-09,1.1332046880876825e-07,True
GENE0359,-0.8555309982545509,7.484262957668409,6.628731959413858,-6.000414774895049,6.27055393563963e-07,4.697044146546539e-06,True
GENE0360,0.7984064796888362,9.748503007266056,10.546909486954892,6.821963416280271,4.9005047092995006e-08,5.385170010219232e-07,True
GENE0361,-0.7948339335381593,8.475779772996187,7.680945839458028,-5.693413573516571,1.6337182367461323e-06,1.0964551924470687e-05,True
GENE0362,0.9209462222883698,7.782072038977603,8.703018261265973,6.593036961833916,9.937728047956875e-08,9.555507738420071e-07,True
GENE0363,-0.8663702462497866,8.570783734802625,7.704413488552838,-6.763401579649077,5.870145857639413e-08,6.31198479316066e-07,True
GENE0364,0.897880910891315,10.899133646093764,11.79701455698508,6.226058793773145,3.104822771987695e-07,2.534549201622608e-06,True
GENE0365,-0.940682966383994,11.16883000234562,10.228147035961626,-7.804748138982888,2.469066117994526e-09,5.3098196085903785e-08,True
GENE0366,0.8211456720963,8.155558095329415,8.976703767425715,6.07895533539743,4.908938156020332e-07,3.7330328182664117e-06,True
GENE0367,-0.7505909850800867,8.111333957107044,7.360742972026958,-5.839297592094404,1.0364153858073155e-06,7.222406869737391e-06,True
GENE0368,1.0520323757331447,9.61355163918525,10.665584014918394,8.755501135532398,1.5075600790597968e-10,5.707692864496674e-09,True
GENE0369,-0.7627315387041786,6.717862558052303,5.955131019348125,-5.052124952040107,1.2006170736983677e-05,7.021152477768232e-05,True
GENE0370,0.7329317212795452,8.56835382046984,9.301285541749385,6.256609258874787,2.8232880929805155e-07,2.372511002504635e-06,True
GENE0371,-0.9361517858509201,7.976013651875166,7.039861866024246,-6.8445455321302155,4.571226522036991e-08,5.107515667080437e-07,True
GENE0372,0.9769078243528799,8.461198723460015,9.438106547812895,7.72156153446297,3.168499627497204e-09,6.336999254994407e-08,True
GENE0373,-0.7814893493636026,6.697043041080738,5.915553691717135,-5.442044412145276,3.5767662932095045e-06,2.214715971027557e-05,True
GENE0374,0.7751705151919843,5.710887686780786,6.48605820197277,5.277686445995766,5.964574350120632e-06,3.5823269370093884e-05,True
GENE0375,-0.9710594133791202,4.949284938781331,3.978225525402211,-6.900060664977991,3.853329726480673e-08,4.429114628138705e-07,True
GENE0376,1.056150754972589,6.283875187372033,7.340025942344622,10.569602752199518,9.919651273785597e-13,5.835088984579763e-11,True
GENE0377,-0.8596106838298185,7.2795066468902805,6.419895963060462,-6.4585577985318,1.5075527432985315e-07,1.3830759112830565e-06,True
GENE0378,0.8080852119809077,7.56536652382208,8.373451735802988,6.211017155550758,3.2536216041321745e-07,2.6133506860499392e-06,True
GENE0379,-0.7804781354430421,10.820639103837893,10.04016096839485,-5.374761241144115,4.410243439023727e-06,2.6891728286730043e-05,True
GENE0380,0.8477985470484324,9.725048715842826,10.572847262891258,5.549525003652318,2.558856513785623e-06,1.6246708024035702e-05,True
GENE0381,-0.9290685850723506,6.534582575332587,5.605513990260237,-7.035351831864364,2.543487127237049e-08,3.199354877027734e-07,True
GENE0382,0.9180068277345708,8.467731977872168,9.385738805606739,5.555746624965927,2.509706924162683e-06,1.598539442141836e-05,True
GENE0383,-0.827409430724316,7.4823147682364635,6.654905337512147,-6.713162948385749,6.854739806188832e-08,7.140353964780033e-07,True
GENE0384,0.8879943132002666,7.540397764165439,8.428392077365706,7.432501051755113,7.578816095351083e-09,1.2029866818017592e-07,True
GENE0385,-0.9024021131931512,8.288631999321959,7.386229886128808,-7.049468080855811,2.4357964889233046e-08,3.083286694839626e-07,True
GENE0386,0.7437555414467596,9.119262930936328,9.863018472383088,6.243847001590983,2.9376402473332046e-07,2.437875723927971e-06,True
GENE0387,-0.80216333939903,7.479326702534,6.67716336313497,-6.219277855271942,3.1710384310921443e-07,2.5780800252781663e-06,True
GENE0388,0.824868373481209,9.65147678250538,10.47634515598659,6.927923387381538,3.536987603347085e-08,4.2106995277941487e-07,True
GENE0389,-0.767313695186763,6.259594691407538,5.492280996220775,-5.410535313985436,3.945497366970939e-06,2.435492201833913e-05,True
GENE0390,0.8712388926551142,7.996734334991119,8.867973227646234,7.059283345409429,2.363638377262416e-08,3.011004302245116e-07,True
GENE0391,-0.8467733494543648,11.828394020192071,10.981620670737707,-6.148864261776888,3.9482583220705224e-07,3.0845768141175957e-06,True
GENE0392,0.8193312459517053,8.416443179093157,9.235774425044863,5.475548729185136,3.2223027364004452e-06,2.0076652563242648e-05,True
GENE0393,-0.6776904477916723,10.033369328490984,9.355678880699312,-5.4974724018060614,3.0095444399513524e-06,1.8868617178378384e-05,True
GENE0394,0.8424726392891007,8.18226834697522,9.024740986264321,5.855405845978405,9.856233562063816e-07,6.916655131272854e-06,True
GENE0395,-0.9040807055649847,8.86639445504284,7.962313749477856,-9.167184068737122,4.6459940336008065e-11,2.212378111238479e-09,True
GENE0396,0.8118886160074066,8.008384179650248,8.820272795657655,6.05284804783585,5.325031482841166e-07,4.0188916851631445e-06,True
GENE0397,-0.9867387804094934,7.768818770497738,6.782079990088245,-6.546895086498916,1.1464077992320243e-07,1.0815167917283248e-06,True
GENE0398,0.8049168104616058,6.891633694475774,7.69655050493738,6.605275800578707,9.56834558956752e-08,9.301372614918218e-07,True
GENE0399,-0.6654994231076028,8.570371031397297,7.904871608289694,-5.0737845463166265,1.1227704337665668e-05,6.585163834408015e-05,True
GENE0400,0.7491955491342495,6.874253460200822,7.623449009335071,5.682676731761033,1.6893590742295665e-06,1.12786202151281e-05,True
GENE0401,-0.9016821188382576,9.020495246676075,8.118813127837818,-6.297071850113748,2.489442779359272e-07,2.109697270643451e-06,True
GENE0402,0.6173266530618484,9.740808244439808,10.358134897501657,4.708874076001077,3.454904166023159e-05,0.0001979887774225306,True
GENE0403,-1.0951661183617043,8.668364802584644,7.57319868422294,-6.946178630627016,3.3440466591972576e-08,4.103124735211359e-07,True
GENE0404,0.8257149111814561,7.554268682623058,8.379983593804514,6.638013349496493,8.64674387740553e-08,8.64674387740553e-07,True
GENE0405,-0.9140141653137253,8.678213636962287,7.764199471648562,-7.204948560319438,1.5141250598664094e-08,2.1176574263865867e-07,True
GENE0406,0.8075737354625288,7.648886993642281,8.45646072910481,6.680956550438905,7.571785381674969e-08,7.76593372479484e-07,True
GENE0407,-0.8373885788234112,9.40191370101462,8.564525122191208,-5.601766464480346,2.174255902491323e-06,1.4164533566718718e-05,True
GENE0408,0.8075361163017005,5.360044860275055,6.1675809765767555,5.35410460489812,4.703027303298004e-06,2.8417083403613316e-05,True
GENE0409,-1.0083561983413247,7.609717662882929,6.601361464541604,-9.07572208326494,6.023548319196454e-11,2.7379765087256613e-09,True
GENE0410,0.9072018812747391,5.059553601015607,5.966755482290346,6.115466828541553,4.381099956539864e-07,3.370076889646049e-06,True
GENE0411,-0.9368692782976469,5.742306420949911,4.805437142652264,-6.194971522023017,3.4202495990214576e-07,2.725298485276062e-06,True
GENE0412,0.990779850641001,10.028083729723924,11.018863580364926,6.734526244530555,6.417207421973078e-08,6.790695684627595e-07,True
GENE0413,-0.7845345227359637,9.325725633128487,8.541191110392523,-4.953604911432296,1.6279199371519105e-05,9.46465079739483e-05,True
GENE0414,0.8097372873084501,6.935501903733401,7.745239191041851,5.821833826326681,1.094444382522644e-06,7.574009567630755e-06,True
GENE0415,-0.8613190262300039,5.760245553640007,4.898926527410003,-7.423041675310605,7.799288579849551e-09,1.2186388406014923e-07,True
GENE0416,0.7650732235186881,3.6077220897496725,4.372795313268361,5.138387813387621,9.191181858650162e-06,5.4225261702950804e-05,True
GENE0417,-0.8127382477735319,7.191885660152171,6.379147412378639,-6.663056354879636,8.002482443713488e-08,8.124347658592374e-07,True
GENE0418,0.8268309567424907,11.64245316289266,12.469284119635152,6.763855320849171,5.8619350279882525e-08,6.31198479316066e-07,True
GENE0419,-0.9501246501136418,8.714031439013393,7.763906788899751,-5.937649957036228,7.626113717804198e-07,5.546264522039416e-06,True
GENE0420,0.8456874250522262,7.2341618396017235,8.07984926465395,7.288363675309541,1.1742235502987283e-08,1.689530288199609e-07,True
GENE0421,-0.7306090928178381,8.601078809440356,7.870469716622518,-5.5968612165281035,2.2077672988988976e-06,1.4336151291551284e-05,True
GENE0422,0.8259579430928223,5.695856239479581,6.521814182572403,8.250608013042388,6.568708799765228e-10,1.7753267026392507e-08,True
GENE0423,-0.939975690163311,7.637409088623505,6.697433398460194,-6.921517522875093,3.607318973133585e-08,4.2439046742748054e-07,True
GENE0424,0.9605830712828212,8.14177500258613,9.10235807386895,5.868640912284981,9.457603509728888e-07,6.660284161780908e-06,True
GENE0425,-1.0169300222688236,7.938742513459388,6.921812491190565,-7.661176627167707,3.799067451500969e-09,7.121845663685633e-08,True
GENE0426,0.9069364431899469,9.163634073503996,10.070570516693943,6.655886293308147,8.18184150742599e-08,8.222956288870342e-07,True
GENE0427,-0.9843302950213495,8.517559491703281,7.533229196681932,-7.130675027984815,1.899721178429447e-08,2.549961313328117e-07,True
GENE0428,0.91980150146669,8.930989782610368,9.850791284077058,6.7242909996226095,6.623208061757428e-08,6.961902700667217e-07,True
GENE0429,-0.7754450029017566,6.906101279642992,6.130656276741235,-5.820354871056766,1.0995054883425488e-06,7.582796471327924e-06,True
GENE0430,0.8126107709554731,9.3428345614039,10.155445332359372,6.827511657400136,4.8174533970928496e-08,5.323152924964475e-07,True
GENE0431,-0.8571172265816269,10.376328189126074,9.519210962544447,-6.52777125754581,1.2163869354039018e-07,1.1368102200036466e-06,True
GENE0432,1.0187738553905072,6.467220541284118,7.485994396674625,7.944643570606014,1.6258574184637162e-09,3.695130496508446e-08,True
GENE0433,-0.7529728833204334,6.5378419703494375,5.784869087029004,-6.435514866024973,1.6192886871876232e-07,1.4528259603536678e-06,True
GENE0434,0.8205967010314552,10.113035991323411,10.933632692354866,4.824785810892683,2.4209092251746804e-05,0.00013913271409049887,True
GENE0435,-0.874683590939834,7.729714073736301,6.855030482796467,-6.4394920754694125,1.599425302172799e-07,1.4474437123735738e-06,True
GENE0436,0.7935599831999891,10.119119131967864,10.912679115167853,5.6675735907755085,1.770846399758822e-06,1.1688755113919617e-05,True
GENE0437,-0.949258601386398,7.359279925189074,6.410021323802676,-6.586307807322501,1.0146899234627791e-07,9.709951420696452e-07,True
GENE0438,0.8567116682699183,10.199903676383368,11.056615344653286,6.202768984135789,3.338232738891639e-07,2.6705861911133113e-06,True
GENE0439,-0.8661972455577827,8.170409755060255,7.304212509502473,-7.910390309989278,1.8006377409702921e-09,4.046376946000657e-08,True
GENE0440,0.8543794943074552,8.362800999043682,9.217180493351137,9.021907958983768,7.021339016121903e-11,3.0527560939660447e-09,True
GENE0441,-0.748989477264896,10.220597978925163,9.471608501660267,-5.671670986587642,1.7483589352449573e-06,1.1578535994999718e-05,True
GENE0442,0.8546078679003486,7.495808060341874,8.350415928242223,6.925988744987311,3.558081565233377e-08,4.210747414477369e-07,True
GENE0443,-0.8655461682775503,6.559342466899013,5.6937962986214625,-6.025760037226675,5.794164447425408e-07,4.356514622124367e-06,True
GENE0444,0.873215825686489,7.343254026822325,8.216469852508814,6.774450129863373,5.673466019846804e-08,6.166810891137831e-07,True
GENE0445,-0.870833475130314,8.650388623854639,7.779555148724325,-7.737727165311476,3.0184176531783605e-09,6.097813440764365e-08,True
GENE0446,0.7469983654723382,5.7899255015763496,6.536923867048688,5.751122647540341,1.3645680891036963e-06,9.189010701034993e-06,True
GENE0447,-0.9221970958839503,8.906818850618045,7.9846217547340945,-6.739109275959329,6.327069157023854e-08,6.766918884517492e-07,True
GENE0448,0.8667637933461698,7.173740464819241,8.040504258165411,5.946777703528512,7.412091453367891e-07,5.430103628840945e-06,True
GENE0449,-0.9557814352981424,9.7342565698301,8.778475134531957,-7.0735481839768,2.2625932458132012e-08,2.9194751558880013e-07,True
GENE0450,0.9005341517630949,4.405285001444921,5.305819153208016,5.510532377848063,2.8895240443482788e-06,1.8173107197158987e-05,True
GENE0451,-0.8105204797335528,6.739030760293632,5.928510280560079,-5.576447210878701,2.352858610679252e-06,1.5130923541345672e-05,True
GENE0452,0.7625814222190179,5.61356730965503,6.376148731874048,5.122718046795411,9.648617908891995e-06,5.6756575934658786e-05,True
GENE0453,-0.9495039924841189,6.757169774480611,5.8076657819964925,-7.550790812215804,5.29882680460011e-09,9.135908283793293e-08,True
GENE0454,0.7775660064771852,8.429105294315397,9.206671300792582,5.682215161500818,1.691793032269215e-06,1.12786202151281e-05,True
GENE0455,-0.9077442266782239,7.772495233183724,6.8647510065055,-6.657656579036913,8.137185184812104e-08,8.219378974557681e-07,True
GENE0456,0.7846746333609689,7.755423415346944,8.540098048707913,6.936782742770681,3.441989906809469e-08,4.143777241473076e-07,True
GENE0457,-0.7836594000037271,7.620870589909775,6.837211189906048,-5.6053840566489015,2.1498672396221845e-06,1.4051419866811664e-05,True
GENE0458,0.8144313134634178,8.320332289159767,9.134763602623185,5.79177063829826,1.202054242530125e-06,8.261541185774055e-06,True
GENE0459,-0.7999295444494932,6.341504929774528,5.541575385325035,-6.406230042987375,1.7733850112364205e-07,1.5763422322101516e-06,True
GENE0460,0.9327049616099341,9.100299156693621,10.033004118303555,6.619855955148276,9.146279699358747e-08,9.011113004294331e-07,True
GENE0461,-0.7805446200791835,8.957212964997115,8.176668344917932,-5.1744327516412,8.21910136570424e-06,4.877804964809638e-05,True
GENE0462,0.6826997599182665,8.760561199403332,9.443260959321599,6.108494576902331,4.477301456340455e-07,3.430882342023337e-06,True
GENE0463,-0.7614304711456219,8.746733732962989,7.985303261817367,-5.404918640421694,4.015095866261013e-06,2.4708282253913928e-05,True
GENE0464,0.9501811960124815,8.463427481242412,9.413608677254894,7.248443865870493,1.326041639142666e-08,1.894345198775237e-07,True
GENE0465,-0.8571665664263595,11.092545602024924,10.235379035598564,-6.323411210115301,2.2937177979970876e-07,1.968856478967457e-06,True
GENE0466,1.059373293102464,7.802505908625726,8.86187920172819,8.025490562715008,1.2783169344639912e-09,3.041918882949794e-08,True
GENE0467,-0.7848416276498655,7.471753302069018,6.686911674419153,-6.228252964887735,3.083695270771321e-07,2.5276190744027223e-06,True
GENE0468,0.7543171259060619,6.932198947054983,7.686516072961045,5.523327419334075,2.7765700473018776e-06,1.7517792096541815e-05,True
GENE0469,-0.8839840363195108,6.487017734965697,5.603033698646186,-6.605413880261817,9.564257949958649e-08,9.301372614918218e-07,True
GENE0470,0.7782741273212253,6.234891158312456,7.013165285633681,5.36663933507406,4.523131326736456e-06,2.749623906830672e-05,True
GENE0471,-0.8732785994744496,6.677141617967065,5.803863018492615,-6.0851854149617735,4.814559134575213e-07,3.6752359805917652e-06,True
GENE0472,0.8732879817683514,7.894481224959813,8.767769206728165,6.346849296132399,2.132579028912521e-07,1.854416546880453e-06,True
GENE0473,-0.8075841209974577,8.503415591159513,7.695831470162055,-4.939690972273798,1.6993384196030212e-05,9.851237215089979e-05,True
GENE0474,0.7478484180107454,8.175083330378424,8.92293174838917,5.977941186932888,6.72569391173625e-07,4.981995490175e-06,True
GENE0475,-0.9562966639950936,6.89594173709897,5.939645073103876,-7.162761567852553,1.7222674670568625e-08,2.343221043614779e-07,True
GENE0476,0.7528667819555555,9.420729079735267,10.173595861690822,5.916610734365644,8.143296096573673e-07,5.837488241271449e-06,True
GENE0477,-0.6008554772315531,8.939257904383481,8.338402427151928,-4.119356589685289,0.00020488566947218665,0.0011674397120922317,True
GENE0478,0.840532039844847,7.749212991619393,8.58974503146424,7.107666254367524,2.0382276223775367e-08,2.699639234937135e-07,True
GENE0479,-0.9015501168796272,6.939061912883103,6.037511796003476,-6.692677864808731,7.302474245544882e-08,7.52832396447926e-07,True
GENE0480,0.9153356685748779,8.78918353616105,9.704519204735927,7.085250779930183,2.1829581556956244e-08,2.835010591812499e-07,True
GENE0481,-0.8512847075071486,8.22126861728626,7.369983909779111,-5.5612655034176965,2.4668979304895206e-06,1.5808060534344334e-05,True
GENE0482,0.7152165317748649,5.951150213788406,6.666366745563271,5.2176623769540535,7.187148368056656e-06,4.290834846600988e-05,True
GENE0483,-0.9151778336478227,7.895321226319538,6.980143392671716,-6.815687281230821,4.9961916628143084e-08,5.460318757174108e-07,True
GENE0484,0.7538266697024962,8.449078321844494,9.20290499154699,5.924162535986978,7.95373829642437e-07,5.72211388231969e-06,True
GENE0485,-0.8844807205131966,6.654944432183181,5.770463711669985,-5.869546626473566,9.430921448176434e-07,6.660284161780908e-06,True
GENE0486,0.917277747024384,8.307980702754179,9.225258449778563,7.762732497796024,2.8002975185388244e-09,5.7148928949771924e-08,True
GENE0487,-0.8778300171971649,5.81010340570363,4.932273388506465,-7.412275007754988,8.058127231274537e-09,1.2493220513603934e-07,True
GENE0488,1.0645318166519644,9.96072784500912,11.025259661661085,8.362550988166735,4.72744882983534e-10,1.370275023140678e-08,True
GENE0489,-0.8757540147378808,9.802485099679513,8.926731084941633,-6.6244831973293845,9.016285234972653e-08,8.927015084131339e-07,True
GENE0490,0.9362278245264397,7.554924157872871,8.49115198239931,7.302274609312108,1.1255468693958054e-08,1.6410452789114598e-07,True
GENE0491,-0.8919102666783312,8.443927401958346,7.552017135280015,-5.950435829712574,7.328015530765311e-07,5.388246713798023e-06,True
GENE0492,1.0012189462030197,4.369757480238196,5.370976426441215,7.774151422586267,2.7060621962658825e-09,5.637629575553922e-08,True
GENE0493,-1.0157671633175944,6.366902594088222,5.351135430770627,-8.363983450600252,4.707636668102387e-10,1.370275023140678e-08,True
GENE0494,0.8619585819036288,7.600085160776006,8.462043742679635,7.451528290487246,7.154220715634137e-09,1.1625726750789409e-07,True
GENE0495,-0.8949733792748091,6.327681024673588,5.432707645398779,-8.065117496993665,1.1364742400987006e-09,2.7384921448161458e-08,True
GENE0496,0.8211231179461702,9.109706652976339,9.930829770922509,5.539368670493563,2.6411615662762415e-06,1.671621244478634e-05,True
GENE0497,-0.7918379550058106,10.959330237513687,10.167492282507876,-5.442969111783618,3.566480384343376e-06,2.214715971027557e-05,True
GENE0498,0.8491558505675822,6.269384247218177,7.118540097785759,6.253046041776154,2.8547580010217557e-07,2.3889188293069085e-06,True
GENE0499,-0.9918702229729286,6.720479579463411,5.728609356490482,-8.193703298139843,7.768513812914267e-10,2.0177957955621473e-08,True
GENE0500,0.12058709433583026,8.237802038294397,8.358389132630228,1.2128867537618482,0.2328602865260595,0.6339757508327966,False
GENE0501,0.006469846122342915,10.40947773599116,10.415947582113503,0.09971870192767847,0.9211060019938719,0.9795332625842298,False
GENE0502,0.04267948938529109,6.232919112979305,6.275598602364596,0.3765315500193497,0.7086724754472475,0.9116551900125415,False
GENE0503,-0.19679117637712196,8.458218802170581,8.26142762579346,-2.4304085791524055,0.020049303890781436,0.1041522280040594,False
GENE0504,0.08306132545151534,10.694881486322991,10.777942811774507,0.8053268451269963,0.42577635318645046,0.8107795793136814,False
GENE0505,0.11415071217566819,5.465331732764852,5.5794824449405205,1.625226470295284,0.11260349329990361,0.4284241018677716,False
GENE0506,0.03613218406850738,6.076765106961974,6.112897291030482,0.6109116599140093,0.5449930399896492,0.873271447172342,False
GENE0507,0.08478949513550127,7.411275551550649,7.496065046686151,0.9178208869517593,0.3646570941785874,0.7735939949451153,False
GENE0508,0.07311686245393201,7.128018618045317,7.201135480499249,0.9004735037711317,0.3736922242829903,0.7780522344116795,False
GENE0509,0.1507342670898062,9.174558922784957,9.325293189874763,1.525162896161514,0.13572169323815278,0.47044866441275984,False
GENE0510,0.142219897424404,8.261319988452815,8.403539885877219,1.5385134874968958,0.1324322558496653,0.46467458192865024,False
GENE0511,0.01092486052092223,5.4109190091791275,5.42184386970005,0.03340301764153967,0.9735327535102178,0.992894190219498,False
GENE0512,0.058583875921200956,8.742896924138332,8.801480800059533,0.6585991973774542,0.5142309087098281,0.8704069320570939,False
GENE0513,-0.0216644742836829,7.15989095346612,7.138226479182437,-0.2770207781619356,0.7833059711191136,0.9409080734163526,False
GENE0514,0.04434652880001799,9.887363556620631,9.931710085420649,0.4700288923067848,0.6410930863241071,0.8964290746227466,False
GENE0515,0.006746934469062715,7.067625254720791,7.074372189189853,0.1364215306884102,0.8922276434890295,0.9698126559663364,False
GENE0516,0.012131964920065741,7.028693756404889,7.040825721324954,0.06934182365320038,0.9450909480762941,0.9835030057922228,False
GENE0517,-0.11238475309653495,8.924673188416104,8.81228843531957,-0.8913571769863804,0.378497658406712,0.7782490322129054,False
GENE0518,0.13948779018210722,9.1003123371598,9.239800127341907,1.3276683411487484,0.19242116789960167,0.5827947899627609,False
GENE0519,-0.18139846587401642,8.759176313228444,8.577777847354428,-1.9416334979585543,0.05982551617357638,0.2700926238084712,False
GENE0520,0.02210211647256788,5.427553065406592,5.44965518187916,0.19205985155558755,0.848745541316031,0.9574117781342707,False
GENE0521,0.06606132501961959,8.817673301846963,8.883734626866582,0.7997824347063627,0.42894193704909944,0.8139315693531298,False
GENE0522,0.003390006397189893,6.409557762691344,6.412947769088534,0.02501715637214155,0.9801757203162941,0.9970480443124635,False
GENE0523,-0.07135528383134293,8.34053487338156,8.269179589550218,-0.8747014671603088,0.38737903972459753,0.7857587012669321,False
GENE0524,-0.03607499021541383,5.943010384749542,5.906935394534128,-0.3887290216485621,0.699704652138458,0.9106390773967419,False
GENE0525,0.032699781710730846,8.658400544676292,8.691100326387023,0.3574452743659793,0.7227893981814526,0.9160525437771503,False
GENE0526,-0.10883031190147552,6.8167925300386045,6.707962218137129,-1.2078834903696976,0.23475627834936402,0.6351000834044852,False
GENE0527,0.07116272019603986,6.053424667445543,6.124587387641583,0.7241451669922601,0.47353081643808104,0.8486215348352706,False
GENE0528,0.07279492297194246,9.033236851680348,9.10603177465229,1.0551058955539867,0.2982181007020756,0.7075162531484593,False
GENE0529,-0.2414030624308907,8.510737206880583,8.269334144449692,-3.2201123199430386,0.0026692320102182387,0.01508040683739118,False
GENE0530,0.1599503534274591,7.040766738935282,7.2007170923627415,1.679383310129216,0.10150395455820732,0.39805472375767575,False
GENE0531,0.028793954758326024,10.107211914395297,10.136005869153623,0.22551496716058375,0.8228197095941148,0.9517868242846903,False
GENE0532,-0.2785963475458306,7.560922662396841,7.2823263148510105,-2.709801594417083,0.010141603030796788,0.05541859579670376,False
GENE0533,0.054485610754966274,8.048350269358107,8.102835880113073,0.5709837135551379,0.5714626988566713,0.8818868809516532,False
GENE0534,0.11864937691542465,8.35578467155818,8.474434048473604,1.3923880710152015,0.1721171633104181,0.5407447069202073,False
GENE0535,-0.03503450366607286,7.108691310251042,7.073656806584969,-0.3197429697863191,0.7509617072936041,0.9299835384440918,False
GENE0536,0.027636501060337437,8.629570589640167,8.657207090700505,0.30483584098399436,0.7621993535491955,0.936362842198029,False
GENE0537,0.029471077118922828,7.1145191615784595,7.143990238697382,0.35185538233428143,0.7269428217456692,0.9176126529697723,False
GENE0538,0.0981324873930216,7.3548890615822815,7.453021548975303,1.2583674275094185,0.21614180172056432,0.608684228703106,False
GENE0539,0.11883311176365474,9.990006665177562,10.108839776941217,1.0591908655577218,0.29637881017509415,0.7075162531484593,False
GENE0540,-0.0017942374532635696,6.515902439657585,6.514108202204321,-0.036285799477468274,0.971249538282568,0.9925635212956716,False
GENE0541,0.06574147032815514,4.283118600989169,4.348860071317324,0.7698857733391543,0.4462554005909176,0.8277976458393596,False
GENE0542,0.08876174510099233,10.39016754390546,10.478929289006452,1.2021876932471685,0.23692852957124388,0.6377618561810064,False
GENE0543,-0.051549507383604976,11.841881582978507,11.790332075594902,-0.5427462771312492,0.5905591500111989,0.8882358706796204,False
GENE0544,0.01912080904493063,7.3735352216333565,7.392656030678287,0.21009982808289443,0.834742451388784,0.9552064065667842,False
GENE0545,-0.06648310166918758,5.117888634319757,5.05140553265057,-0.7565863716602044,0.45408853424306683,0.8331899710881959,False
GENE0546,-0.059120489553245115,7.5103085578332465,7.451188068280001,-0.4810541182764196,0.6333107052156832,0.8964290746227466,False
GENE0547,0.20044784387984205,7.494409108945822,7.694856952825664,1.954980241715169,0.05817161915320816,0.26441645069640074,False
GENE0548,-0.06114315576027174,7.736449621554802,7.67530646579453,-0.5850811999494806,0.5620445556615957,0.8754798965900948,False
GENE0549,-0.09914053764912989,6.430736915115635,6.331596377466505,-1.4394321764453462,0.15843540874286716,0.5177627736695005,False
GENE0550,-0.11875177663473835,8.83819158239734,8.719439805762601,-1.307895714931994,0.19897674449452735,0.5879356453832302,False
GENE0551,0.056655537776023834,8.729490503250796,8.78614604102682,0.48725426513924275,0.628952615268104,0.8964290746227466,False
GENE0552,-0.21054949710558102,5.883002277596764,5.672452780491183,-2.2545366238116444,0.03017013677497504,0.1512287557642859,False
GENE0553,-0.015436300710138795,9.124335024732753,9.108898724022614,-0.17931967595978945,0.8586650997784611,0.9619379090530565,False
GENE0554,0.15921088317824683,10.960247921255732,11.119458804433979,2.2400853183381355,0.03117735838600987,0.15511123575129288,False
GENE0555,0.03310548798031476,8.194005969014828,8.227111456995143,0.42425992292726333,0.6738329870560613,0.9060885282456144,False
GENE0556,0.05674684525717488,7.461348509415606,7.518095354672781,0.6811840700345553,0.4999964396910107,0.8654725617613039,False
GENE0557,-0.041802900755397054,7.882269323829435,7.840466423074038,-0.36196572624644413,0.7194367943129907,0.9152285042618108,False
GENE0558,0.005704965044072807,8.945415685085292,8.951120650129365,0.19413056182571542,0.8471355848958211,0.9566748558959018,False
GENE0559,-0.10646706698752784,5.466786864950842,5.360319797963315,-1.4265804527050003,0.16208515415443317,0.5245474244480038,False
GENE0560,-0.06015910167902483,8.248803721025526,8.188644619346501,-0.5478800571166327,0.5870646061852077,0.887853957220212,False
GENE0561,-0.033469887751610194,7.376183156908712,7.342713269157102,-0.38440914273390514,0.702875809871757,0.9111389734413847,False
GENE0562,-0.09619615462455045,10.857031213102765,10.760835058478214,-1.155700533034747,0.25521224684750665,0.6586122499290494,False
GENE0563,0.10697829002112513,7.652883610866482,7.759861900887607,1.0701831707888292,0.29146872972502236,0.7014891208785136,False
GENE0564,-0.09340792359536287,10.62367314148741,10.530265217892048,-0.9360261019669495,0.3553292864074339,0.7625091982992143,False
GENE0565,-0.050187390140354005,6.46373828706489,6.413550896924536,-0.42935547235641836,0.6701544881887768,0.9051854185277907,False
GENE0566,-0.07124096482251296,9.001983523211825,8.930742558389312,-0.677481068296799,0.50231530777728,0.8654725617613039,False
GENE0567,0.2584237938428764,8.354209967729439,8.612633761572315,2.8292323242445203,0.007493728408812524,0.041516500879847776,False
GENE0568,0.029516289742412383,6.68482631768083,6.714342607423243,0.3384688747922431,0.7369231225250175,0.9223551520711576,False
GENE0569,-0.051400546252388324,8.275212798653317,8.22381225240093,-0.562131990169537,0.5774159769574074,0.8849983689836491,False
GENE0570,0.002239456244257809,9.806269732679091,9.808509188923349,0.02189824031041834,0.9826468002027637,0.9970480443124635,False
GENE0571,0.11008974536706706,7.476634679751716,7.586724425118783,1.272648820098563,0.21108204126947958,0.603954338396222,False
GENE0572,-0.011202728630566483,5.410683061384018,5.399480332753452,-0.023445689496380658,0.9814207515197696,0.9970480443124635,False
GENE0573,-0.08429568558060385,7.98453242845697,7.900236742876366,-0.6751338412061615,0.5037882329235002,0.8661790205097579,False
GENE0574,0.023341476972131403,6.623290611385324,6.646632088357455,0.22703342995346854,0.8216475153697175,0.9517868242846903,False
GENE0575,-0.09497263468903494,7.512364186110422,7.417391551421387,-0.8312116196861569,0.41118625514808194,0.8030981545860976,False
GENE0576,0.05203846894133424,7.797196283425937,7.849234752367272,0.4774644779331883,0.6358399487483928,0.8964290746227466,False
GENE0577,-0.037255047326024915,5.468308139089744,5.431053091763719,-0.400731818937509,0.6909223049075677,0.9098754145617826,False
GENE0578,-0.0672700910082229,5.592668317006004,5.525398225997781,-0.7855391567655368,0.4371391774064399,0.8185842579720041,False
GENE0579,-0.08441254739472726,8.798163673805442,8.713751126410715,-0.8056453598409477,0.42559492911767194,0.8107795793136814,False
GENE0580,0.054002179459675226,7.142610893484324,7.196613072943999,0.5247197258908969,0.6029080139604888,0.891875760296581,False
GENE0581,0.00901496012871661,4.150975839348955,4.159990799477671,0.09094173205016848,0.9280294542060621,0.9795332625842298,False
GENE0582,0.010730278227637058,9.215536477017789,9.226266755245426,0.08970434860175941,0.9290059964830542,0.9795332625842298,False
GENE0583,0.00988121825499988,8.315298885384262,8.325180103639262,0.2072163450639476,0.836977151431617,0.9552064065667842,False
GENE0584,-0.03781502224777622,7.012946235790958,6.9751312135431816,-0.5300489246004588,0.5992447255437706,0.8909912747566502,False
GENE0585,0.024647201165737265,5.904135194608844,5.928782395774581,0.2729514104021096,0.7864082867237833,0.9423706251932693,False
GENE0586,0.004092649236024926,9.299225503822736,9.303318153058761,0.11444170457609894,0.9095064380083739,0.9746832506418532,False
GENE0587,-0.11218350837985192,8.6041885935146,8.492005085134748,-1.4005860008880395,0.16966886084728716,0.5369267748331872,False
GENE0588,-0.11538820679775696,11.673284415765412,11.557896208967655,-0.9953482909544438,0.3260321123060693,0.7422110797023606,False
GENE0589,0.03629393781754686,8.671437417352172,8.707731355169718,0.38121837959623794,0.7052215654436318,0.9111389734413847,False
GENE0590,-0.07170178404949468,8.684223769427977,8.612521985378482,-0.6353331901699976,0.5291210775021646,0.8704069320570939,False
GENE0591,-0.1222724226343006,7.7624651349988625,7.640192712364562,-1.3141494502626476,0.196885199953333,0.5866077768499897,False
GENE0592,0.18925018577798802,9.06165786947201,9.250908055249997,2.2123289430213537,0.03319647514711153,0.16312764200054805,False
GENE0593,-0.08965151397784865,8.912821136662213,8.823169622684365,-0.8140638823298769,0.420816838220496,0.8102940705378721,False
GENE0594,0.1395976582735443,9.826935195277818,9.966532853551362,1.540532513668139,0.1319404310199063,0.46384665022135846,False
GENE0595,-0.15434209598961246,7.289543638699096,7.135201542709484,-1.6234761273770801,0.11297823445891127,0.4284241018677716,False
GENE0596,-0.023973998358219006,7.385220620877904,7.361246622519685,-0.21596144361498285,0.8302039968102776,0.9551255776828096,False
GENE0597,0.10950154308137439,7.190427960462118,7.299929503543493,0.9516297235691018,0.3474602825917005,0.7552254039911068,False
GENE0598,0.0845418209544917,9.144459656037844,9.229001476992336,0.8660670725945862,0.39203483585682897,0.7935927851352813,False
GENE0599,-0.2102325806031473,10.277640902346246,10.067408321743098,-2.432647562785886,0.0199431757758537,0.10387070716590469,False
GENE0600,-0.07660137024963376,7.446554724433435,7.369953354183801,-0.8206757493934742,0.41708722755729455,0.8084238062635369,False
GENE0601,-0.01627365054561114,7.2863374025603305,7.270063752014719,-0.13268460614300806,0.895161801225477,0.9702843261224419,False
GENE0602,0.03248941481026968,8.450833509957441,8.48332292476771,0.2823996489372456,0.7792108500248064,0.9406297438805712,False
GENE0603,0.15846537520477266,7.539585301265554,7.698050676470326,1.568064950039101,0.12537963249745251,0.4542740307878714,False
GENE0604,-0.04146132451245066,9.39803909521801,9.35657777070556,-0.45073029253780356,0.6548143222746219,0.900958936495898,False
GENE0605,0.02638640325583186,4.573526070315529,4.599912473571361,0.2925328243337844,0.7715135036897087,0.9406297438805712,False
GENE0606,0.11261933453924478,6.616377605777186,6.7289969403164305,1.1417920517830666,0.26087617210910263,0.6629635885873002,False
GENE0607,0.02932815808164957,6.839621512442361,6.86894967052401,0.27796708050299024,0.7825850614350943,0.9406297438805712,False
GENE0608,-0.08975925514483762,4.54527722588867,4.455517970743832,-1.0589925360814805,0.29646792674304195,0.7075162531484593,False
GENE0609,0.07511277526215565,6.573492914583426,6.648605689845581,0.8637869644414323,0.3932701790154255,0.7936835096174076,False
GENE0610,-0.06048391870544556,6.6627215512171105,6.602237632511665,-0.5802217380128639,0.5652821990523924,0.8764065101587479,False
GENE0611,-0.046768139759417515,7.632888649129467,7.5861205093700494,-0.47120121018520966,0.6402636074382962,0.8964290746227466,False
GENE0612,0.043613447908210645,9.55038726139837,9.59400070930658,0.5788500514256331,0.5661977788163941,0.876467149870579,False
GENE0613,0.09432407372719176,7.617785755358577,7.712109829085769,1.1846382900300831,0.2437143832888026,0.641353640233691,False
GENE0614,-0.00830396415695489,6.465785402384645,6.45748143822769,-0.09299167561178477,0.9264118889997419,0.9795332625842298,False
GENE0615,-0.04421876751909082,7.900570356681682,7.856351589162591,-0.5726879464106802,0.5703200051362713,0.8808030967355542,False
GENE0616,0.10465636773887255,9.553368064183562,9.658024431922435,1.0958196944826541,0.28023938617525257,0.6928044157608221,False
GENE0617,0.15289015336195888,6.478271897246761,6.63116205060872,1.7631832856498202,0.08612756387700209,0.35516521186392613,False
GENE0618,0.097590706094425,6.617434600560566,6.715025306654991,0.9877036041581646,0.3297131952827528,0.7447084560370062,False
GENE0619,-0.12418294903604021,8.884838841357059,8.760655892321019,-1.4733201866779655,0.14912191244988543,0.5029406827989391,False
GENE0620,-0.040427200583758705,7.640170259553104,7.599743058969345,-0.508350628131623,0.6142251911485223,0.8947198705732298,False
GENE0621,-0.09093215453342474,9.007618143542587,8.916685989009162,-0.8539202902166065,0.39864410193929334,0.7954315724014633,False
GENE0622,-0.13369488243367122,8.001756281119892,7.868061398686221,-1.4218531563368693,0.16344415329151363,0.5263901877343434,False
GENE0623,-0.11689158085900608,9.06780418334927,8.950912602490265,-1.0443227535161328,0.3031113613365273,0.71320320314477,False
GENE0624,0.10097632897784337,6.3743887177919705,6.475365046769814,0.8469916324799412,0.40244520093796,0.7963151412803722,False
GENE0625,0.027132799703087684,8.016652882148223,8.043785681851311,0.26071724467200197,0.795756189383305,0.9456401537531847,False
GENE0626,-0.09364432993966076,7.660024560535147,7.566380230595486,-1.2916877155489859,0.20447609340688158,0.5970104916989243,False
GENE0627,-0.09051650116353205,6.165117727383017,6.074601226219485,-0.9021798669320009,0.37279714436322553,0.7780522344116795,False
GENE0628,0.09008091739160218,5.575299435554976,5.6653803529465785,0.7362885819849817,0.4661978704002271,0.8414018209896488,False
GENE0629,-0.031932528415904216,9.056249779638014,9.02431725122211,-0.3030551327582037,0.7635452806033701,0.9368653749734603,False
GENE0630,0.019269985615046892,7.511026946964684,7.530296932579731,0.19928195390675368,0.8431333239665059,0.9553918685172872,False
GENE0631,-0.11682939764303146,6.604406446679134,6.487577049036102,-1.3175280032018184,0.1957622453351901,0.5864551011392142,False
GENE0632,-0.053878281182730525,7.919348093063727,7.865469811880996,-0.6377181273825848,0.5275842832005133,0.8704069320570939,False
GENE0633,0.08800817715529163,9.598815947453641,9.686824124608933,0.9873051066404805,0.32990584602439377,0.7447084560370062,False
GENE0634,-0.012941603227870857,4.5697904050549285,4.556848801827058,-0.048164246581332885,0.9618443947070705,0.9900611371148436,False
GENE0635,-0.028050717732758024,5.7987271245514025,5.7706764068186445,-0.19939743359239548,0.8430436524515315,0.9553918685172872,False
GENE0636,-0.05243333712456977,6.626340384273521,6.573907047148952,-0.510846501360754,0.6124933201838305,0.8933128654616989,False
GENE0637,0.150302818412678,10.092236733617101,10.242539552029779,1.5816354786056712,0.12224459590608402,0.4469637875908008,False
GENE0638,0.19656920397214073,8.303189168651949,8.49975837262409,2.0270881424039526,0.049903941210810855,0.23539594910759837,False
GENE0639,0.039937630028953564,9.177863811877561,9.217801441906515,0.32238896889942764,0.748972691216057,0.9286704168828978,False
GENE0640,0.08597067533973757,6.25533857579515,6.341309251134888,0.9745067559129694,0.3361334621846398,0.7499190720919,False
GENE0641,0.048442246635609365,6.320932686958672,6.3693749335942815,0.47246047181570217,0.6393731320836912,0.8964290746227466,False
GENE0642,-0.005905371686100835,8.735663861485719,8.729758489799618,-0.0758048134489253,0.9399827917705164,0.9804664371875172,False
GENE0643,-0.028827617256204974,8.17005895662501,8.141231339368804,-0.3491757449962047,0.7289368314971596,0.9186349483266032,False
GENE0644,-0.04707251520979305,8.857339679712759,8.810267164502966,-0.44346849149256423,0.660009365096357,0.9041224179402151,False
GENE0645,-0.008264186919058503,7.698798914638762,7.690534727719704,-0.10353760398147784,0.9180954842125116,0.9793018498266791,False
GENE0646,-0.1031545842040309,8.471252131819073,8.368097547615042,-0.7706827755297454,0.4457885355071308,0.8277976458393596,False
GENE0647,-0.008581911388183983,8.246471999109291,8.237890087721107,-0.2515823734106443,0.802756015549129,0.9477346622668663,False
GENE0648,0.060914521614778394,9.117413518406646,9.178328040021425,0.6501776304707266,0.5195943771243624,0.8704069320570939,False
GENE0649,-0.047030891001661246,9.27098069933396,9.223949808332298,-0.5444236248403819,0.5894162901449713,0.8882358706796204,False
GENE0650,-0.016722715048147485,5.578224513514426,5.561501798466279,-0.3091245937507245,0.7589608298072663,0.9331453198958086,False
GENE0651,-0.012662732953194755,4.6200020329729385,4.607339300019744,-0.16492727344792166,0.8698990120769564,0.9619379090530565,False
GENE0652,0.115487799889058,9.399091175218881,9.51457897510794,1.2963832691087722,0.20287118426753306,0.5940591047365535,False
GENE0653,0.10898994619094893,9.677572811312004,9.786562757502953,1.0869170352942068,0.2841037760567682,0.6937821149127429,False
GENE0654,0.05977398336520423,6.3714305654423455,6.43120454880755,0.8108944097954773,0.422611873062966,0.8102940705378721,False
GENE0655,-0.09159912728957043,5.1595907535854435,5.067991626295873,-0.9914175902608195,0.32792134366542913,0.7435858133002928,False
GENE0656,0.20013758059525877,8.110274313602517,8.310411894197776,2.2906678508414373,0.0277780931133289,0.14064857272571593,False
GENE0657,-0.03179332273654012,9.46495873430845,9.43316541157191,-0.3795928903648059,0.7064177017847475,0.9116551900125415,False
GENE0658,-0.14007107696756904,10.790724777249112,10.650653700281543,-1.6059261566881244,0.1167924281317426,0.43579264228262166,False
GENE0659,0.0549989486502902,8.720193365633413,8.775192314283704,0.5467797462763461,0.5878127437249243,0.887853957220212,False
GENE0660,0.05419170223843217,7.3709361187800155,7.425127821018448,0.5259567945265974,0.6020567188574901,0.891875760296581,False
GENE0661,0.027326261109058336,6.669032809114836,6.696359070223894,0.23678454309963767,0.8141300222890765,0.9515580076652,False
GENE0662,-0.010309202941763296,8.010007831239246,7.999698628297483,-0.07073657888946822,0.9439883682799064,0.9833212169582358,False
GENE0663,-0.04743342905281178,7.586828257015054,7.5393948279622425,-0.5816998132888619,0.564296436319917,0.8764065101587479,False
GENE0664,-0.10997131793203607,6.509713652730142,6.3997423347981055,-1.173849966094466,0.24795585897017297,0.6482506116867267,False
GENE0665,0.1394081979625188,10.993072093347237,11.132480291309756,1.5295087875232798,0.13464377666846428,0.46996082606793815,False
GENE0666,0.04860093249073394,10.624086261351753,10.672687193842487,0.6312276426116769,0.5317721332945051,0.8704069320570939,False
GENE0667,-0.010562110932438529,9.707987293771568,9.69742518283913,-0.04351244237911975,0.9655270277355148,0.9923196585154315,False
GENE0668,0.02753871049027179,6.584889493623211,6.612428204113483,0.36179183694819994,0.7195656563707732,0.9152285042618108,False
GENE0669,-0.1148520123063772,9.36922696289675,9.254374950590373,-1.2034614528722576,0.23644146641838953,0.637308534820457,False
GENE0670,-0.186490162446022,9.050314703066922,8.8638245406209,-2.560145408310294,0.014679706819947765,0.07850110598902547,False
GENE0671,-0.00999582088297224,8.66735317301493,8.657357352131958,-0.12901746982239704,0.8980426151578877,0.9704052433910518,False
GENE0672,0.02413804976761469,9.835900620960432,9.860038670728047,0.20448629113827327,0.8390942069289548,0.9553918685172872,False
GENE0673,-0.048256644214337285,8.917736618728672,8.869479974514334,-0.4469413454004027,0.657522759715106,0.9025707065409828,False
GENE0674,0.1137004303443252,9.052674674535929,9.166375104880254,1.2953720356243692,0.20321600783037574,0.5941988533051922,False
GENE0675,-0.0921236164292516,9.04230164367431,8.950178027245059,-1.249142623809448,0.21945804876328623,0.6113037570007973,False
GENE0676,0.02937141771473506,8.482500705384478,8.511872123099213,0.3116593475464087,0.7570488490426744,0.9331453198958086,False
GENE0677,0.13168573268179973,5.302207179778941,5.433892912460741,1.4470906821929668,0.15629146564978072,0.5145771679147931,False
GENE0678,-0.10752814063638283,8.163847813983995,8.056319673347613,-1.2302293709447392,0.22637583077036272,0.622767072270599,False
GENE0679,-0.08267427669350713,7.132821005946193,7.050146729252686,-1.019480789638914,0.31459485148796895,0.7272531115238571,False
GENE0680,0.06689695518860983,5.99271018235037,6.05960713753898,0.6536408555719457,0.5173851104373157,0.8704069320570939,False
GENE0681,0.09651023733241715,10.426593396942074,10.523103634274491,0.8466497594419137,0.4026333382242543,0.7963151412803722,False
GENE0682,0.058966194169647324,10.599502897114087,10.658469091283735,0.5937157300963828,0.5563148593901678,0.8750867366157028,False
GENE0683,0.05537500104316884,10.044199422422391,10.09957442346556,0.6081112907536456,0.546828660714817,0.873271447172342,False
GENE0684,0.020958079186709,8.390471646495053,8.411429725681762,0.24818240884072165,0.8053655710054746,0.9477618917870054,False
GENE0685,-0.06210768082533136,10.103238372757987,10.041130691932656,-0.6905517625433276,0.4941567594979599,0.8651760585070649,False
GENE0686,-0.06457276601145168,8.059764633529532,7.995191867518081,-0.7675526457488429,0.4476237564020348,0.8278723831339301,False
GENE0687,0.04333215832929227,8.352110681109764,8.395442839439056,0.4654636344988244,0.6443276952432841,0.8964290746227466,False
GENE0688,0.12988751014446365,6.327835991441342,6.457723501585805,1.4828712444438454,0.14657705124758155,0.49771494481351974,False
GENE0689,-0.02434804362245302,8.598352682478664,8.574004638856211,-0.24123547931332812,0.8107044993708618,0.9492972210585159,False
GENE0690,0.04016672321324499,8.084739915442523,8.124906638655768,0.40538475016566544,0.6875293248382168,0.907893830683368,False
GENE0691,-0.06582821184989207,6.0665970080062515,6.000768796156359,-0.6288837449810034,0.5332887833773094,0.8704069320570939,False
GENE0692,-0.10075511154060912,7.966723056601552,7.865967945060943,-0.8234429857962562,0.4155323298184842,0.8084238062635369,False
GENE0693,0.02184891223653107,7.919727145047197,7.941576057283728,0.22694371067660507,0.821716763669541,0.9517868242846903,False
GENE0694,0.1765540354256725,10.540676413307262,10.717230448732934,1.9829494438230248,0.054833589989580565,0.2526893547906939,False
GENE0695,-0.07780409447451753,9.39084095312593,9.313036858651412,-0.8045791226826323,0.42620243597510543,0.8107795793136814,False
GENE0696,0.0036791968212632753,8.0314046922056,8.035083889026863,0.1470376949300765,0.8839005583424097,0.9686581461286682,False
GENE0697,0.08606546463625264,8.323006119877737,8.40907158451399,0.9503806466538396,0.34808591994054927,0.7552254039911068,False
GENE0698,0.03046251248334464,8.045277529338854,8.075740041822199,0.42916783052023516,0.670289802419829,0.9051854185277907,False
GENE0699,0.0504474228439209,7.650911459554777,7.701358882398698,0.4746867407878336,0.6378001699054192,0.8964290746227466,False
GENE0700,-0.019907357831424832,6.419455992706288,6.399548634874863,-0.26623316723192286,0.7915377040368001,0.9428680214851699,False
GENE0701,-0.1868773205254728,7.879977593358045,7.693100272832572,-2.0024705263102494,0.05260347188611696,0.24523763117070846,False
GENE0702,-0.015321701727076587,6.987471101884258,6.972149400157181,-0.3264223792575259,0.7459440944527472,0.9273177402630115,False
GENE0703,-0.07179300057091087,6.183156213832915,6.111363213262004,-0.76641326077238,0.4482928954670231,0.8278723831339301,False
GENE0704,-0.021639134628266277,8.763892294549226,8.74225315992096,-0.2840985188303329,0.7779187597786477,0.9406297438805712,False
GENE0705,0.04087520879635953,8.598148570312526,8.639023779108886,0.45396284397123127,0.6525073412080413,0.900958936495898,False
GENE0706,0.2160908157239394,5.166994586409506,5.383085402133445,2.5451284206399247,0.015225612301985787,0.0809872994786478,False
GENE0707,-0.15212465228780747,7.783208944354536,7.631084292066729,-1.265482963082867,0.21360958326352641,0.6059846333717062,False
GENE0708,-0.0998888428002438,9.561303404012852,9.461414561212608,-1.0911970827944932,0.2822412667906229,0.6937821149127429,False
GENE0709,-0.06940018875728349,9.612535292416286,9.543135103659003,-0.641759451584869,0.524985573401441,0.8704069320570939,False
GENE0710,-0.11608131245522912,9.687566398327352,9.571485085872123,-1.2881185575604632,0.20570242472635172,0.5988425756225668,False
GENE0711,0.09795997573328385,8.049243197550954,8.147203173284238,1.1442210725410344,0.25988053566521485,0.6624815061907449,False
GENE0712,-0.15633329382128913,6.782490916796969,6.62615762297568,-1.5120676013371528,0.13901172100921175,0.48017865633579193,False
GENE0713,0.11509094882681037,6.241522962503824,6.356613911330634,1.358349725897188,0.18257779130697716,0.5643826624636079,False
GENE0714,-0.06412353792363845,8.651786786061347,8.587663248137709,-0.8087375147993304,0.42383609912710196,0.8102940705378721,False
GENE0715,-0.03838199521323382,8.55813266478832,8.519750669575085,-0.4818603347713936,0.6327432604930711,0.8964290746227466,False
GENE0716,-0.0723023910651932,10.076587126944453,10.00428473587926,-0.7024545208434692,0.4867918629080399,0.8577830183401584,False
GENE0717,0.029375589442429018,9.660066412111501,9.68944200155393,0.2881834273181396,0.7748145689740602,0.9406297438805712,False
GENE0718,-0.0682903009119098,7.885550500361975,7.8172601994500654,-0.6001554002840052,0.5520610151058205,0.8750867366157028,False
GENE0719,-0.012466156426660824,6.048496923448778,6.036030767022117,-0.2023272470570955,0.840769325065122,0.9553918685172872,False
GENE0720,-0.008463833055714964,7.519723132395941,7.511259299340226,-0.06130593668756005,0.9514455305352731,0.984832661236807,False
GENE0721,0.09384178629123596,8.24329094981113,8.337132736102365,0.8957289756446387,0.376188255338047,0.7780522344116795,False
GENE0722,0.06674280250245435,7.6334723826437925,7.700215185146247,0.8550226595940366,0.39804141744561483,0.7954315724014633,False
GENE0723,0.07917848309883535,7.097702184801267,7.176880667900102,0.7431195627215869,0.46210190556184216,0.8386604456657751,False
GENE0724,-0.27997857081078514,8.530822894059686,8.2508443232489,-2.591181988178069,0.013607925948209391,0.07316089219467414,False
GENE0725,0.07248665773663987,7.106756485678558,7.1792431434151975,0.8175088577674178,0.4188710651159103,0.8094126862143195,False
GENE0726,0.007845802257774537,7.108381684216217,7.116227486473991,0.08472041606339134,0.9329404245336343,0.9802731920012023,False
GENE0727,0.20199306678820683,8.331068029054814,8.53306109584302,1.9708989888312014,0.05625083887261864,0.2571101596309774,False
GENE0728,-0.025127052449441578,7.428545313476183,7.403418261026742,-0.25671865392854165,0.7988181428538204,0.9476380713517025,False
GENE0729,-0.010855985503075871,8.439336952728384,8.428480967225308,-0.2128558343206789,0.8326078432488653,0.9552064065667842,False
GENE0730,0.020475612554918143,8.348053747574363,8.368529360129282,0.21596713155905337,0.8301995956593107,0.9551255776828096,False
GENE0731,-0.01822410311034517,6.31101241300616,6.292788309895815,-0.20706771442338145,0.8370923775031384,0.9552064065667842,False
GENE0732,-0.08219714756302476,7.355448665935216,7.2732515183721915,-0.9798606547083343,0.33351875930319186,0.7492665473775892,False
GENE0733,-0.13460031042816922,10.134522306580825,9.999921996152656,-1.547258827500321,0.13031255518301055,0.4638180591612117,False
GENE0734,-0.0032067538716384902,6.26166305466267,6.258456300791032,0.024361739995655704,0.9806949832639753,0.9970480443124635,False
GENE0735,0.08096796074312262,4.800728975880281,4.8816969366234035,0.883035599676041,0.38291857878642976,0.7822647166219199,False
GENE0736,0.09915536342175457,5.133289037276699,5.232444400698453,0.9272616065493565,0.3598002302241229,0.7679834156331331,False
GENE0737,-0.04274632010020518,8.043487787860371,8.000741467760166,-0.493351240105761,0.6246801261749304,0.8964290746227466,False
GENE0738,-0.05705770901077045,8.065710219354123,8.008652510343353,-0.6255922177587351,0.535422446616044,0.8704069320570939,False
GENE0739,0.08102415141757913,7.78058458128101,7.861608732698589,1.0152756534195753,0.31656782465911104,0.7290213214756778,False
GENE0740,-0.0704117304989591,9.84412622781232,9.77371449731336,-0.8490535487771391,0.4013116647280075,0.7963151412803722,False
GENE0741,0.06707231508115674,3.899295864923173,3.96636818000433,0.8185412949233002,0.41828900412734704,0.8090696404784276,False
GENE0742,-0.021000830234926937,8.548364025788416,8.52736319555349,-0.31398350940277603,0.7552970779924002,0.9330414799164919,False
GENE0743,0.03935982238527913,10.298448028480927,10.337807850866206,0.3690909188838447,0.7141637905474987,0.9138142349974661,False
GENE0744,0.1682694526008799,6.236101966403718,6.4043714190045975,1.7982654335764345,0.08029802203081952,0.3402458560627946,False
GENE0745,0.09249687290469755,7.349949492701765,7.442446365606463,0.8973843845049106,0.37531615328076484,0.7780522344116795,False
GENE0746,0.045645551888553015,6.9028097616988875,6.9484553135874405,0.5574189742807646,0.5805981009813919,0.8857331822751974,False
GENE0747,-0.13863080592234223,6.73591607611894,6.597285270196598,-1.2622002440266666,0.21477502871711754,0.6067091206698236,False
GENE0748,0.08478165305689345,7.5675718411374095,7.652353494194303,0.7750138742904199,0.4432565488218215,0.8269711731750401,False
GENE0749,-0.06735269041249481,10.121797055998684,10.054444365586189,-0.7030881024715505,0.4864015684767907,0.8577830183401584,False
GENE0750,0.19250999194866658,10.646335090657775,10.838845082606442,2.4025449568942823,0.0214136209451158,0.1100957375070221,False
GENE0751,-0.04479416265648961,7.506346238357243,7.461552075700753,-0.504473505180298,0.6169199473549095,0.8960309995800111,False
GENE0752,0.15866262173168977,10.66127331924222,10.81993594097391,1.6746162077174818,0.10244315873980954,0.40043802696136527,False
GENE0753,-0.11827766449096266,8.179043665533698,8.060766001042735,-1.1257340182381093,0.2675273429116865,0.674722176322034,False
GENE0754,0.07934267398583295,10.538492667198923,10.617835341184756,0.8989167243547541,0.3745100461276626,0.7780522344116795,False
GENE0755,-0.021956906824052602,7.887356298617791,7.865399391793739,-0.24936185480940223,0.8044600602189458,0.9477346622668663,False
GENE0756,0.07700272654999019,8.148095743354803,8.225098469904793,0.8279870295874894,0.4129867961874233,0.805608342776169,False
GENE0757,0.0309380904226213,8.495372111615662,8.526310202038283,0.3440914696140316,0.7327254562698369,0.9202888834060577,False
GENE0758,0.006092252674548604,12.79926750176094,12.80535975443549,0.03780807084660365,0.9700439696099183,0.9925635212956716,False
GENE0759,0.049279921755715606,9.326326437679494,9.37560635943521,0.5490902434423826,0.5862422911305345,0.887853957220212,False
GENE0760,0.027914307487942658,6.857058599314182,6.884972906802124,0.3568605280104451,0.7232234833120601,0.9160525437771503,False
GENE0761,-0.004984180531495852,9.426588729211426,9.42160454867993,-0.0022939663097499828,0.9981820051843537,0.9991811863707245,False
GENE0762,-0.04211044147972398,7.5173091879829625,7.475198746503239,-0.3876869615819972,0.700469116523718,0.9106390773967419,False
GENE0763,-0.03174661947719315,7.285846626540602,7.254100007063409,-0.22892772494845293,0.8201857745135217,0.9517868242846903,False
GENE0764,-0.029560158703857198,9.352653544188682,9.323093385484825,-0.290335008589997,0.7731810477376104,0.9406297438805712,False
GENE0765,0.10787775316630199,7.991266544359786,8.099144297526088,0.9350055165976612,0.35584802259357096,0.7628039069529924,False
GENE0766,0.14203806725565293,8.294060207942405,8.436098275198058,1.8999393753461515,0.06525604547103686,0.2919733578122455,False
GENE0767,-0.13742538305292218,8.08585059129779,7.948425208244868,-1.391804105009734,0.17229260858003598,0.5407447069202073,False
GENE0768,-0.03476647503038777,8.568203396770253,8.533436921739865,-0.4577257695164964,0.6498262002352218,0.8999839195211585,False
GENE0769,0.08769570986761899,8.550980583712587,8.638676293580206,1.0256143923369567,0.3117321941006597,0.7224384567802079,False
GENE0770,-0.0444177115923976,5.126433843941134,5.082016132348737,-0.4055569585985786,0.6874038732076868,0.907893830683368,False
GENE0771,0.09163232913563135,8.90239033880238,8.994022667938012,0.9770038280413965,0.3349122538225018,0.7499190720919,False
GENE0772,-0.07343790595012845,6.564043670911087,6.490605764960959,-0.8792267844151577,0.3849529936742281,0.7832207399272189,False
GENE0773,-0.05608976117358466,5.83395431774898,5.777864556575396,-0.7613265984916583,0.45128739924206374,0.8303636645841402,False
GENE0774,-0.008043624166613306,7.924712905491205,7.916669281324592,-0.09534945289984784,0.9245518108850298,0.9795332625842298,False
GENE0775,-0.10092420700028804,8.160868383562555,8.059944176562267,-1.1485342168653314,0.2581193654504433,0.6624815061907449,False
GENE0776,0.028914466473062284,6.902114889189005,6.9310293556620675,0.25092117759665966,0.8032633211329756,0.9477346622668663,False
GENE0777,-0.050963604000978435,9.221853145336635,9.170889541335656,-0.6700584812612739,0.5069812050075937,0.8666345384745192,False
GENE0778,0.04532736228807366,5.995959435811935,6.041286798100009,0.45335285119099394,0.652942412011055,0.900958936495898,False
GENE0779,0.028408474005144235,7.295569372630079,7.323977846635223,0.27404094109141713,0.7855773257173749,0.9423706251932693,False
GENE0780,-0.07974624577183587,7.197672597711024,7.117926351939188,-1.0180520934335762,0.31526422384559205,0.7272531115238571,False
GENE0781,-0.0903247756281953,7.854081624597603,7.7637568489694075,-0.961819258553704,0.3423843846241952,0.7510332845353697,False
GENE0782,-0.03151712644458193,8.451863020267792,8.42034589382321,-0.3748318119844704,0.7099255360152583,0.9116551900125415,False
GENE0783,0.04853854601254248,6.428733850812073,6.477272396824615,0.5535206307722766,0.5832366208055871,0.8870518947613493,False
GENE0784,-0.03200197320741971,9.026374780430789,8.99437280722337,-0.36074978684691306,0.7203380496660472,0.9152285042618108,False
GENE0785,-0.05211870811675645,8.169824085629672,8.117705377512916,-0.6242818018227538,0.5362731408880218,0.8704069320570939,False
GENE0786,-0.08685613060581865,5.318828429744564,5.231972299138746,-0.8385254810226823,0.4071203708447797,0.799242870020598,False
GENE0787,0.1033249753213239,4.951072132051851,5.054397107373175,1.081878685395915,0.28630734546733394,0.6949642157063952,False
GENE0788,0.18291300544593803,7.8861978569089874,8.069110862354925,1.696861300768524,0.0981213423791666,0.39094429500144806,False
GENE0789,0.07201816522596971,7.643672205374083,7.715690370600052,0.6742439107331245,0.5043472993561102,0.8661790205097579,False
GENE0790,0.03607381258928566,7.892675346913502,7.928749159502788,0.27084946950522104,0.7880121056180063,0.9428680214851699,False
GENE0791,0.046870806687326017,7.884731014340763,7.931601821028089,0.5600453049469478,0.5788238058301178,0.8857331822751974,False
GENE0792,-0.076997527139957,8.386514651312776,8.30951712417282,-0.8083006430727839,0.4240843246920246,0.8102940705378721,False
GENE0793,0.09859863357385912,9.363964194773892,9.462562828347751,0.9934767214239667,0.32693073333997025,0.7430243939544778,False
GENE0794,-0.008200042878621971,6.309188253198766,6.300988210320144,-0.09441221670470056,0.9252911566722549,0.9795332625842298,False
GENE0795,0.018602567425578975,6.216519615088032,6.235122182513611,0.1709120467859369,0.865224168691062,0.9619379090530565,False
GENE0796,-0.020299375130590214,6.360669310265706,6.340369935135116,-0.25604709352583976,0.7993327131851611,0.9476380713517025,False
GENE0797,-0.05353749784668338,8.421020539535757,8.367483041689074,-0.44862423319764116,0.6563192072760551,0.9015373726319438,False
GENE0798,0.09633349684893489,9.898145239468839,9.994478736317774,1.1459762893012542,0.2591627922824357,0.6624815061907449,False
GENE0799,0.0646613901142814,7.329017585263503,7.393678975377784,0.7579307511699158,0.4532930669979369,0.8331899710881959,False
GENE0800,0.18479779023564635,4.175454243023626,4.360252033259273,2.6104121964982974,0.012980442551479407,0.06997543154436338,False
GENE0801,0.028172481138935446,5.477366521036113,5.505539002175048,0.28876934489786854,0.7743696260885481,0.9406297438805712,False
GENE0802,-0.10106022417720517,6.797181588997643,6.696121364820438,-0.963181685681416,0.34170945315769374,0.7510332845353697,False
GENE0803,-0.14209609154007108,7.254413364141653,7.112317272601582,-1.4465880822516999,0.1564314590460971,0.5145771679147931,False
GENE0804,-0.14551579141918403,7.447788361075285,7.302272569656101,-1.502951659674304,0.14133950064793957,0.4855431952926756,False
GENE0805,-0.07331506356452522,8.094990987449016,8.02167592388449,-0.6402726314752837,0.5259408559494855,0.8704069320570939,False
GENE0806,-0.1564822284704075,7.616880317107781,7.4603980886373735,-1.6639729319452032,0.10456605811169925,0.40723615039011113,False
GENE0807,0.23759553518401688,9.436843148260179,9.674438683444196,2.77721373101779,0.00855610216134721,0.04701155033707258,False
GENE0808,0.16973952822463634,6.8565638082449425,7.026303336469579,1.821860458639098,0.07656781329806697,0.32791354731506195,False
GENE0809,-0.1364157968565296,6.7697813051747575,6.633365508318228,-1.4072770312667624,0.16769080706702247,0.5348989061149042,False
GENE0810,0.04063794460735792,8.673815018537539,8.714452963144897,0.5763206128883318,0.5678880804590574,0.8784038367502821,False
GENE0811,-0.082969396018993,5.68817765903986,5.605208263020867,-0.8575878705985014,0.39664118585980657,0.7954315724014633,False
GENE0812,0.015176150670310307,8.53845815619818,8.55363430686849,0.12442336829482102,0.9016536008685412,0.9714675788440138,False
GENE0813,0.01845731427521713,8.160282980194648,8.178740294469865,0.1644120330490916,0.8703017020248972,0.9619379090530565,False
GENE0814,0.09316654551661152,7.747991135355522,7.841157680872134,0.980148161069942,0.3333787362597552,0.7492665473775892,False
GENE0815,0.03835633023484597,10.384178973051503,10.422535303286349,0.436240788440458,0.6651970137901732,0.9051854185277907,False
GENE0816,0.026499893251625828,7.101309318101994,7.12780921135362,0.28159771580182147,0.7798209882156526,0.9406297438805712,False
GENE0817,0.011504392349813486,11.037404318894875,11.048908711244689,0.12893164655856154,0.8981100527584185,0.9704052433910518,False
GENE0818,0.06111605044528812,7.611884300058004,7.673000350503292,0.5295869231781809,0.5995618891881672,0.8909912747566502,False
GENE0819,0.12460672033884368,6.012600271097601,6.137206991436445,1.2714810763062678,0.21149238581450913,0.6042639594700261,False
GENE0820,0.13703047801076806,8.114137227798484,8.251167705809252,1.2494710689675403,0.219339326031763,0.6113037570007973,False
GENE0821,0.0035745495568537677,6.2952203605604815,6.298794910117335,0.007712424493100942,0.9938878711691672,0.9983463893121417,False
GENE0822,0.0638992908966669,6.898426374397315,6.962325665293982,0.7891340393083591,0.4350614502494934,0.8179465139931106,False
GENE0823,0.07117312076547577,8.578915401942206,8.650088522707682,0.8415064880365037,0.40547036846821505,0.7978720596336283,False
GENE0824,-0.09990959981369585,8.835543988223472,8.735634388409776,-1.256830802082171,0.21669158541830574,0.608684228703106,False
GENE0825,0.04035990143874013,6.979502651882906,7.019862553321646,0.6062062702357961,0.5480792059959401,0.87364520999898,False
GENE0826,-0.17111286499029177,9.552043233545447,9.380930368555155,-1.8846630259615629,0.06734907847350749,0.2986655364678824,False
GENE0827,-0.03077952752146551,9.809627926945383,9.778848399423918,-0.2707460639342364,0.7880910301525827,0.9428680214851699,False
GENE0828,-0.025441710916568994,10.114721215993574,10.089279505077005,-0.3629328261588509,0.7187202687209233,0.9152285042618108,False
GENE0829,0.055769037771712604,8.830018025015713,8.885787062787426,0.6381861128118707,0.527283003313572,0.8704069320570939,False
GENE0830,-0.10813928536035355,10.14620401001538,10.038064724655026,-1.417739205609216,0.16463409000569829,0.5276733654028791,False
GENE0831,0.06928827617797495,5.109767510499857,5.179055786677832,0.9166625370874236,0.3652559420910172,0.7735939949451153,False
GENE0832,-0.043723929630057334,7.5703785818897655,7.526654652259708,-0.35211493692756246,0.7267497802758839,0.9176126529697723,False
GENE0833,0.001256147064897739,6.666855703230051,6.668111850294949,0.0754447455219002,0.940267313262829,0.9804664371875172,False
GENE0834,0.08295058626502438,8.10023299429354,8.183183580558564,0.8108434489737443,0.4226407728817878,0.8102940705378721,False
GENE0835,-0.022397215962808303,7.227323896268855,7.2049266803060465,-0.20769220528013066,0.8366082647610249,0.9552064065667842,False
GENE0836,0.036317527559913465,7.766937213108965,7.803254740668878,0.3681000247165548,0.7148962594587103,0.9138142349974661,False
GENE0837,0.04456396537729823,10.790560539430873,10.83512450480817,0.5038334084003497,0.6173653587106276,0.8960309995800111,False
GENE0838,-0.08515990246710725,7.810739286248075,7.725579383780968,-0.8196659051623554,0.4176555427689802,0.8086264138799231,False
GENE0839,0.24503278883993218,8.544737516606194,8.789770305446126,2.906096948769832,0.0061472193867472,0.034246347558480224,False
GENE0840,-0.19300357824594805,7.75212275758206,7.559119179336112,-2.4246774188201727,0.020323302515081448,0.1053020855703702,False
GENE0841,-0.0720454453108701,8.229192814504627,8.157147369193757,-0.903077846473376,0.3723266610889443,0.7780522344116795,False
GENE0842,-0.008536842033871395,8.059213820531273,8.050676978497401,-0.05811744626106322,0.9539678250937531,0.9855039515431334,False
GENE0843,0.09879643109346503,8.627193346804757,8.725989777898222,1.2154133646802123,0.2319071319956292,0.6327616152677469,False
GENE0844,0.1390950080671729,9.602594794934129,9.741689803001302,1.6016847062463364,0.11772986414947986,0.43696505530076696,False
GENE0845,-0.029321773008669894,10.557822869948144,10.528501096939474,-0.4730642278189559,0.6389463832356461,0.8964290746227466,False
GENE0846,-0.10290111870192042,8.516029938107042,8.413128819405122,-1.143062137529092,0.2603552319329627,0.6624815061907449,False
GENE0847,0.07949585842083451,8.851333309337557,8.930829167758391,0.8033989932213257,0.4268754485086532,0.8107795793136814,False
GENE0848,0.06190062032073307,6.344102259008138,6.406002879328871,0.6687063337722127,0.5078337215694146,0.8667714207582952,False
GENE0849,-0.029857750384319814,7.899189632427257,7.869331882042937,-0.22605675741656758,0.8224014212023878,0.9517868242846903,False
GENE0850,0.05079304512367955,9.326120972934174,9.376914018057853,0.5561687906426079,0.5814436299988389,0.8862466637092629,False
GENE0851,0.1853821749806457,9.128710431287542,9.314092606268188,2.00706100528719,0.05209065274072815,0.24341426514358946,False
GENE0852,0.025334391143388757,8.201118767661933,8.226453158805322,0.24914473967671175,0.8046267282645695,0.9477346622668663,False
GENE0853,-0.12299296798621562,9.431758468069427,9.308765500083211,-1.1531731016283195,0.25623481941083925,0.6595490847125849,False
GENE0854,0.07670323970896042,8.700718531258287,8.777421770967248,1.0066194802211417,0.3206556972235851,0.7341737406157645,False
GENE0855,-0.021101568510617952,9.824605185637273,9.803503617126655,-0.20168173688178995,0.8412702973991686,0.9553918685172872,False
GENE0856,-0.01097385582395205,8.527050493945344,8.516076638121392,-0.05853264408827779,0.9536393500028445,0.9855039515431334,False
GENE0857,0.023225759168452598,7.461928975811334,7.485154734979787,0.1493311543845511,0.8821033381313733,0.9672185725124707,False
GENE0858,-0.045982745335237496,8.469085129432965,8.423102384097728,-0.44984374668582516,0.6554476263007658,0.900958936495898,False
GENE0859,0.07734950125964701,3.4244103958238234,3.5017598970834705,0.9039633771892444,0.3718630755033432,0.7780522344116795,False
GENE0860,0.1280145279522884,8.51555516290558,8.643569690857868,1.3623492374418265,0.1813237854741938,0.5622442960440118,False
GENE0861,-0.2593521543599677,2.5835775687688995,2.324225414408932,-2.623896663582196,0.012556448518463008,0.06805663153638487,False
GENE0862,-0.028337148607019635,5.437051200746658,5.408714052139638,-0.20967104018896707,0.8350746746757426,0.9552064065667842,False
GENE0863,0.1356904886564756,8.591828014733139,8.727518503389614,1.5020134193763808,0.14158084237854712,0.4855431952926756,False
GENE0864,-0.07627315167079018,8.715627082072533,8.639353930401743,-0.81210587400686,0.4219252081009234,0.8102940705378721,False
GENE0865,-0.06638974622311977,6.2197605803793605,6.153370834156241,-0.652741674617385,0.5179582306659921,0.8704069320570939,False
GENE0866,-0.06752100847712139,6.917971702104127,6.850450693627006,-0.6051357166241464,0.5487826129701913,0.87364520999898,False
GENE0867,0.03962972818449195,10.16418519571349,10.203814923897982,0.4028946522226765,0.6893443285570323,0.9088257462848153,False
GENE0868,0.08314223194497394,7.236729274142104,7.319871506087078,1.0888471247098257,0.28326280710399326,0.6937821149127429,False
GENE0869,0.07388115269842821,11.280179559352044,11.354060712050472,0.8812726378217179,0.3838593815603766,0.7830144913792269,False
GENE0870,-0.09205326148321458,8.046747040515685,7.95469377903247,-1.1650947029408745,0.251437359023542,0.6564129891269219,False
GENE0871,0.028106707014954324,8.604683368455241,8.632790075470195,0.39313368195505166,0.69647686146862,0.9098754145617826,False
GENE0872,0.09858384056032321,10.27142902705354,10.370012867613863,1.0260990669538772,0.31150675257577654,0.7224384567802079,False
GENE0873,-0.03530170004584754,8.230115745000779,8.194814044954931,-0.36426406472348,0.7177343733529322,0.9148940386907995,False
GENE0874,-0.1844424674014542,6.609151015554555,6.4247085481531006,-1.4665887137766183,0.15093649784943103,0.5067898680226449,False
GENE0875,-0.01051615389850813,7.773447931845039,7.762931777946531,-0.09704200508052388,0.9232168007507033,0.9795332625842298,False
GENE0876,-0.02018667547384556,7.9147519707039065,7.894565295230061,-0.19499281102682478,0.8464653901903082,0.9566748558959018,False
GENE0877,-0.01972513138451948,5.945789752709534,5.926064621325015,-0.40606046386862293,0.6870371274866056,0.907893830683368,False
GENE0878,0.14047913695462189,7.477858443842498,7.61833758079712,1.235783918972124,0.2243275801761745,0.6188347039342744,False
GENE0879,-0.0589730877187451,6.943652850998058,6.884679763279313,-0.49618592441265946,0.6226981567194572,0.8964290746227466,False
GENE0880,0.12262345736680835,9.33750150052571,9.460124957892518,1.2086935165202606,0.2344485483573775,0.6351000834044852,False
GENE0881,-0.015073268422357344,8.072533146889873,8.057459878467515,-0.17421188377987964,0.8626486775074009,0.9619379090530565,False
GENE0882,-0.04067180363256817,7.62782715429208,7.587155350659512,-0.36020436669807104,0.720742447106176,0.9152285042618108,False
GENE0883,0.02674987805873741,7.882862858247172,7.90961273630591,0.2831730975286404,0.7786225179800437,0.9406297438805712,False
GENE0884,0.06764885638039075,8.32519023754482,8.392839093925211,0.7367101263173294,0.46594449963239315,0.8414018209896488,False
GENE0885,0.1430258594828775,8.870253205105351,9.013279064588229,1.4833226005261517,0.14645764915588275,0.49771494481351974,False
GENE0886,-0.014775893592938516,6.649941375506212,6.6351654819132735,-0.18701658046176758,0.8526693692002582,0.9602132536038943,False
GENE0887,-0.044716077531483656,6.546650710314711,6.501934632783227,-0.4927264946314804,0.6251173200164111,0.8964290746227466,False
GENE0888,-0.1376765347199882,9.74626611632994,9.608589581609952,-1.7399991886717805,0.0901721820605303,0.3673001305927915,False
GENE0889,0.014682211258352673,7.430338150659888,7.445020361918241,0.1735006936026869,0.8632036271837306,0.9619379090530565,False
GENE0890,-0.0010207456075965737,5.930353951323472,5.929333205715875,-0.06631318301488107,0.9474855186137281,0.9838894274285858,False
GENE0891,-0.03362796525635581,8.622498500019883,8.588870534763528,-0.31201343768783624,0.7567818794729007,0.9331453198958086,False
GENE0892,-0.1487208857265827,8.794786484858289,8.646065599131706,-1.7027697344208186,0.0969992585267554,0.3895552551275317,False
GENE0893,-0.0402358323870029,5.646257694383532,5.606021861996529,-0.45048448004277053,0.6549898925527997,0.900958936495898,False
GENE0894,0.0016188064046485096,8.343777829930627,8.345396636335275,-0.005701056903175324,0.9954818675741907,0.9989297085872936,False
GENE0895,-0.019190967433713624,9.033045055601393,9.01385408816768,-0.18309989292755377,0.8557193046537727,0.9619379090530565,False
GENE0896,-0.016178423933807196,8.549191678476406,8.533013254542599,-0.18281446592119552,0.8559416557839029,0.9619379090530565,False
GENE0897,0.035937517915776596,8.903743472701997,8.939680990617774,0.43035318755146634,0.6694351926274402,0.9051854185277907,False
GENE0898,0.13167729372772907,5.813734244595914,5.945411538323643,1.1305683741241987,0.26551232379180195,0.670485666140914,False
GENE0899,-0.027644950761178677,8.51522951198518,8.487584561224,-0.25103140294271037,0.8031787442201627,0.9477346622668663,False
GENE0900,-0.0751881983483722,7.559098377778848,7.483910179430476,-0.8582892074659818,0.39625889737257547,0.7954315724014633,False
GENE0901,-0.00299606731649682,7.2878596475516915,7.284863580235195,-0.0647631664976234,0.948711219282766,0.984140268965525,False
GENE0902,0.06555598616408176,9.306232035873705,9.371788022037787,0.6290693149200948,0.5331686249494408,0.8704069320570939,False
GENE0903,0.15952060214148212,10.04146742809188,10.200988030233361,2.1027221553175943,0.0423524516238765,0.20509661803330023,False
GENE0904,-0.09658409192317485,10.783822930253766,10.687238838330591,-0.9502350172858304,0.3481589112399003,0.7552254039911068,False
GENE0905,-0.1353391468850269,10.078714840664128,9.943375693779101,-1.3159637379497704,0.19628156286459905,0.5864551011392142,False
GENE0906,0.15514336879124624,7.7484724467378525,7.903615815529099,1.4833328804928352,0.14645493058783682,0.49771494481351974,False
GENE0907,0.15028215062558736,8.479184663630388,8.629466814255975,1.6168144854800173,0.11441382960008482,0.4298016775007498,False
GENE0908,-0.0049900461019163345,9.179406922555025,9.174416876453108,-0.13661415113271036,0.8920764430526636,0.9698126559663364,False
GENE0909,-0.02765861953697346,8.109900440989588,8.082241821452614,-0.2137269680423842,0.8319333908239169,0.9551474062272295,False
GENE0910,0.0246441633165162,8.22813552292596,8.252779686242476,0.4091534678578146,0.6847859143544508,0.907893830683368,False
GENE0911,-0.09520118129172239,9.32420728010456,9.229006098812837,-0.8673514967107716,0.39134002592264405,0.7929889076446688,False
GENE0912,-0.053484120168018734,7.932439461706556,7.878955341538537,-0.6828535552022731,0.4989529231715869,0.8654725617613039,False
GENE0913,-0.05123562726422204,7.010168149793929,6.958932522529707,-0.5406202988544492,0.592009207807967,0.8882358706796204,False
GENE0914,0.10792930487652352,7.353017026294919,7.460946331171442,1.1873216420693908,0.24266769792424978,0.641353640233691,False
GENE0915,0.03377134243425495,8.864666134172735,8.89843747660699,0.3371832036872239,0.7378841216569261,0.9223551520711576,False
GENE0916,-0.12579444863738942,8.111276501466481,7.9854820528290915,-1.4817742657881117,0.1468675699564406,0.49785616934386645,False
GENE0917,-0.025931211848403635,8.491423694620279,8.465492482771875,-0.3745896089737101,0.7101041566088973,0.9116551900125415,False
GENE0918,0.00425681084900198,9.013338833703381,9.017595644552383,-0.0001302837516888201,0.9998967485281777,0.9998967485281777,False
GENE0919,-0.10121641314677454,7.475510249379345,7.37429383623257,-1.1434389975933195,0.26020080271528445,0.6624815061907449,False
GENE0920,0.057394706536690876,9.010062601703083,9.067457308239774,0.49759776313836007,0.621712079428623,0.8964290746227466,False
GENE0921,0.0489630897943254,8.525466696204575,8.5744297859989,0.3895059706914897,0.6991348815587993,0.9106390773967419,False
GENE0922,0.11603612867364,6.062708503841006,6.178744632514646,1.1890003442297579,0.24201456784368144,0.641353640233691,False
GENE0923,0.04356311732328422,10.083315098981265,10.126878216304549,0.4645431740677889,0.6449807191910661,0.8964290746227466,False
GENE0924,0.12627048312077704,7.248984436932929,7.375254920053706,1.1935261850639993,0.24026012227183266,0.641353640233691,False
GENE0925,0.09204661849189755,5.538523012814715,5.630569631306613,1.0454443592813671,0.3025998155017519,0.7129459207389576,False
GENE0926,0.032556415644617864,6.413864252953244,6.446420668597862,0.29398704992396096,0.770410745464706,0.9406297438805712,False
GENE0927,-0.1113105150073963,6.499445781701691,6.388135266694294,-1.1819926733977302,0.24474957753301468,0.6423873426063378,False
GENE0928,-0.038457407542511035,8.084972726350824,8.046515318808313,-0.3848148286801629,0.7025777717851177,0.9111389734413847,False
GENE0929,0.073186757262377,7.503907256010173,7.57709401327255,0.6990671611828175,0.488881505567483,0.8597118272964805,False
GENE0930,0.0063908266403780445,7.478147038228369,7.484537864868747,0.020178998652798603,0.9840090104891763,0.9970480443124635,False
GENE0931,-0.0725718941433513,9.027626765400147,8.955054871256795,-0.6046741709384774,0.5490860144843589,0.87364520999898,False
GENE0932,0.2033266424544511,8.378279430887398,8.581606073341849,1.6197429492144202,0.11378091020426265,0.42936192529910433,False
GENE0933,-0.15567217441434877,8.605980566644336,8.450308392229987,-1.7030341066767751,0.0969493016273596,0.3895552551275317,False
GENE0934,-0.12677562658792318,8.651277433694371,8.524501807106448,-1.2072766025352157,0.23498703085965952,0.6351000834044852,False
GENE0935,0.06598028185035965,8.910932097451703,8.976912379302062,0.6864495263974497,0.4967093489167623,0.8654725617613039,False
GENE0936,-0.15752695746094325,4.888053853984786,4.730526896523843,-1.6380369677158284,0.10989176766573433,0.42104125542426946,False
GENE0937,0.20250962836067998,7.418253240149106,7.620762868509786,2.095170818236698,0.04305835919934837,0.2080113970983013,False
GENE0938,0.0414486081510832,4.767441761204751,4.808890369355834,0.450727114468189,0.6548165920673279,0.900958936495898,False
GENE0939,-0.03112892906712794,8.067436057336902,8.036307128269774,-0.21436845928978457,0.8314368153728858,0.9551255776828096,False
GENE0940,0.17738995759503062,7.899647140952132,8.077037098547162,1.7227920056979384,0.09327593403451857,0.3784013551096088,False
GENE0941,0.16434817129433554,9.497549519345206,9.661897690639542,1.8637703899896834,0.07030450450188531,0.30767835668221144,False
GENE0942,-0.04069554244597917,9.799042063194353,9.758346520748374,-0.3885874765906133,0.6998084722614822,0.9106390773967419,False
GENE0943,-0.0934563674018456,8.362118713897242,8.268662346495397,-0.9696358032157356,0.3385242053085953,0.7499524651819208,False
GENE0944,-0.1846777432819593,7.331415160198345,7.146737416916386,-2.2035906567363766,0.03385581751902891,0.16555411989745192,False
GENE0945,-0.04548601734878588,8.73075829787761,8.685272280528824,-0.5846982050120897,0.5622993892454516,0.8754798965900948,False
GENE0946,-0.018951190190355405,7.206755620758868,7.187804430568512,-0.13807437726967944,0.890930348904445,0.9698126559663364,False
GENE0947,-0.14676733197255398,8.060453998352347,7.913686666379793,-1.5608366435595153,0.12707594214654488,0.45710770556311103,False
GENE0948,0.09370196101666473,9.447387853568722,9.541089814585387,0.9733225161511531,0.3367136633692631,0.7499190720919,False
GENE0949,0.005145320429982725,7.212878627105825,7.218023947535808,0.03506554995774882,0.9722159691091103,0.9925635212956716,False
GENE0950,0.09660311135243482,9.182103911692696,9.278707023045131,1.0515101086035041,0.29984368736274025,0.7088503247346105,False
GENE0951,-0.07957992258311464,9.10984600678495,9.030266084201836,-0.8205700611381466,0.41714668403198507,0.8084238062635369,False
GENE0952,0.019254794182752555,6.57107018993801,6.5903249841207625,0.1960619638622082,0.8456345374608392,0.9566748558959018,False
GENE0953,-0.07665620421248853,9.479221837965968,9.402565633753479,-0.8653309312857335,0.3924334028504758,0.7935963657239147,False
GENE0954,-0.11454593025576365,9.021966607540703,8.90742067728494,-1.406044326031724,0.16805386804537148,0.5352034014183805,False
GENE0955,-0.004121164685107814,8.106303668870877,8.10218250418577,-0.17719190197069612,0.860324106277898,0.9619379090530565,False
GENE0956,0.15604241776644745,6.791334360658423,6.947376778424871,1.6317381048899822,0.1112183247882442,0.4253090814081996,False
GENE0957,0.08387521111282226,6.636969043893556,6.720844255006378,0.9965085430787003,0.32547586535179207,0.7422110797023606,False
GENE0958,0.05006007907766907,7.270672478868548,7.320732557946217,0.678806935130526,0.5014843526982514,0.8654725617613039,False
GENE0959,-0.02421336970195931,8.778697014740677,8.754483645038718,-0.29087835381785504,0.7727686947917896,0.9406297438805712,False
GENE0960,-0.16558850702617178,6.640817178799821,6.47522867177365,-1.8804793615287723,0.06793222265295154,0.2999215128165631,False
GENE0961,0.08684178096043382,8.653225651869022,8.740067432829456,0.8460150463647408,0.4029827747873901,0.7963151412803722,False
GENE0962,-0.055970083465950005,6.184351127421218,6.128381043955268,-0.5833201992153587,0.5632167540725952,0.8759203018236317,False
GENE0963,-0.047819398676650415,7.766686067340243,7.718866668663592,-0.4730801249666527,0.6389351484407393,0.8964290746227466,False
GENE0964,-0.08908312686046216,8.20412445142845,8.115041324567988,-1.0433734838340043,0.3035447748485314,0.7133837246733993,False
GENE0965,-0.03711890980193999,11.643876299237757,11.606757389435817,-0.5498385675566558,0.5857340873307191,0.887853957220212,False
GENE0966,0.05694428670922402,5.835402715663469,5.892347002372693,0.5591421170548,0.5794336818582033,0.8857331822751974,False
GENE0967,-0.10415055133391249,10.200426084187836,10.096275532853923,-1.2390155606491706,0.22314226765042477,0.6164151040066983,False
GENE0968,0.04625849093057788,8.232446576473297,8.278705067403875,0.5103860929129569,0.6128126257067255,0.8933128654616989,False
GENE0969,0.0636456441511708,8.62997557615213,8.693621220303301,0.8372128977318645,0.40784821232223956,0.799242870020598,False
GENE0970,-0.017699905347113187,8.134610822060331,8.116910916713218,-0.16365046114346027,0.8708969782733326,0.9619379090530565,False
GENE0971,-0.12948818942580687,8.774638836280145,8.645150646854338,-1.424096436618007,0.16279814626185354,0.5260037035924185,False
GENE0972,0.11002786848468382,7.762966206111495,7.872994074596178,1.5251518586822352,0.1357244396830812,0.47044866441275984,False
GENE0973,-0.08957637673646346,10.337189811590875,10.247613434854411,-1.1405795756195913,0.2613741827987955,0.6633862507583641,False
GENE0974,0.06400819654221923,7.242049044781483,7.306057241323702,0.7891833560066954,0.43503298809020663,0.8179465139931106,False
GENE0975,0.2507904766136573,9.62650796743699,9.877298444050647,2.615753368490747,0.01281094700530823,0.0692483621908553,False
GENE0976,-0.011020116627396881,6.9728000218688635,6.961779905241467,-0.21454344462178945,0.831301372175073,0.9551255776828096,False
GENE0977,0.01806173484106477,7.9135101026445325,7.931571837485597,0.12661658885624655,0.8999294499117296,0.971047469866079,False
GENE0978,0.058826070707600486,6.377557640912964,6.436383711620564,0.596723708028598,0.5543258133767599,0.8750867366157028,False
GENE0979,0.05404526745411431,8.599630802598634,8.653676070052748,0.48195828510129946,0.6326743347795437,0.8964290746227466,False
GENE0980,-0.10752704371421196,10.319724241546853,10.21219719783264,-0.9603959286746074,0.3430904337561964,0.7510332845353697,False
GENE0981,0.22121370458117795,7.7598628255208,7.981076530101978,2.4863812382854515,0.017544565896097344,0.09258346119312583,False
GENE0982,-0.1230188030359205,7.768278057431019,7.645259254395098,-1.1383824515853926,0.2622783686703865,0.6648374364268352,False
GENE0983,-0.05900397842691252,6.2931347258840535,6.234130747457141,-0.6347652836980263,0.5294873715207022,0.8704069320570939,False
GENE0984,-0.054263140790055786,7.732252550577793,7.677989409787737,-0.6473910093951493,0.5213756957202569,0.8704069320570939,False
GENE0985,-0.05960349162567358,5.587319115860937,5.527715624235263,-0.5954973364362547,0.5551363225353959,0.8750867366157028,False
GENE0986,-0.004290777634741616,6.604909027978209,6.600618250343468,-0.0028950968187840386,0.9977056035327405,0.9991811863707245,False
GENE0987,0.06924447150553625,8.279831112775284,8.34907558428082,0.6652832943758222,0.5099954127950362,0.8671384476102882,False
GENE0988,0.033342642404116773,10.011276120072083,10.0446187624762,0.3289614441588033,0.7440396580874276,0.9262316119447146,False
GENE0989,0.0924180909023935,12.260288605623883,12.352706696526276,1.063063908118826,0.29464225206300065,0.705263875185719,False
GENE0990,-0.01847414859862173,7.159180392105084,7.140706243506462,-0.16895010247840175,0.8667561560235018,0.9619379090530565,False
GENE0991,-0.06339440706547705,10.259785552202922,10.196391145137445,-0.7058691530547323,0.48469049028501776,0.8577830183401584,False
GENE0992,-0.047733817601368855,8.427732739622583,8.379998922021214,-0.5337234589173843,0.5967249827771617,0.8901242342337499,False
GENE0993,0.038474799494889744,7.734165900232431,7.7726406997273205,0.40555787408914695,0.6874032063085073,0.907893830683368,False
GENE0994,0.01619161373043454,8.723159697060444,8.739351310790878,0.17676669951261617,0.8606557100617753,0.9619379090530565,False
GENE0995,0.025782502727452083,8.019782310424635,8.045564813152087,0.37922581483424633,0.7066879234885857,0.9116551900125415,False
GENE0996,0.06123645295275004,8.02569951449112,8.08693596744387,0.690781564843918,0.49401398288704323,0.8651760585070649,False
GENE0997,-0.05215722341499163,7.343022227308123,7.290865003893131,-0.6085990051949228,0.5465087385627595,0.873271447172342,False
GENE0998,0.07519732739444684,5.885383050373886,5.960580377768333,0.7193115722442753,0.476467917558997,0.8523576342736976,False
GENE0999,0.021323257626900016,5.641997191500186,5.663320449127086,0.19988519789427706,0.8426649203539122,0.9553918685172872,False
GENE1000,-0.019957199991708308,9.002442784505629,8.98248558451392,-0.29261981633612616,0.7714475229782305,0.9406297438805712,False
GENE1001,0.013016087445320679,7.666435656293787,7.679451743739108,0.1305568230937191,0.8968331636312431,0.9704052433910518,False
GENE1002,0.0946295498145222,7.060402700947838,7.1550322507623605,0.9741305130266016,0.33631772433147045,0.7499190720919,False
GENE1003,-0.05189140410387161,8.022807917996788,7.9709165138929166,-0.5691603902263221,0.5726864971357261,0.8826175900132543,False
GENE1004,0.0676927369797724,9.13998239676971,9.207675133749483,0.6383446527825081,0.5271809590973727,0.8704069320570939,False
GENE1005,0.29982555392669497,8.0755050634255,8.375330617352194,3.0834943184622614,0.0038553978523201637,0.021598867520000918,False
GENE1006,-0.13371318458898873,7.103237017456318,6.9695238328673295,-1.2756580122577947,0.2100273752568733,0.6035269403933141,False
GENE1007,0.09083907748657616,9.84477829868671,9.935617376173287,0.9578640789384133,0.344348760959467,0.7510332845353697,False
GENE1008,-0.07436675721288744,10.427823440297269,10.353456683084381,-0.8966311731990086,0.3757127985452239,0.7780522344116795,False
GENE1009,0.05553669271779249,8.764105812705857,8.81964250542365,0.6289725825825064,0.5332312583462294,0.8704069320570939,False
GENE1010,-0.1069838850706013,9.590021131826262,9.48303724675566,-0.9042821013931048,0.3716963109109478,0.7780522344116795,False
GENE1011,-0.015752002942216237,9.85296827159481,9.837216268652593,-0.16613733510437692,0.8689534177025162,0.9619379090530565,False
GENE1012,0.029152164963331728,9.649482798297331,9.678634963260663,0.24920527799916312,0.8045802551992315,0.9477346622668663,False
GENE1013,0.09061276293575915,8.872531298048585,8.963144060984344,0.9694745639158164,0.3386035380296373,0.7499524651819208,False
GENE1014,0.12534558832255271,8.818514402455726,8.943859990778279,1.1109200278729756,0.27377005496770784,0.6861404886408717,False
GENE1015,-0.050102907056858825,8.880438887930747,8.830335980873889,-0.5358583151721573,0.5952633544953565,0.8901242342337499,False
GENE1016,0.08556073656779795,6.3173438275731115,6.4029045641409095,0.8132911832737432,0.4212540273417158,0.8102940705378721,False
GENE1017,-0.006825851702004115,9.081647152612152,9.074821300910148,-0.09972971177565065,0.9210973209941997,0.9795332625842298,False
GENE1018,-0.15438543046231157,6.05295706054934,5.898571630087028,-1.6162223904955568,0.11454214705394983,0.4298016775007498,False
GENE1019,-0.023744688721516027,6.849972968853287,6.826228280131771,-0.3571429560478861,0.7230138119143441,0.9160525437771503,False
GENE1020,-0.04044288874663948,9.985257173932734,9.944814285186094,-0.3705885288307014,0.7130572776882733,0.913137026329772,False
GENE1021,0.05713476834950448,9.291705702851344,9.348840471200848,0.4584725989039005,0.6492946325160615,0.8999232605905217,False
GENE1022,0.06268793365589431,10.128836016521351,10.191523950177245,0.6433780457061349,0.5239466780870494,0.8704069320570939,False
GENE1023,0.11210858645555088,7.57356699893096,7.685675585386511,1.452666893123382,0.15474490561769486,0.5124003497274664,False
GENE1024,-0.029546811767336756,6.3423364488733895,6.312789637106053,-0.210951537904632,0.8340826408557884,0.9552064065667842,False
GENE1025,-0.015596696175238733,7.630996819781979,7.61540012360674,-0.16351415029292832,0.8710035325425765,0.9619379090530565,False
GENE1026,0.10134239801478806,8.004032937749846,8.105375335764634,0.9706779797870057,0.3380117347570055,0.7499524651819208,False
GENE1027,-0.09767138998424763,8.11099505486307,8.013323664878822,-0.9792870311066748,0.333798246856716,0.7492665473775892,False
GENE1028,-0.0593382307514716,9.6025803774065,9.543242146655029,-0.5194602956970743,0.606533597190291,0.893049135087311,False
GENE1029,-0.02803022478285211,7.516781526942632,7.48875130215978,-0.34309305566962633,0.733470240074628,0.9202888834060577,False
GENE1030,-0.041683903117560206,8.540131371767215,8.498447468649655,-0.5146546414642756,0.6098552144464743,0.8933128654616989,False
GENE1031,0.004302435875265687,6.514868723094525,6.51917115896979,0.0004681768194239061,0.9996289641388216,0.9998967485281777,False
GENE1032,0.09329059276362095,8.646691257316263,8.739981850079884,0.9547713640757525,0.3458899922403573,0.7528701594510492,False
GENE1033,-0.03677937985570878,8.083712433103226,8.046933053247518,-0.5041691885394591,0.6171316878121214,0.8960309995800111,False
GENE1034,-0.007964288754594762,6.929561068886675,6.92159678013208,-0.14072710424879617,0.8888488998509799,0.9696990765035525,False
GENE1035,-0.13726110437082095,7.748330251244676,7.611069146873855,-1.4041032809295353,0.16862679678833473,0.5353231644074118,False
GENE1036,0.045431396068317476,7.666853246539174,7.712284642607491,0.3754142116861559,0.7094960940869517,0.9116551900125415,False
GENE1037,0.033013997314897736,7.580773574692553,7.613787572007451,0.4089274756232242,0.6849503022696055,0.907893830683368,False
GENE1038,-0.022067491706719622,10.645453226808343,10.623385735101623,-0.1402327060603497,0.8892367669141146,0.9696990765035525,False
GENE1039,0.14659581934046173,7.802121919261419,7.94871773860188,1.5641116332534257,0.12630509113443736,0.45597505824706624,False
GENE1040,0.13049950996072202,7.597180392286996,7.727679902247718,1.5412843645422138,0.13175766069049347,0.46384665022135846,False
GENE1041,-0.08720827817927468,4.937484981295276,4.850276703116001,-0.770074867519559,0.4461446074667085,0.8277976458393596,False
GENE1042,-0.07076804532691483,6.621035036733543,6.5502669914066285,-0.6409008864985091,0.5255370890102387,0.8704069320570939,False
GENE1043,0.005062045653086322,7.600869840573402,7.605931886226489,0.04130784094427153,0.9672725881333725,0.9925635212956716,False
GENE1044,-0.0393650871634037,6.961304848611794,6.921939761448391,-0.4099907212606604,0.6841770274060128,0.907893830683368,False
GENE1045,0.12276860510087495,9.984949125530537,10.107717730631412,1.3178184736030327,0.1956659281026841,0.5864551011392142,False
GENE1046,-0.24662501164004613,7.754928751608119,7.508303739968073,-2.564482781340855,0.014525407336587505,0.07788422164390083,False
GENE1047,0.0726548524245878,9.837770631149247,9.910425483573835,0.6662610714968746,0.5093774236768203,0.8671384476102882,False
GENE1048,0.10705408218045775,8.072465118903054,8.179519201083512,1.103169152304231,0.2770773215304811,0.6895035599282905,False
GENE1049,-0.04390223501082602,8.061981351225532,8.018079116214706,-0.5313092483769287,0.5983799168178182,0.8909912747566502,False
GENE1050,-0.058625625332593856,7.828436501602553,7.769810876269959,-0.5475357875285193,0.5872986370590441,0.887853957220212,False
GENE1051,-0.04829132728858987,8.063170196710495,8.014878869421905,-0.6900829297882183,0.4944481174367876,0.8651760585070649,False
GENE1052,0.1362577618662968,10.466591960254291,10.602849722120588,1.296826455972388,0.2027202005280118,0.5940591047365535,False
GENE1053,0.10946177980870431,4.494058574850912,4.603520354659616,1.345135911874809,0.18676845154230667,0.5705591256377873,False
GENE1054,0.13162909055180538,4.9213249684059965,5.052954058957802,1.3319227913606246,0.19103245618402243,0.580938213307932,False
GENE1055,0.1243174730691825,7.085477270267104,7.209794743336286,1.3121575281557227,0.1975495666530697,0.5870242662025903,False
GENE1056,-0.09140170487706545,8.071803051949463,7.980401347072397,-1.1346732308509155,0.26380992923059793,0.667623365919425,False
GENE1057,-0.10240006176829652,9.113287214862286,9.01088715309399,-1.2829627887740895,0.20748371141274735,0.6005317262308173,False
GENE1058,0.05987543777563964,8.685400185167824,8.745275622943463,0.6190866217096208,0.5396526966239061,0.8718396293733252,False
GENE1059,-0.0002685448811234892,7.506227976229655,7.505959431348532,0.07573870439789639,0.940035029777974,0.9804664371875172,False
GENE1060,-0.01683384133706234,9.521538771898333,9.504704930561271,-0.10207461373379778,0.9192486470715353,0.9795332625842298,False
GENE1061,0.09907382450980862,9.528517643035972,9.62759146754578,1.0821599892105307,0.28618399869853284,0.6949642157063952,False
GENE1062,0.1642680325635446,8.183632300883689,8.347900333447233,2.0467561642834977,0.04783483769040836,0.22778494138289695,False
GENE1063,0.08079265000561264,9.39908361886859,9.479876268874202,0.8463415822344897,0.40280297927287034,0.7963151412803722,False
GENE1064,0.081739118910928,8.35707975763041,8.438818876541339,0.8527800895821932,0.3992680708727272,0.7954315724014633,False
GENE1065,3.820074282501196e-05,7.149086383795469,7.149124584538294,-0.03399653487388535,0.9730626580548091,0.992894190219498,False
GENE1066,-0.045681822906813,9.022343615140558,8.976661792233745,-0.3827921327757278,0.7040642219021167,0.9111389734413847,False
GENE1067,-0.023336443328215495,8.18671312602147,8.163376682693254,-0.22844704511579728,0.8205566318297248,0.9517868242846903,False
GENE1068,0.0619938048264661,7.995141121941009,8.057134926767475,0.617950734843534,0.5403930872192995,0.8718396293733252,False
GENE1069,0.06752166929736525,10.221496164639829,10.289017833937194,0.5854901641813457,0.5617725070186045,0.8754798965900948,False
GENE1070,0.05596388341125813,4.350911240711007,4.406875124122265,0.5642118624282799,0.5760144170148114,0.8848147726802018,False
GENE1071,-0.14416899217439738,5.952299117572042,5.8081301253976445,-1.8708092061847688,0.06929666653889308,0.30462754183148516,False
GENE1072,-0.052621019658520396,6.269955839179307,6.2173348195207865,-0.4750023374367628,0.6375773233612207,0.8964290746227466,False
GENE1073,0.06309568375321106,7.4133298976728,7.476425581426011,0.7343317708431838,0.4673750611443567,0.8414018209896488,False
GENE1074,-0.0498282078674821,7.620602417806947,7.570774209939465,-0.4437926363795408,0.6597771073952565,0.9041224179402151,False
GENE1075,0.00038612908569035653,5.820044266543194,5.820430395628884,-0.1076995733083536,0.9148159125878472,0.9784127407356654,False
GENE1076,0.06526531977765337,6.507216725266242,6.572482045043896,0.81170944513796,0.4221498313062714,0.8102940705378721,False
GENE1077,-0.03657338344369343,6.7169506351207655,6.680377251677072,-0.4200285434561547,0.67689382513376,0.9070431044955993,False
GENE1078,-0.04621938966254113,11.744763957741435,11.698544568078894,-0.41799510022549274,0.6783667325743359,0.9075140235108172,False
GENE1079,0.001098509232663858,10.613620163006924,10.614718672239588,0.053691174049354605,0.9574700722522074,0.987591616557202,False
GENE1080,0.03719308723703829,7.32835076638123,7.365543853618268,0.3883039242410093,0.7000164691146316,0.9106390773967419,False
GENE1081,-0.025368419843628587,7.444744274388475,7.419375854544846,-0.22925606510171756,0.8199324753768107,0.9517868242846903,False
GENE1082,0.13635201360587335,6.18292292163003,6.319274935235903,1.4424548847688072,0.15758647058808,0.5166769527478033,False
GENE1083,-0.039577768339135844,5.216184029004799,5.176606260665663,-0.4441946359417953,0.6594891123369855,0.9041224179402151,False
GENE1084,-0.168199612795485,7.89942430545446,7.731224692658975,-1.4504373403913218,0.1553618135129503,0.5135927719436374,False
GENE1085,0.04371112177128822,6.4516375992465225,6.495348721017811,0.41146485592610743,0.6831054922740105,0.907893830683368,False
GENE1086,0.1364110780876473,7.800524811978981,7.9369358900666285,1.3944712845941858,0.1714924211925082,0.5401336100551439,False
GENE1087,0.03678471500251135,5.601092163673527,5.637876878676038,0.31771308166205214,0.7524887578560452,0.9307220257959743,False
GENE1088,0.008085439079951406,6.8005598135885945,6.808645252668546,0.05399669052934603,0.9572283068784787,0.987591616557202,False
GENE1089,0.1488034279064614,8.234780358830553,8.383583786737015,1.541286999634779,0.13175702047500118,0.46384665022135846,False
GENE1090,-0.181774208476984,8.726250610372281,8.544476401895297,-1.679511981239131,0.10147870329358571,0.39805472375767575,False
GENE1091,-0.23102564978458595,8.82095874316916,8.589933093384573,-2.538861765177553,0.01545887363145258,0.08200993968940361,False
GENE1092,0.13215298667042763,5.972751690271038,6.104904676941466,1.215496704983349,0.23187574136835293,0.6327616152677469,False
GENE1093,0.07273945411198568,9.256972202945189,9.329711657057175,0.8924934472203161,0.3778965513063478,0.7782490322129054,False
GENE1094,0.13936239480089352,6.854452833161247,6.99381522796214,1.3881543158756873,0.17339229847515344,0.5410056114669374,False
GENE1095,-0.036094343692317565,8.947292812710334,8.911198469018016,-0.4680025837739961,0.642527910333099,0.8964290746227466,False
GENE1096,0.04235539852217318,7.900202637794986,7.942558036317159,0.41547684986521216,0.6801925799296307,0.907893830683368,False
GENE1097,0.0898779196720163,5.872510080539607,5.962388000211623,0.8883986868116279,0.38006562505446717,0.7782490322129054,False
GENE1098,0.03213672824235925,7.551281556003673,7.583418284246032,0.3212315819616787,0.7498424941213061,0.9291728551689047,False
GENE1099,0.10009001405311047,8.552091861219482,8.652181875272593,0.9325005705636688,0.3571233258838191,0.7639001623183296,False
GENE1100,0.008688063931558077,8.870989063985064,8.879677127916622,0.15760535246201646,0.8756247592043755,0.9643444484629686,False
GENE1101,-0.1064903200036671,7.753843624195253,7.6473533041915855,-0.915398882232181,0.3659099596090395,0.7735939949451153,False
GENE1102,0.10404186509215307,10.165775068856393,10.269816933948546,0.9952223806753553,0.32609251476005185,0.7422110797023606,False
GENE1103,0.05739733927676127,9.510425524826811,9.567822864103572,0.5116370358765525,0.611945242098606,0.8933128654616989,False
GENE1104,-0.02884604013970815,7.671016057489714,7.642170017350006,-0.4911174323869915,0.626243966005932,0.8964290746227466,False
GENE1105,0.014439633279881292,9.216028410940838,9.23046804422072,0.31005403170138124,0.7582595700399587,0.9331453198958086,False
GENE1106,0.0275444225232242,10.878915836790926,10.90646025931415,0.30892199499551404,0.7591137177352403,0.9331453198958086,False
GENE1107,-0.04023719083429711,10.943351149774506,10.903113958940208,-0.39516196553482064,0.6949924269959399,0.9098754145617826,False
GENE1108,-0.14877339659662248,6.219448604460716,6.0706752078640935,-1.8187764741420198,0.07704686189589771,0.3285580464643826,False
GENE1109,-0.1386928093744304,6.722694842274699,6.584002032900268,-1.3977595581244495,0.17050988702124203,0.5378860789313629,False
GENE1110,0.20439878533737144,10.158301256703254,10.362700042040625,1.9919058554124094,0.053800403077474294,0.2490759401734921,False
GENE1111,0.030409698339459723,6.408876459450615,6.439286157790074,0.39646478019373743,0.6940395807312643,0.9098754145617826,False
GENE1112,0.06208926303868978,5.9049208753350095,5.967010138373699,0.6857540789692717,0.49714281076256883,0.8654725617613039,False
GENE1113,0.045457334040497344,7.228935267089184,7.274392601129682,0.4261153664927351,0.6724925883070205,0.9060885282456144,False
GENE1114,0.05385832197877427,8.599491779210561,8.653350101189336,0.5120991313542027,0.6116249756663609,0.8933128654616989,False
GENE1115,-0.030793772128636654,7.7987990560833484,7.768005283954712,-0.41067283979100244,0.6836811191790813,0.907893830683368,False
GENE1116,0.016392446657988557,7.03777710966064,7.054169556318628,0.1292168223764592,0.8978859722694048,0.9704052433910518,False
GENE1117,-0.05792531109825472,7.0481601132901135,6.990234802191859,-0.6800853062744686,0.5006838824152191,0.8654725617613039,False
GENE1118,0.04319540537863187,6.892861438285555,6.936056843664187,0.4227842790851026,0.6748997834854569,0.9060885282456144,False
GENE1119,-0.01002060315335207,6.698804486654848,6.688783883501496,-0.07900949072255764,0.937450848723137,0.9804664371875172,False
GENE1120,0.03650168866373704,11.343193837750594,11.37969552641433,0.42260328614636267,0.675030676730465,0.9060885282456144,False
GENE1121,-0.2048893426699454,8.469426182585304,8.264536839915358,-1.576698965034998,0.12337756134260298,0.44946288285101266,False
GENE1122,0.0024032497694168597,9.387314072378263,9.38971732214768,0.08771956101135031,0.9305726214798231,0.9800748240578239,False
GENE1123,0.06955037875941006,7.268896231443212,7.338446610202622,1.186859498933637,0.24284772951700226,0.641353640233691,False
GENE1124,0.05490903801652802,7.702246049774279,7.757155087790807,0.5793372233974731,0.565872514174091,0.876467149870579,False
GENE1125,0.21622982534300217,6.8191227687217735,7.035352594064776,1.6991996883706597,0.09767597003304154,0.39070388013216617,False
GENE1126,-0.14787531430458323,4.060677366707291,3.912802052402708,-1.6468943952652053,0.10804841478226349,0.41717534664966593,False
GENE1127,-0.15482653479885933,6.048904788793746,5.894078253994887,-1.6805600997867538,0.10127320750528883,0.39805472375767575,False
GENE1128,-0.1780864397306896,5.386292958442322,5.208206518711632,-1.4778754890480588,0.1479038147429725,0.49967504980733957,False
GENE1129,0.1353190953767447,4.601102563077258,4.736421658454002,1.5405395064106686,0.1319387301855615,0.46384665022135846,False
GENE1130,-0.09171250215820503,6.295111563170224,6.203399061012019,-1.089649536264794,0.2829137014219081,0.6937821149127429,False
GENE1131,0.030791870674194755,9.948268150837373,9.979060021511568,0.3924676572813027,0.6969645675543255,0.9098754145617826,False
GENE1132,-0.07802024000892249,7.995032101762123,7.917011861753201,-1.0933364281205824,0.2813135446949688,0.6937821149127429,False
GENE1133,-0.019808209396206422,9.899570536399256,9.87976232700305,-0.18335023729217217,0.855524293145329,0.9619379090530565,False
GENE1134,-0.1929475798070861,8.766443438379426,8.57349585857234,-2.4385854871266845,0.019664184333345328,0.10268503568326542,False
GENE1135,-0.07088491504269001,9.100882075032171,9.029997159989481,-0.8544579098963286,0.39835010449255637,0.7954315724014633,False
GENE1136,-0.034817801497893264,6.638887746831147,6.604069945333253,-0.3251970864396633,0.7468637096817178,0.9273177402630115,False
GENE1137,-0.06089082174244176,8.78937483942662,8.728484017684178,-0.6432838300431701,0.5240071203618936,0.8704069320570939,False
GENE1138,0.05501808728728719,9.096017781532556,9.151035868819843,0.5187892121844242,0.6069969370431736,0.893049135087311,False
GENE1139,0.07429396728571902,7.061746550666848,7.136040517952567,0.8881748017050746,0.38018445057365613,0.7782490322129054,False
GENE1140,-0.20635185299038383,8.909407083851924,8.70305523086154,-2.337056297458625,0.024957085189100284,0.12700806712010324,False
GENE1141,0.03738372534427192,8.830772434940481,8.868156160284753,0.3477311203353142,0.7300126196404928,0.918694133641966,False
GENE1142,0.09119484504929964,7.109329740814599,7.200524585863898,1.0627107571827132,0.2948002998276305,0.705263875185719,False
GENE1143,0.13111501667676162,6.241837935713741,6.372952952390502,1.4322880817145414,0.1604561769189976,0.5223514432165441,False
GENE1144,-0.010892501533023236,6.197601168481183,6.18670866694816,-0.12344933247201575,0.9024194726061803,0.9714675788440138,False
GENE1145,0.22063765724403694,8.092073203422595,8.312710860666632,2.212620078786668,0.03317470586743714,0.16312764200054805,False
GENE1146,0.08115890078495624,8.438418280475931,8.519577181260887,1.0754552877437642,0.2891340675964049,0.6967085966178432,False
GENE1147,-0.032106738974261084,6.822636202551091,6.79052946357683,-0.4107057274461797,0.6836572130521876,0.907893830683368,False
GENE1148,-0.16199873009412524,8.137735977824864,7.975737247730739,-1.6870995997379943,0.09999884074423496,0.39682079660410696,False
GENE1149,0.13455614067032862,8.71474883269582,8.849304973366149,1.4307838167484148,0.16088424451069558,0.5223514432165441,False
GENE1150,0.05569184934550897,8.886548632460036,8.942240481805545,0.4765385802732915,0.6364930513338647,0.8964290746227466,False
GENE1151,-0.08823497355074039,10.36452258717333,10.27628761362259,-1.007911043739145,0.32004348771371727,0.7340446965910946,False
GENE1152,-0.1276331326447302,9.93877863399476,9.81114550135003,-1.3461317003102278,0.1864500894465018,0.5705591256377873,False
GENE1153,-0.15394134035480533,6.652075559142633,6.498134218787827,-1.353007295140118,0.18426328318222626,0.5665542559527663,False
GENE1154,-0.1341010151676887,10.539530159177444,10.405429144009755,-1.2744013767139233,0.2104673189130725,0.6038212156667021,False
GENE1155,0.08532941437783048,7.085433775131781,7.170763189509612,0.9129536210180895,0.3671776883441724,0.7746364732999419,False
GENE1156,-0.13907610394360503,9.632763101241697,9.493686997298092,-1.4087023424412686,0.16727178375562834,0.534414644586672,False
GENE1157,-0.0893165931726827,8.205044282985334,8.115727689812651,-0.9738530397736185,0.33645365812119954,0.7499190720919,False
GENE1158,0.005661508161229456,7.364941293055571,7.3706028012168,0.06766324161613262,0.9464180432116382,0.9838025397210377,False
GENE1159,-0.09435951064593162,5.407456247698537,5.313096737052605,-1.0062437934982376,0.32083392464908905,0.7341737406157645,False
GENE1160,-0.07973617620182338,7.696289964540464,7.61655378833864,-0.7567569080803042,0.4539875827579424,0.8331899710881959,False
GENE1161,-0.2495068775573177,5.738312737885915,5.488805860328597,-3.1030560650537558,0.0036592602948518392,0.02055764210590921,False
GENE1162,-0.007862663618116272,9.357749562898402,9.349886899280285,-0.16854260496914106,0.867074416667457,0.9619379090530565,False
GENE1163,-0.0325504149569209,10.340545593244745,10.307995178287824,-0.28892278514880704,0.7742531170673518,0.9406297438805712,False
GENE1164,-0.06481977641600967,6.724688643348027,6.659868866932017,-0.6657887058653345,0.5096759241939149,0.8671384476102882,False
GENE1165,-0.07333375817066212,8.402100261553441,8.328766503382779,-0.754690662937001,0.4552116132036236,0.8337209033033398,False
GENE1166,-0.012436157497975664,6.868614338707192,6.856178181209216,-0.07993935414995962,0.9367163066833524,0.9804664371875172,False
GENE1167,0.0335970643513166,7.0515463729932915,7.085143437344608,0.49686385303421565,0.6222245797027706,0.8964290746227466,False
GENE1168,-0.11613066816276074,9.202729863889127,9.086599195726366,-1.1875544113350713,0.24257705777615574,0.641353640233691,False
GENE1169,-0.03931776461329495,7.9195351822263245,7.8802174176130295,-0.43207190583071464,0.6681968354086323,0.9051854185277907,False
GENE1170,0.010880507251362914,10.62159792760291,10.632478434854272,-0.017347345154490487,0.9862527242019892,0.9970480443124635,False
GENE1171,0.02512298903505439,7.250473659711145,7.275596648746199,0.3020566009951712,0.7643003348801783,0.936995991959933,False
GENE1172,0.052499112646913204,9.461447431374214,9.513946544021127,0.4789631879521706,0.6347834248257845,0.8964290746227466,False
GENE1173,-0.003912244603142767,8.170010505427594,8.166098260824452,0.017460580911456965,0.986162997432281,0.9970480443124635,False
GENE1174,0.034053649047693924,9.109433467058356,9.14348711610605,0.3128160421789975,0.756176860215267,0.9331453198958086,False
GENE1175,0.03307323941093898,7.326375776651579,7.359449016062518,0.3508821253014736,0.7276668338050295,0.9176126529697723,False
GENE1176,-0.0658891319687811,7.900880206019627,7.834991074050846,-0.597466124446221,0.5538354432925305,0.8750867366157028,False
GENE1177,-0.06141351107391735,7.780614686811259,7.719201175737342,-0.7783975825682437,0.4412843778962354,0.8248306128901596,False
GENE1178,0.08923139504884592,6.617289339302955,6.706520734351801,0.8369150486086798,0.4080134851455153,0.799242870020598,False
GENE1179,-0.05276141828737657,8.96737459312986,8.914613174842483,-0.48183846693456034,0.6327586489115664,0.8964290746227466,False
GENE1180,0.015853343840106504,8.936779449542165,8.952632793382271,0.13257752514105994,0.8952459012802502,0.9702843261224419,False
GENE1181,-0.04722980842976554,8.90558643672494,8.858356628295175,-0.43957720252508586,0.6628002253466474,0.9051854185277907,False
GENE1182,0.09788814823930458,10.272374790441628,10.370262938680932,0.9464234052667955,0.3500729409905389,0.7570425709365423,False
GENE1183,-0.03178466295335802,10.199260611992765,10.167475949039407,-0.32871144330721647,0.7442271001975782,0.9262316119447146,False
GENE1184,0.12011471560611309,7.310952483404497,7.43106719901061,1.2771847775866583,0.20949379287012085,0.6028598355974701,False
GENE1185,0.12543872935932043,8.587665578360355,8.713104307719675,1.7675901168069446,0.08537627036933461,0.35440469931373003,False
GENE1186,0.01981832538312922,7.060293920568574,7.080112245951703,0.33814964640264816,0.737161695916332,0.9223551520711576,False
GENE1187,-0.006748998286964181,7.991807816284982,7.985058817998018,-0.019874057068927836,0.9842506306691408,0.9970480443124635,False
GENE1188,0.10661895043474079,7.08568642527977,7.192305375714511,1.5628089030625472,0.12661126623456362,0.4562568152596887,False
GENE1189,0.06450172496775686,10.432748519119052,10.497250244086809,0.7916369072602873,0.4336183823507471,0.8179465139931106,False
GENE1190,0.018457241441577565,8.482812131647915,8.501269373089492,0.12570434800349123,0.9006465283007883,0.971047469866079,False
GENE1191,-0.042774821830950494,7.655704423877225,7.6129296020462744,-0.49379112458362523,0.6243723796220382,0.8964290746227466,False
GENE1192,0.04083056375147187,9.79521405495742,9.836044618708891,0.5335726489105168,0.5968282990537292,0.8901242342337499,False
GENE1193,-0.0027351397318886583,4.771927677577235,4.769192537845346,0.016528223806933105,0.9869017922758481,0.9970480443124635,False
GENE1194,0.16827468512031185,4.9464268265192635,5.114701511639575,1.6968315581930036,0.09812701804536346,0.39094429500144806,False
GENE1195,0.05580079541191019,9.202503026700915,9.258303822112826,0.5741229055071719,0.5693587402592808,0.8799980529509749,False
GENE1196,-0.08325770069216709,8.143365571798947,8.06010787110678,-1.1462754464257459,0.2590406036291128,0.6624815061907449,False
GENE1197,-0.23667029162391273,8.518485105510663,8.28181481388675,-2.5457318432013465,0.01520332239709737,0.0809872994786478,False
GENE1198,-0.03448595871024818,5.985228483789966,5.9507425250797175,-0.485741722945261,0.6300145505622642,0.8964290746227466,False
GENE1199,-0.12448586805108341,8.038328002342064,7.913842134290981,-1.2575636738874847,0.21642924331992394,0.608684228703106,False
GENE1200,0.086990458198283,10.889120035106663,10.976110493304946,0.944759340372225,0.3509107389457724,0.7570425709365423,False
GENE1201,0.20363131891999942,9.06580709331288,9.26943841223288,1.9966282901151629,0.053262477260159306,0.24715766710050724,False
GENE1202,-0.0782038957040907,8.272308645889085,8.194104750184994,-0.7495895172724517,0.4582417680671964,0.8363329411109092,False
GENE1203,0.10185239125025891,7.3254550773657385,7.427307468615997,0.9339567843924342,0.3563815826930756,0.7631297273941662,False
GENE1204,-0.058746582365893474,7.442163862273451,7.383417279907557,-0.6281856847365416,0.5337409121102885,0.8704069320570939,False
GENE1205,0.00022037336455671408,4.8165432130338015,4.816763586398358,0.011114471699895693,0.9911918310245313,0.9970480443124635,False
GENE1206,0.1586457198241007,8.338026948224236,8.496672668048337,1.7472884322856705,0.08888370931735412,0.3635325534452111,False
GENE1207,-0.07062624890774494,9.294883771043581,9.224257522135836,-0.7417648043556594,0.4629125744736482,0.8390234657543182,False
GENE1208,0.010008186256276197,5.631118199959056,5.6411263862153325,0.10445855231105336,0.9173696631867325,0.979049800626182,False
GENE1209,0.06622764413604898,7.035303631586752,7.101531275722801,0.7100301027178361,0.4821367628293116,0.8571320228076651,False
GENE1210,-0.0757350197506863,6.335289004834548,6.259553985083862,-0.6032343029800686,0.550033078846531,0.8742309020511964,False
GENE1211,-0.05863384570446328,6.525527721707929,6.466893876003466,-0.5578398298416444,0.5803136012467526,0.8857331822751974,False
GENE1212,0.07344595950000787,8.04707112428444,8.120517083784447,0.9404859232324344,0.3530683096788404,0.7592866874813772,False
GENE1213,-0.07313332398180261,4.935726083682401,4.862592759700599,-0.7086854139237784,0.4829612138818521,0.8577830183401584,False
GENE1214,-0.14200138916476135,9.002381780178206,8.860380391013445,-1.4879509375356568,0.14523773010009372,0.49569191160441545,False
GENE1215,0.08805151730099148,9.09872314315265,9.186774660453642,0.8923988314707594,0.3779465813372439,0.7782490322129054,False
GENE1216,0.05176228554915241,7.645880252661236,7.697642538210388,0.48894892461934447,0.627763766336559,0.8964290746227466,False
GENE1217,0.06242318591927898,4.271676160108441,4.33409934602772,0.846723841584347,0.40259256517738984,0.7963151412803722,False
GENE1218,-0.001141201347246934,6.459527127887974,6.458385926540727,-0.011998802734115277,0.9904910359144103,0.9970480443124635,False
GENE1219,-0.0015780928496145208,9.900066204087786,9.898488111238171,-0.02370263849868848,0.9812171743874284,0.9970480443124635,False
GENE1220,0.14360671751128695,3.7057297053257585,3.8493364228370455,1.2791827296583325,0.2087970819163958,0.6025889809996993,False
GENE1221,-0.029271748680157472,7.49341945331747,7.464147704637313,-0.2315162961065968,0.8181893444194952,0.9517868242846903,False
GENE1222,0.07480455952361353,6.144845686816618,6.2196502463402314,0.8619037452963499,0.3942923399607119,0.7949442337917578,False
GENE1223,-0.006500374310521195,9.158347955074682,9.15184758076416,-0.22695929332943957,0.8217047363598624,0.9517868242846903,False
GENE1224,-0.05720958079957317,6.977986803925189,6.920777223125616,-0.5941886346906544,0.5560019080663331,0.8750867366157028,False
GENE1225,0.061510436521595935,8.506616216260053,8.568126652781649,0.6001439697008218,0.5520685510379935,0.8750867366157028,False
GENE1226,0.1603540690401779,8.827520073202006,8.987874142242184,1.8043356802950024,0.07932396441201557,0.3368321206455014,False
GENE1227,-0.15593474844337507,10.883463089155383,10.727528340712007,-1.5464134574274686,0.13051625281795876,0.4638180591612117,False
GENE1228,-0.029460300208723034,7.669726992922139,7.640266692713416,-0.3873222183277989,0.7007367700567928,0.9106390773967419,False
GENE1229,-0.021543797786934604,8.638957519193454,8.61741372140652,-0.2414433738063599,0.8105445915574061,0.9492972210585159,False
GENE1230,-0.06048530805838048,5.778053201813533,5.717567893755152,-0.680739883519837,0.500274282664068,0.8654725617613039,False
GENE1231,0.06863335521673619,9.775538053126585,9.844171408343321,0.6200024894681402,0.5390561035023058,0.8718396293733252,False
GENE1232,-0.08172035502385278,6.903540119576441,6.821819764552588,-0.9100546637263982,0.3686843193111581,0.7753613445029613,False
GENE1233,0.044609661654990695,7.090622506614551,7.135232168269542,0.45714685180831205,0.650238381854037,0.8999839195211585,False
GENE1234,-0.039014321162269994,7.97654529532052,7.93753097415825,-0.47547553502082684,0.637243256822311,0.8964290746227466,False
GENE1235,0.007941908606481363,5.690161373066754,5.6981032816732355,0.11816018608175413,0.9065798915376152,0.9727252055124626,False
GENE1236,-0.009437355721914287,8.376363823075305,8.366926467353391,-0.16998908506766178,0.8659447995193391,0.9619379090530565,False
GENE1237,-0.1316015573142426,9.548962294352231,9.417360737037988,-1.6859083681871998,0.10022998231133463,0.3969504249953847,False
GENE1238,-0.11308024028601338,8.461304400944806,8.348224160658793,-1.188467944507931,0.242221568244925,0.641353640233691,False
GENE1239,0.08448500356326605,5.5729841813793985,5.657469184942665,1.3135042324986166,0.19710021302159655,0.5866077768499897,False
GENE1240,0.11685274666640488,7.790987253859811,7.907840000526216,1.1882254906986571,0.24231587878019958,0.641353640233691,False
GENE1241,-0.11127151727049167,9.18867760650842,9.077406089237929,-1.1021246065260693,0.2775251828711369,0.6895035599282905,False
GENE1242,0.12465700999082596,5.098885949797297,5.223542959788123,1.1568744983954478,0.2547382783278414,0.6586122499290494,False
GENE1243,-0.023436737260743357,6.429165916584512,6.405729179323768,-0.14006373558088434,0.8893693345827194,0.9696990765035525,False
GENE1244,-0.061827531594108365,9.45369919147036,9.391871659876251,-0.5484694513937842,0.5866640465056456,0.887853957220212,False
GENE1245,-0.012366411487610307,8.398750567505555,8.386384156017945,-0.12092317322614661,0.9044061976270836,0.9719572247470002,False
GENE1246,-0.07464339525225938,8.702808120367738,8.628164725115479,-0.9615775335066212,0.3425042251870729,0.7510332845353697,False
GENE1247,0.11612717246091186,10.813864986880636,10.929992159341548,1.4791645142399323,0.14756056680228039,0.4993589401092399,False
GENE1248,-0.005340876324014587,8.71038831011218,8.705047433788165,-0.01968287421856855,0.9844021149910152,0.9970480443124635,False
GENE1249,0.029691037039860646,8.998110620679883,9.027801657719744,0.3675287173009889,0.7153186941815639,0.9138142349974661,False
GENE1250,0.03680236693391237,12.012902447833158,12.04970481476707,0.48254435236047183,0.632262000214525,0.8964290746227466,False
GENE1251,0.1444271324582651,7.644371691855538,7.788798824313803,1.460701925366129,0.15253770070053907,0.5090688867336856,False
GENE1252,-0.01846583835541349,6.856352349026483,6.837886510671069,-0.1321617810371482,0.8955724330110139,0.9702843261224419,False
GENE1253,0.06114354462637017,8.553974723898973,8.615118268525343,0.6450415338361969,0.5228801119012629,0.8704069320570939,False
GENE1254,0.10903719868976403,8.658068070552,8.767105269241764,1.0288596906630532,0.3102248105280804,0.7210463768506845,False
GENE1255,0.15964331151587174,7.047860332012749,7.207503643528621,1.7502668604839713,0.08836169281752415,0.36213808531772196,False
GENE1256,0.04443232804703001,6.410049409784176,6.454481737831206,0.5409978665862296,0.5917515574184778,0.8882358706796204,False
GENE1257,0.23159869368999253,11.361664791929716,11.593263485619708,2.468892230664045,0.01829472931719267,0.09603532449969905,False
GENE1258,0.10246064933471466,8.462428126019322,8.564888775354037,1.102576982271017,0.27733115846026773,0.6895035599282905,False
GENE1259,-0.12642800550210875,6.92539960527972,6.7989715997776115,-1.277340780715899,0.20943932962408762,0.6028598355974701,False
GENE1260,-0.14581715576821708,9.429890485568286,9.28407332980007,-1.5581616411603796,0.12770839470194081,0.4585579702044553,False
GENE1261,-0.0829834276674708,7.846397476841408,7.763414049173937,-0.9926997061849272,0.3273043032379779,0.7430290652394503,False
GENE1262,0.07979965831898284,7.569661317714297,7.6494609760332795,0.9207266952559501,0.36315765106014575,0.7735939949451153,False
GENE1263,0.09199652097226618,8.843001833210222,8.934998354182488,1.184975342070904,0.24358272961631972,0.641353640233691,False
GENE1264,-0.10401642206393014,6.109528684375896,6.005512262311965,-1.2868326224899629,0.2061456212581477,0.5991865776886857,False
GENE1265,0.011235216552169192,8.509509838723204,8.520745055275373,0.2791203594398813,0.781706736141323,0.9406297438805712,False
GENE1266,-0.16261742440582871,10.92116029629121,10.758542871885382,-1.8956008367790067,0.06584472259239374,0.29264321152174994,False
GENE1267,0.0007084872934424169,8.697275973095499,8.697984460388941,-0.019548374541679084,0.9845086865764932,0.9970480443124635,False
GENE1268,-0.06754846563173356,7.449208846588033,7.3816603809562995,-0.8047226265973924,0.4261206415116594,0.8107795793136814,False
GENE1269,-0.08057106038370243,7.262640240642192,7.182069180258489,-0.8446557223674036,0.4037317766291487,0.7963151412803722,False
GENE1270,-0.03382646537600653,7.40966707094464,7.375840605568634,-0.3663444094786967,0.716194681147233,0.9140965936786637,False
GENE1271,-0.14672349065311963,7.623971799516445,7.4772483088633255,-1.2815284292911022,0.20798133911838604,0.6011021361803065,False
GENE1272,-0.12044482088886532,7.481923621195875,7.36147880030701,-1.5451554511508212,0.1308198538691823,0.46384665022135846,False
GENE1273,0.13136029416251205,9.27343396082696,9.404794254989472,1.1929165783045979,0.2404958916858934,0.641353640233691,False
GENE1274,-0.1418634240509471,5.425117797447079,5.283254373396132,-1.4713297734904518,0.14965664934291434,0.5038944422320348,False
GENE1275,0.06382635765818279,9.243663962140623,9.307490319798806,0.6777052902098244,0.5021747288554488,0.8654725617613039,False
GENE1276,0.12769240503156531,7.4114388026730555,7.539131207704621,1.2449955816719347,0.22096120850597972,0.6131517006215754,False
GENE1277,-0.0772079925444249,8.61954974234386,8.542341749799435,-0.7558573316972736,0.45452024845823713,0.8332176873661542,False
GENE1278,0.1266278510785659,6.207312387382991,6.333940238461557,1.3010996277405273,0.20126879664903966,0.5919670489677636,False
GENE1279,0.12674509131379175,9.907090120759749,10.03383521207354,1.5257769796759222,0.13556896182345152,0.47044866441275984,False
GENE1280,-0.08293112279736015,9.854991021075922,9.772059898278561,-0.9004774212058592,0.37369016779191144,0.7780522344116795,False
GENE1281,-0.11075732831126928,9.473369681267327,9.362612352956058,-1.5363319004051692,0.13296533987407766,0.46491377578348836,False
GENE1282,-0.064783745041888,5.797831560209937,5.733047815168049,-0.7968189847744247,0.4306397468824641,0.8147490235676841,False
GENE1283,0.11071396555306912,9.246609072336302,9.35732303788937,1.2308334573516413,0.2261524018146703,0.622767072270599,False
GENE1284,0.08033957498350475,8.547716091705357,8.628055666688862,0.9054718250545417,0.3710742438601691,0.7780522344116795,False
GENE1285,-0.009819268426164207,5.5517582549209195,5.541938986494755,-0.08551386177439545,0.9323139439372911,0.9802731920012023,False
GENE1286,0.06798691121111844,7.854449826928759,7.9224367381398775,0.7613007406837171,0.4513026517014802,0.8303636645841402,False
GENE1287,-0.16793443069363256,8.618993377263047,8.451058946569415,-1.629492840450227,0.11169435263572665,0.4263143230371246,False
GENE1288,0.03249577837636508,8.743670833205307,8.776166611581672,0.26195197525847636,0.7948113430997744,0.9450788859688162,False
GENE1289,0.06466433148135486,8.34544833229337,8.410112663774726,0.7449574717577454,0.4610034455182658,0.8381912872115861,False
GENE1290,0.09358449290404991,8.361147653391573,8.454732146295623,1.2084814515409603,0.23452908336465558,0.6351000834044852,False
GENE1291,-0.0281066807798922,10.264059634446296,10.235952953666404,-0.27867004316152627,0.7820496579384806,0.9406297438805712,False
GENE1292,-0.027784757461311926,10.00093561968708,9.973150862225769,-0.36726118157683957,0.715516546003016,0.9138142349974661,False
GENE1293,-0.17780543101434398,3.6804964745998086,3.5026910435854646,-2.0157330136651175,0.051133738803855244,0.24062935907696587,False
GENE1294,-0.10689554639077503,7.653398545488645,7.54650299909787,-1.2002568753228722,0.23766824709122694,0.6388931373420079,False
GENE1295,0.0775581291425409,7.73641348127241,7.813971610414951,0.8274679729040865,0.4132770798441747,0.805608342776169,False
GENE1296,-0.06009577721711956,5.447767395311094,5.387671618093974,-0.4734040904300083,0.6387062151214238,0.8964290746227466,False
GENE1297,-0.026401895244040574,8.230339612850491,8.20393771760645,-0.24745894545471403,0.8059211391628355,0.9477618917870054,False
GENE1298,-0.04227965258262323,9.973515056833902,9.931235404251279,-0.4044883253997564,0.6881825033257414,0.907893830683368,False
GENE1299,0.005416474280891315,6.318962111847372,6.3243785861282635,0.08582873250443501,0.9320653436619034,0.9802731920012023,False
GENE1300,0.05468537794883055,8.493027311505166,8.547712689453997,0.6525204544664251,0.5180992844082716,0.8704069320570939,False
GENE1301,0.094170534205543,6.55886075972477,6.653031293930313,1.143617497324044,0.2601276803657463,0.6624815061907449,False
GENE1302,0.09622878814393943,6.927213798361619,7.023442586505558,1.0315414433627221,0.3089829698122138,0.7210463768506845,False
GENE1303,0.14000607341243665,10.157897905656316,10.297903979068753,1.2856730655354272,0.20654588030984897,0.5991865776886857,False
GENE1304,-0.04173184360436544,7.15955852725116,7.117826683646794,-0.4916592256857129,0.6258645072711946,0.8964290746227466,False
GENE1305,0.03196981265780252,8.668841041145459,8.700810853803262,0.25775693387220455,0.7980227597475085,0.9476380713517025,False
GENE1306,0.0771111506653801,5.145498722110604,5.222609872775984,0.8081165585530906,0.42418894592657597,0.8102940705378721,False
GENE1307,0.014027941424506807,10.767658442002121,10.781686383426628,0.11155127968371988,0.9117821668180452,0.9762121700407336,False
GENE1308,-0.242231903696986,9.08432909546372,8.842097191766735,-3.002940618096374,0.004772639403488578,0.026662789963623344,False
GENE1309,0.081070056553048,7.613696868792675,7.694766925345723,0.7383106731456084,0.4649832104183752,0.8414018209896488,False
GENE1310,-0.0185883286018651,8.872793174818025,8.85420484621616,-0.18048299158717931,0.8577583470161033,0.9619379090530565,False
GENE1311,0.08654145220098908,5.887413435429602,5.973954887630591,0.864181029289225,0.3930565027478803,0.7936835096174076,False
GENE1312,-0.037011915033316356,9.822984614302067,9.78597269926875,-0.4856285966970066,0.6300940069992704,0.8964290746227466,False
GENE1313,-0.03753020207842628,7.508158832912822,7.470628630834396,-0.4382327342142283,0.6637656240555005,0.9051854185277907,False
GENE1314,0.20480315285100215,7.554836269277077,7.759639422128079,2.2833034737378344,0.028251373416380277,0.14232429932685278,False
GENE1315,0.12394438598688762,7.253421428273098,7.377365814259986,1.3079296370295785,0.19896535391768366,0.5879356453832302,False
GENE1316,0.06152628895352397,7.0572780147755285,7.1188043037290525,0.5462056884408969,0.5882032466583904,0.887853957220212,False
GENE1317,0.07248511009341563,9.02383782525057,9.096322935343986,0.7041866814902805,0.48572524726654753,0.8577830183401584,False
GENE1318,0.06893569980254988,8.217945061977908,8.286880761780457,0.6580572456273909,0.5145751587662277,0.8704069320570939,False
GENE1319,0.03512245589190499,9.012049322011961,9.047171777903866,0.28468710391973767,0.7774712551276324,0.9406297438805712,False
GENE1320,-0.07365474312199005,8.020425291971499,7.946770548849509,-0.9747913388407036,0.33599413474649886,0.7499190720919,False
GENE1321,-0.01929126741821996,8.856598022712324,8.837306755294104,-0.19335175718650943,0.8477410201523221,0.9568183071696638,False
GENE1322,-0.07033625183992775,7.44038597313822,7.370049721298292,-0.7961871960267523,0.43100223346730493,0.8147490235676841,False
GENE1323,-0.03427764891299212,11.357086243814278,11.322808594901286,-0.31585696887155357,0.7538859634648647,0.9318738732569403,False
GENE1324,0.048553426232238905,5.641756800041302,5.6903102262735406,0.3383024877463276,0.737047467578111,0.9223551520711576,False
GENE1325,0.1735706556644434,9.816677349487472,9.990248005151916,2.2414577677414993,0.031080427381255726,0.15502822614443143,False
GENE1326,-0.0906519140742219,10.038891660396335,9.948239746322113,-0.8548357919214488,0.3981435410023155,0.7954315724014633,False
GENE1327,0.10371070456554854,6.662057397255262,6.765768101820811,1.104265080023234,0.27660798088658145,0.6895035599282905,False
GENE1328,-0.07918832381676744,11.36092898359708,11.281740659780313,-0.6137858070062757,0.5431123758797678,0.8731710223147392,False
GENE1329,0.09518602488747341,9.519925095467057,9.61511112035453,1.2557798881797526,0.21706819086932655,0.6088869309097519,False
GENE1330,0.19200137207686474,9.4433244066417,9.635325778718565,2.0744302983163987,0.045050712293033354,0.2160705625565149,False
GENE1331,-0.07142831270762251,8.094530941022205,8.023102628314582,-0.7223585849860875,0.4746152118149054,0.849803423124271,False
GENE1332,-0.048750580474492544,7.763749141789009,7.714998561314516,-0.5355147121563236,0.5954984872598422,0.8901242342337499,False
GENE1333,0.08871051052156531,7.59901041463834,7.687720925159906,1.0291652526646833,0.31008314084552174,0.7210463768506845,False
GENE1334,0.047981766752368316,8.546930517498984,8.594912284251352,0.6820181638934512,0.4994749362774227,0.8654725617613039,False
GENE1335,0.010231593308910547,10.110284404760835,10.120515998069745,0.09308415431978835,0.9263389235041894,0.9795332625842298,False
GENE1336,0.10875134285292276,8.203713769786752,8.312465112639675,1.0399393623960231,0.3051162907180684,0.7137223174691658,False
GENE1337,-0.10435164375518458,6.63208599993722,6.527734356182036,-1.457109054262118,0.1535215528839281,0.5100383816741798,False
GENE1338,-0.0855425618749468,9.253683890280072,9.168141328405126,-0.9435795491846943,0.3515055230241392,0.7570425709365423,False
GENE1339,0.0927085222689552,9.317136187350021,9.409844709618977,0.7975134411856009,0.4302415174670795,0.8147490235676841,False
GENE1340,-0.0016190679827872145,8.963582298600963,8.961963230618176,-0.017487747764311914,0.9861414707436136,0.9970480443124635,False
GENE1341,-0.14279462665556686,9.09972766765886,8.956933041003293,-1.390207665707338,0.17277294946894065,0.5407604052236014,False
GENE1342,0.03449225101525144,7.467739555936369,7.50223180695162,0.43456780865354283,0.666400180738711,0.9051854185277907,False
GENE1343,-0.06525449743943934,6.686193822233664,6.620939324794224,-0.6728284975072916,0.505237182442828,0.8661790205097579,False
GENE1344,-0.09939139737240943,6.758805969328567,6.659414571956158,-1.4410640195672937,0.1579766533240448,0.5171085215189684,False
GENE1345,0.03081408815978648,5.553415182852293,5.584229271012079,0.27332494034814836,0.786123375095264,0.9423706251932693,False
GENE1346,0.1743227026379781,8.278673615993545,8.452996318631524,1.7647356783375236,0.08586227419655501,0.35480278593617776,False
GENE1347,0.07953034277240789,7.8259488137739,7.905479156546308,0.7066125661646792,0.48423367126212735,0.8577830183401584,False
GENE1348,-0.10406770995348502,7.452333248452115,7.34826553849863,-1.182214103420407,0.24466281194737474,0.6423873426063378,False
GENE1349,0.07297498947106629,3.6263871949169535,3.69936218438802,0.6602166676045035,0.5132042264742726,0.8704069320570939,False
GENE1350,0.055313668499876734,6.107674935665839,6.162988604165716,0.5262244232140922,0.6018726230427258,0.891875760296581,False
GENE1351,-0.04903307798312717,9.684935524077178,9.63590244609405,-0.3547230918748194,0.7248109920916175,0.9174822684704018,False
GENE1352,-0.06547344490323947,7.07540793419695,7.009934489293711,-0.5973844907691422,0.5538893519592357,0.8750867366157028,False
GENE1353,-0.10889597868897738,8.629251686244118,8.52035570755514,-1.290589185286149,0.20485294771926063,0.5972389146334128,False
GENE1354,0.061047005947022726,5.895330658653327,5.95637766460035,0.5620645721806005,0.5774614357618311,0.8849983689836491,False
GENE1355,0.03647718291582791,10.051655028816215,10.088132211732043,0.5155434997359074,0.609240211131608,0.8933128654616989,False
GENE1356,0.09714696819192348,7.805628560323468,7.902775528515392,1.02945023045077,0.30995105483762214,0.7210463768506845,False
GENE1357,-0.007710915212667757,8.44425938111046,8.436548465897792,-0.008369208140696962,0.9933673793588293,0.9983463893121417,False
GENE1358,0.1017938337341775,11.456963369117442,11.55875720285162,1.3077781770039272,0.19901621596222344,0.5879356453832302,False
GENE1359,0.06501338391448819,10.258473290580879,10.323486674495367,0.7848584274067634,0.4375332858860361,0.8185842579720041,False
GENE1360,0.07519553963859593,7.408028030522933,7.483223570161529,0.7875240706413085,0.4359912261928336,0.8185842579720041,False
GENE1361,0.12145344183186246,6.994279878282837,7.1157333201147,1.4590020777336015,0.15300255347365516,0.509159911725974,False
GENE1362,0.0485707671318778,7.476863369759476,7.525434136891354,0.6104446550909136,0.5452989366945435,0.873271447172342,False
GENE1363,0.13241651657729214,8.702316957811625,8.834733474388917,1.4196874194549909,0.16406973646093434,0.5269045737890494,False
GENE1364,0.09013383394969665,7.787559964980661,7.877693798930357,1.0772025038687345,0.28836324527105683,0.6963799866406757,False
GENE1365,0.10670459202475513,7.360308482445217,7.467013074469972,1.2116110960832145,0.23334262115757587,0.6340832096673258,False
GENE1366,0.15606938608085308,10.156405655567964,10.312475041648817,1.8966000255015738,0.06570874481466459,0.29264321152174994,False
GENE1367,0.036698484262329245,7.85671493112508,7.89341341538741,0.5256554447608345,0.6022640422716798,0.891875760296581,False
GENE1368,0.06583673767044473,11.359171559721302,11.425008297391747,0.6985903845755935,0.4891760297316974,0.8597118272964805,False
GENE1369,-0.3608232373472777,8.359833843150948,7.9990106058036705,-4.147905935542696,0.00018822069553292703,0.001075546831616726,True
GENE1370,0.02017169644991057,10.660384310176124,10.680556006626034,0.15515558205087368,0.8775420114232841,0.9647322502283612,False
GENE1371,-0.17667737028392771,8.612575671933318,8.43589830164939,-2.2224349426429404,0.032448213755229285,0.160634721560541,False
GENE1372,0.032047527039567925,9.45004402179651,9.482091548836078,0.4128955970116108,0.6820661347451515,0.907893830683368,False
GENE1373,-0.06297087627773124,6.896728074531552,6.833757198253821,-0.6249196619800422,0.5358589671443317,0.8704069320570939,False
GENE1374,-0.06290028288552829,6.671240380400116,6.608340097514588,-0.6722858406897924,0.5055785838720034,0.8661790205097579,False
GENE1375,-0.018460168244232023,8.712440521859019,8.693980353614787,-0.22773343908497984,0.8211072749292913,0.9517868242846903,False
GENE1376,-0.004480287339266198,9.48687769479454,9.482397407455274,-0.020922936421140504,0.9834195585443014,0.9970480443124635,False
GENE1377,-0.10139115429596224,8.069497575835804,7.968106421539842,-1.0848937671032959,0.28498723142217286,0.6949642157063952,False
GENE1378,-0.01603878511951251,6.079288254471034,6.063249469351521,-0.16878577454071322,0.8668844954926359,0.9619379090530565,False
GENE1379,-0.121723214300828,6.02246121426912,5.900737999968292,-1.2429545296072135,0.22170383482250067,0.6141319893588539,False
GENE1380,-0.023047388978151062,5.882941050053337,5.859893661075186,-0.21633704145547583,0.8299133830115564,0.9551255776828096,False
GENE1381,-0.01673130608233464,5.428261175410796,5.4115298693284615,-0.16569073103139728,0.8693023907506836,0.9619379090530565,False
GENE1382,0.001766908135738987,8.168847904732003,8.170614812867742,-0.022628600866112507,0.9820681278183383,0.9970480443124635,False
GENE1383,0.055264795622234075,9.587399810241585,9.64266460586382,0.6773351224697278,0.5024068221024369,0.8654725617613039,False
GENE1384,0.006421519433504663,7.95679181349026,7.963213332923765,0.07845520574461182,0.9378887304143385,0.9804664371875172,False
GENE1385,0.046680125881667145,4.66536117893573,4.712041304817397,0.6327665989398681,0.5307775699019153,0.8704069320570939,False
GENE1386,-0.05002241945232111,7.615777890986439,7.565755471534118,-0.4678266935683551,0.6426525233741746,0.8964290746227466,False
GENE1387,-0.05559947261020959,7.789065697552452,7.733466224942243,-0.48892335716021396,0.6277816951338957,0.8964290746227466,False
GENE1388,0.06724744288481332,11.04780939123447,11.115056834119283,0.587285499576626,0.5605790096983424,0.8754798965900948,False
GENE1389,0.059655335614187344,5.802027131918674,5.861682467532861,0.6791553174106829,0.5012661382703788,0.8654725617613039,False
GENE1390,0.1253721948095432,7.4503309111118625,7.575703105921406,1.5693144774678762,0.12508826883133714,0.45404090319904583,False
GENE1391,0.03683277358839554,10.591985223671704,10.6288179972601,0.4066755932351781,0.6865891804836506,0.907893830683368,False
GENE1392,0.1446619727766354,8.5532160136752,8.697877986451836,1.5662692667407165,0.12579931210932746,0.45497038737550616,False
GENE1393,0.15681734766738487,8.692935042345656,8.849752390013041,1.7202096487076073,0.09374934138895455,0.3795519894289658,False
GENE1394,-0.005595515666808382,8.20115064128254,8.195555125615732,-0.04421261905808456,0.9649726770686435,0.9922598221785537,False
GENE1395,0.003993650010222893,8.464545575932465,8.468539225942688,0.07193631827284856,0.9430400414033013,0.9828452750425235,False
GENE1396,-0.10897091398774883,9.206900508052879,9.09792959406513,-1.0581147817552439,0.29686255737802136,0.7075162531484593,False
GENE1397,-0.17855094573950936,6.872224653931622,6.6936737081921125,-2.0565412373542893,0.04683367242104029,0.2240845570384703,False
GENE1398,0.050922123913077044,9.279726062549681,9.330648186462758,0.512163462733382,0.6115803953771336,0.8933128654616989,False
GENE1399,-0.0874425932519376,5.939653559060826,5.852210965808888,-0.8217692099233619,0.4164723906635214,0.8084238062635369,False
GENE1400,0.06239153491908844,8.469144521390833,8.531536056309921,0.5556112004985111,0.5818209347251311,0.8862466637092629,False
GENE1401,-0.22030756996591094,8.328526417753672,8.10821884778776,-2.445861945884215,0.019327141168302576,0.10118922077645327,False
GENE1402,0.06920758144491668,7.020192524601505,7.089400106046422,0.5874990798974477,0.560437111587683,0.8754798965900948,False
GENE1403,-0.0074463540525862015,8.038987233339391,8.031540879286805,-0.07624152102708523,0.9396377212211353,0.9804664371875172,False
GENE1404,-0.015698691767692452,7.138690568162486,7.122991876394794,-0.1907073067588249,0.8497974864804368,0.9580580456374711,False
GENE1405,0.02815088603450011,6.325256300803656,6.353407186838156,0.21179016310395427,0.8334330856448229,0.9552064065667842,False
GENE1406,0.037997441104569596,7.433060213738341,7.471057654842911,0.26636516743981703,0.7914368297430527,0.9428680214851699,False
GENE1407,-0.12827916397410455,6.384643007601632,6.256363843627527,-1.6595242182257655,0.10546410789096133,0.4095693510328595,False
GENE1408,-0.01822746396349295,8.471460569399081,8.453233105435588,-0.2005634271358846,0.8421383617981701,0.9553918685172872,False
GENE1409,-0.08900285607923308,6.337949341526281,6.248946485447048,-1.0688875764760561,0.29204447410163004,0.7020299858212261,False
GENE1410,-0.0455826124085732,9.091509922311698,9.045927309903124,-0.43215586061134936,0.6681363690174764,0.9051854185277907,False
GENE1411,-0.10399790086075544,6.304925799419591,6.200927898558835,-1.3781302547231586,0.17644066440123404,0.5488045549027497,False
GENE1412,-0.06383038957607834,7.19260414405156,7.128773754475482,-0.751709926617331,0.45698078588579394,0.8361953996080401,False
GENE1413,0.11919632613640818,7.015864918941998,7.135061245078406,1.1878426929875552,0.24246483550822004,0.641353640233691,False
GENE1414,0.007295072538024527,9.94709534198894,9.954390414526964,0.09852138599885173,0.9220501149040172,0.9795332625842298,False
GENE1415,0.017580070320180496,8.493564200581575,8.511144270901756,0.22670553689992629,0.821900601066744,0.9517868242846903,False
GENE1416,-0.08051820812218224,7.744478963177075,7.663960755054893,-0.8762194474222555,0.3865641630051584,0.7849018538175805,False
GENE1417,-0.005433868329916436,8.823175268951214,8.817741400621298,-0.07703271954318766,0.9390125748365263,0.9804664371875172,False
GENE1418,-0.0541831097603378,4.889269540896782,4.835086431136444,-0.5484815728480343,0.5866558099984217,0.887853957220212,False
GENE1419,0.13075863057031167,7.789358257525531,7.920116888095842,1.5012455191064078,0.14177861302546127,0.4855431952926756,False
GENE1420,0.16553994738539046,10.942191532263973,11.107731479649363,1.6998025865778903,0.09756141428547095,0.39070388013216617,False
GENE1421,-0.1466333761022458,8.264756018085269,8.118122641983023,-1.1200409848010868,0.2699142709477784,0.6798848134704746,False
GENE1422,0.055626732023146275,8.043757996116575,8.099384728139722,0.5852779639366598,0.5619136572745027,0.8754798965900948,False
GENE1423,-0.14199041810069524,8.828406115987843,8.686415697887147,-1.8201365837414725,0.07683527772709434,0.32835588772262536,False
GENE1424,0.019148769346639227,9.334700673758658,9.353849443105297,0.14346530664172605,0.886701219508197,0.9696990765035525,False
GENE1425,-0.12755531749139415,4.9308677379518775,4.803312420460483,-1.4427347108028596,0.15750806223274402,0.5166769527478033,False
GENE1426,0.20169715126702048,5.399646105637838,5.601343256904858,1.7443617590547316,0.08939917172264057,0.3648945784597574,False
GENE1427,-0.054102913754354276,8.321708494238807,8.267605580484453,-0.6530532513363625,0.5177595991085424,0.8704069320570939,False
GENE1428,0.0008617574330562761,6.920933208281772,6.921794965714828,-0.010882491473179668,0.9913756667809184,0.9970480443124635,False
GENE1429,0.047242468467294074,9.925961912243315,9.973204380710609,0.5512895441494311,0.5847493033578257,0.887853957220212,False
GENE1430,0.07993200761089092,7.538932090474117,7.618864098085008,0.9117993409345307,0.36777710562937294,0.7750834681335573,False
GENE1431,0.10431159002458834,5.062924480470891,5.16723607049548,1.3156472703164301,0.19638675402470593,0.5864551011392142,False
GENE1432,0.023199538426703192,6.056186223761225,6.079385762187928,0.2786185209442402,0.7820888956009404,0.9406297438805712,False
GENE1433,0.2645806904938617,3.717143135928196,3.9817238264220576,2.5041052878096166,0.01681304968205232,0.08895793482567366,False
GENE1434,-0.2197349746675359,7.779779273834646,7.56004429916711,-2.1241318168679846,0.04040615588771699,0.19662362962392696,False
GENE1435,0.08717832028430195,7.71642596588128,7.803604286165582,1.0890560250631895,0.283171891465369,0.6937821149127429,False
GENE1436,-0.059402537936379396,7.400245707778569,7.34084316984219,-0.5298016602800417,0.5994144624796371,0.8909912747566502,False
GENE1437,-0.1367616924388919,9.71189074446016,9.575129052021268,-1.4044337813366814,0.16852913697275684,0.5353231644074118,False
GENE1438,-0.08323286895996063,9.87184883136945,9.788615962409489,-0.7494741199431164,0.45831045172877827,0.8363329411109092,False
GENE1439,0.03512177946788686,7.676684181331874,7.711805960799761,0.4942783185627777,0.6240316145728695,0.8964290746227466,False
GENE1440,-0.11439611711613917,4.93064670466196,4.816250587545821,-1.3568295127822776,0.183056190239653,0.5649882414804105,False
GENE1441,-0.06816569742534817,8.915471399593454,8.847305702168105,-0.630658647848268,0.5321400996899149,0.8704069320570939,False
GENE1442,0.05856788187707629,8.883646460598635,8.942214342475712,0.5671337808221845,0.574048257185275,0.883151164900423,False
GENE1443,-0.04029114009143342,8.528548142211262,8.488257002119829,-0.4872106922967391,0.6289831960085546,0.8964290746227466,False
GENE1444,0.09176549021736236,9.528043802431961,9.619809292649323,1.088647608821656,0.2833496577397323,0.6937821149127429,False
GENE1445,-0.11443502508088432,6.290138173510298,6.175703148429414,-1.1929493482511941,0.2404832133802623,0.641353640233691,False
GENE1446,0.03368292108192961,11.036026694454197,11.069709615536127,0.3519033712871349,0.7269071290194415,0.9176126529697723,False
GENE1447,0.08807100492298758,6.53714600714231,6.625217012065297,1.0882086483852966,0.28354080632572454,0.6937821149127429,False
GENE1448,-0.1792044093694507,9.228219701759372,9.049015292389921,-2.210383088087484,0.03334230075553234,0.16344265076241346,False
GENE1449,0.1073725257412459,5.36871730937958,5.476089835120826,1.145047968804652,0.25954222291423806,0.6624815061907449,False
GENE1450,0.05573440679099839,6.611557165545243,6.667291572336241,0.5978967849325225,0.553551091062705,0.8750867366157028,False
GENE1451,-0.05440317350860724,10.363392932571182,10.308989759062575,-0.5945724227110339,0.5557479966494872,0.8750867366157028,False
GENE1452,0.046741920049037766,7.574126968638542,7.62086888868758,0.5129065111785078,0.6110655870752038,0.8933128654616989,False
GENE1453,-0.11467442985800247,9.318855260651402,9.2041808307934,-1.18630739047594,0.24306293593970804,0.641353640233691,False
GENE1454,-0.13733910104862623,8.422363737595509,8.285024636546883,-1.1341051937179076,0.2640450412211326,0.667623365919425,False
GENE1455,0.1810598667529364,7.728461820980391,7.909521687733327,1.9428704392227236,0.05967054880907996,0.27000248329900434,False
GENE1456,0.012130783611954854,10.102026600578167,10.114157384190122,0.15504045291694327,0.8776321328870129,0.9647322502283612,False
GENE1457,-0.0007407558325764896,7.6171038049712605,7.616363049138684,-0.06080626765291617,0.951840767085374,0.984832661236807,False
GENE1458,-0.024036875814049452,5.33216506241658,5.308128186602531,-0.3830177308214743,0.7038983746905121,0.9111389734413847,False
GENE1459,-0.022072710411453755,6.8253232553739895,6.803250544962536,-0.1817213440918589,0.8567933210144005,0.9619379090530565,False
GENE1460,0.12257311154163908,8.768145981678753,8.890719093220392,1.401054861411869,0.16952966196723773,0.5369267748331872,False
GENE1461,-0.20347157877252542,8.671033822050711,8.467562243278186,-2.384249684091522,0.022354631890315696,0.11463913789905485,False
GENE1462,0.035058911879860766,5.574324499852456,5.609383411732317,0.39291620488642304,0.6966360978104722,0.9098754145617826,False
GENE1463,0.13951868995468608,6.830378604191618,6.969897294146304,1.5275516181360898,0.135128360232863,0.47044866441275984,False
GENE1464,-0.0007652569977114609,7.153375692060267,7.152610435062556,-0.01877959516832174,0.985117838757773,0.9970480443124635,False
GENE1465,0.07143188866700179,7.440492816892258,7.5119247055592595,0.6570712074085033,0.5152018141165158,0.8704069320570939,False
GENE1466,0.010180153864914665,5.866957101744864,5.877137255609779,0.010644483159483558,0.991564280068745,0.9970480443124635,False
GENE1467,-0.1483719006787627,7.181912614449084,7.033540713770321,-1.5978660553195299,0.11857910261695613,0.43859470559403985,False
GENE1468,0.04026330491428176,6.877977737045623,6.918241041959905,0.44107533906792495,0.6617251713209793,0.9051854185277907,False
GENE1469,-0.08930536963727675,9.130697198153353,9.041391828516076,-1.0567032929543305,0.29749791689172994,0.7075162531484593,False
GENE1470,0.045164788801532296,9.19152906476152,9.236693853563052,0.40849835588499717,0.6852624889205425,0.907893830683368,False
GENE1471,-0.1953905814242578,7.76056292023023,7.565172338805972,-2.093564547629219,0.04320984329014576,0.2082402086272085,False
GENE1472,-0.13871944307676376,7.431852771471455,7.293133328394691,-1.7123957327287984,0.09519404880794514,0.384622419426041,False
GENE1473,0.10504135837520323,8.170653961903403,8.275695320278606,1.0522462923834783,0.29951037291105836,0.7088503247346105,False
GENE1474,-0.07845594602041572,6.729035244534936,6.65057929851452,-0.8493092255841654,0.4011712458548604,0.7963151412803722,False
GENE1475,-0.06291825269218787,6.35561628207597,6.292698029383782,-0.6948060345506407,0.49151730048410913,0.8630681307886025,False
GENE1476,0.21922074447097994,6.518794835274134,6.738015579745114,2.012771626952725,0.051458777135464435,0.24159050298340112,False
GENE1477,0.03888403290271736,7.042087911364066,7.080971944266784,0.41655199022588935,0.6794128141260243,0.907893830683368,False
GENE1478,0.10032356108920926,6.165169295970339,6.265492857059548,1.0559376098748319,0.2978429726374975,0.7075162531484593,False
GENE1479,0.08741500919384215,8.135502978312255,8.222917987506097,0.9818781475879163,0.3325370218101086,0.7492665473775892,False
GENE1480,-0.02070696333332478,9.126106554346393,9.105399591013068,-0.351319996573032,0.7273410672375624,0.9176126529697723,False
GENE1481,0.023189930701491335,5.577565442036221,5.600755372737712,0.20687934626619817,0.8372384153557864,0.9552064065667842,False
GENE1482,-0.14279593581512096,8.0942570274828,7.95146109166768,-1.5372298365164487,0.13274571472249136,0.46491377578348836,False
GENE1483,-0.18799311152864107,7.72807322710554,7.540080115576899,-1.8278322449277502,0.07564737420485333,0.32466684208091556,False
GENE1484,0.10642650567814371,8.455480955561146,8.56190746123929,1.2447755182206184,0.22104118807407794,0.6131517006215754,False
GENE1485,-0.05634958617579855,7.959955392184796,7.903605806008997,-0.5271158774776155,0.6012596021823601,0.891875760296581,False
GENE1486,-0.0339425708598835,5.845648958527855,5.8117063876679715,-0.3359750497056723,0.7387875680110372,0.9229076427370858,False
GENE1487,0.14502206226559444,6.066075984330494,6.2110980465960886,1.7065839339566224,0.09628058313390286,0.3882281577979954,False
GENE1488,0.08589573962145369,7.990963245851058,8.076858985472512,0.7741890071234254,0.44373811068986135,0.8269830148317537,False
GENE1489,-0.04566963139556712,9.624450724110154,9.578781092714587,-0.39862828175531495,0.6924583617684007,0.9098754145617826,False
GENE1490,0.15726026269602045,4.65520817565411,4.81246843835013,1.8819424835666398,0.06772779433660506,0.29968050591418166,False
GENE1491,-0.12170450035923608,8.586724818633176,8.46502031827394,-1.6243554732825223,0.11278984247445117,0.4284241018677716,False
GENE1492,-0.03092955178955137,9.740549395003194,9.709619843213643,-0.38240901394330273,0.7043459032531264,0.9111389734413847,False
GENE1493,0.026889414692962355,7.868104646878192,7.894994061571154,0.22070978358282625,0.8265318251660095,0.9544247403764544,False
GENE1494,-0.02567852535309534,8.753807529092253,8.728129003739157,-0.1536603501896467,0.8787125860373397,0.9650879583056998,False
GENE1495,0.009013492586457339,6.94555577775826,6.9545692703447175,0.09051571331159597,0.9283656552808095,0.9795332625842298,False
GENE1496,0.05668443406272594,7.713575699371617,7.770260133434343,0.5689633654200643,0.5728188159186021,0.8826175900132543,False
GENE1497,0.08706511961307672,5.626290621865381,5.713355741478458,0.9071525064179151,0.37019661814882154,0.7777239877076083,False
GENE1498,-0.13846212633841937,4.585374864841016,4.446912738502597,-1.448531153373716,0.15589078704415807,0.5144910463503567,False
GENE1499,-0.02834503714952774,9.470338179065653,9.441993141916125,-0.3815108230874387,0.7050064476629008,0.9111389734413847,False
GENE1500,-0.03484281463651495,6.62353511091375,6.588692296277235,-0.39310496633720743,0.6964978861977271,0.9098754145617826,False
GENE1501,0.020992136675168638,7.265685256671068,7.2866773933462365,0.24726318210391388,0.8060714889648481,0.9477618917870054,False
GENE1502,-0.04804480576124437,5.951688502042056,5.903643696280811,-0.45016826967546125,0.6552157733438341,0.900958936495898,False
GENE1503,-0.12417091928733637,5.9698212655871234,5.845650346299787,-1.3113266987808085,0.19782717771027294,0.5870242662025903,False
GENE1504,0.012700784119534347,7.6158266260064575,7.628527410125992,0.11720633858402997,0.9073304713412218,0.9730085483551977,False
GENE1505,0.1848686752595512,6.798616736309444,6.983485411568995,1.7749427253943886,0.08413504737069204,0.35129456104673085,False
GENE1506,-0.04588679061451906,8.573948656446303,8.528061865831784,-0.5223178584977484,0.604562479651156,0.8930021855999348,False
GENE1507,0.1050669766821617,8.609986424193595,8.715053400875757,1.2702082578829519,0.21194033692329353,0.6046799912219502,False
GENE1508,-0.051657642783743185,8.387831409643256,8.336173766859513,-0.4892530457886369,0.6275505234693028,0.8964290746227466,False
GENE1509,0.015988250804252147,8.403383639510785,8.419371890315038,0.17260615448334382,0.8639017458485502,0.9619379090530565,False
GENE1510,-0.14189764184503417,10.451231235244942,10.309333593399908,-1.4662680236485481,0.15102338067074816,0.5067898680226449,False
GENE1511,-0.08045546698108641,6.398189074218866,6.31773360723778,-0.887460393637997,0.3805637767521107,0.7782490322129054,False
GENE1512,-0.05012891335167158,7.849357165135113,7.7992282517834415,-0.6523148380886135,0.5182304074577383,0.8704069320570939,False
GENE1513,0.034159714974554944,9.775881906415917,9.810041621390472,0.4193273127160861,0.6774016107614411,0.9070431044955993,False
GENE1514,0.08825234201402488,9.780326541048188,9.868578883062213,1.3044184118707582,0.20014700902443602,0.5904041564142655,False
GENE1515,0.13496784110544358,5.794419819369198,5.929387660474641,1.6228899413030238,0.1131039628930917,0.4284241018677716,False
GENE1516,0.06653252588751535,7.549968802205614,7.616501328093129,0.7263866280972829,0.47217233291854455,0.8475487995579315,False
GENE1517,-0.03393761665313377,9.953395437174027,9.919457820520893,-0.3716592063387704,0.7122665899027092,0.913137026329772,False
GENE1518,-0.19259852261035348,8.897565465114429,8.704966942504075,-2.3107249941615935,0.026524972505871873,0.13464453048665925,False
GENE1519,0.04244053577627582,8.250437152069926,8.292877687846202,0.4263033703941951,0.6723568319665278,0.9060885282456144,False
GENE1520,0.0038888475047276216,7.6990416791467435,7.702930526651471,0.03910782357223153,0.9690146817167613,0.9925635212956716,False
GENE1521,0.12629148930790013,7.445798934223785,7.5720904235316855,1.794242239130429,0.08094915843220446,0.3422797396710548,False
GENE1522,0.09560130048846815,8.28118154163543,8.376782842123898,0.9164464579377929,0.36536772218125135,0.7735939949451153,False
GENE1523,0.2009769424196861,7.533074013423051,7.734050955842737,2.0850815254998545,0.044017657804821045,0.2116233548308704,False
GENE1524,-0.011854716805403065,7.9076165596174075,7.895761842812004,-0.0820159656753515,0.9350760987627428,0.9804664371875172,False
GENE1525,0.06597399726015318,8.1330435499571,8.199017547217252,0.5956538429190935,0.5550328538315944,0.8750867366157028,False
GENE1526,-0.024325677601094498,6.97517564722599,6.950849969624896,-0.1727483750831765,0.8637907462490916,0.9619379090530565,False
GENE1527,-0.013714470990210614,8.784956227978645,8.771241756988434,-0.08660810183730952,0.9314500369554685,0.9802731920012023,False
GENE1528,-0.010250557977162345,12.389426504090974,12.379175946113811,-0.24193762415341577,0.810164458253969,0.9492972210585159,False
GENE1529,0.030552188562689153,5.309639529507619,5.340191718070308,0.357802302531239,0.7225244047780476,0.9160525437771503,False
GENE1530,-0.08832345128918107,8.573848374814414,8.485524923525233,-1.2203128682936717,0.23006703502107287,0.6303604574561378,False
GENE1531,0.04067048181615007,6.825111329045154,6.8657818108613045,0.5465641517961602,0.5879593872686708,0.887853957220212,False
GENE1532,0.13278217677154025,8.741856883464688,8.874639060236229,1.4164728971556644,0.16500172614428818,0.5280055236617222,False
GENE1533,-0.11287784966593328,8.218421383685,8.105543534019066,-1.185482997457824,0.24338453587201547,0.641353640233691,False
GENE1534,0.11231167780014317,9.02205244541327,9.134364123213413,1.3316272623182477,0.19112867217830964,0.580938213307932,False
GENE1535,-0.13852215830484838,9.754620522328077,9.616098364023228,-1.5535160167824429,0.12881281608636133,0.461694681313123,False
GENE1536,-0.1991778897420602,8.274575521658411,8.075397631916351,-1.9704258618825596,0.056307124959184045,0.2571101596309774,False
GENE1537,-0.0856110218537598,9.732303411659677,9.646692389805917,-0.8800249008262802,0.38452612440513956,0.7831489295420357,False
GENE1538,-0.028228162839336157,4.408661925221851,4.3804337623825145,-0.33483200048731004,0.7396426753953678,0.9233990953749909,False
GENE1539,0.040450939488504645,10.393966005374919,10.434416944863424,0.4359120277557433,0.6654333798713246,0.9051854185277907,False
GENE1540,0.05671336844097574,8.59955066892454,8.656264037365515,0.6093729288317036,0.5460012722204298,0.873271447172342,False
GENE1541,-0.12413923362009172,9.769603373103223,9.645464139483131,-1.5475663639689052,0.13023851591717067,0.4638180591612117,False
GENE1542,0.10400329595476787,6.171794428476456,6.275797724431224,0.9312655293006697,0.3577532043275282,0.7644299237767697,False
GENE1543,-0.022631575565219997,6.710458163277943,6.687826587712723,-0.25606905917277795,0.7993158809914314,0.9476380713517025,False
GENE1544,-0.19699190411648537,8.397438333085693,8.200446428969208,-1.9077819979139075,0.06420337482076714,0.28790751040702756,False
GENE1545,0.058025982099118245,7.895935992187629,7.953961974286747,0.4666405472041901,0.6434931464252027,0.8964290746227466,False
GENE1546,0.01294175871632497,8.399316163736431,8.412257922452756,0.10593812878188118,0.9162037245576725,0.978660375744346,False
GENE1547,0.028636730578297076,9.652435068615963,9.68107179919426,0.2024092549128135,0.8407056845998885,0.9553918685172872,False
GENE1548,-0.055572447481612386,5.364319252206327,5.308746804724715,-0.6130884653628729,0.5435683638510753,0.8732021909254222,False
GENE1549,0.02799707815913699,9.443527545854069,9.471524624013206,0.325076225026926,0.7469544397818557,0.9273177402630115,False
GENE1550,0.0438050688799656,7.934634711951544,7.9784397808315095,0.5205552937567713,0.6057779252945694,0.893049135087311,False
GENE1551,0.08001356857614805,7.668359223978864,7.748372792555012,0.8961760450873646,0.37595260209591486,0.7780522344116795,False
GENE1552,-0.1457562187999466,5.883434092947198,5.737677874147251,-1.858980351948167,0.07099749098189971,0.30935725918039086,False
GENE1553,-0.035080993448424636,8.781912849418566,8.746831855970141,-0.2814742002853494,0.7799149756100947,0.9406297438805712,False
GENE1554,-0.1506498606537896,4.4681676165561885,4.317517755902399,-1.3270804243478773,0.1926136780826925,0.5827947899627609,False
GENE1555,-0.0030785240834383387,8.96199230680255,8.958913782719112,-0.09278219964198174,0.926577167457018,0.9795332625842298,False
GENE1556,-0.12039849789415946,5.7747797819126045,5.654381284018445,-1.1544778973407388,0.2557065432600906,0.6590374826290996,False
GENE1557,-0.09661230726578651,8.053640827495576,7.957028520229789,-0.9613031208654327,0.34264030518231403,0.7510332845353697,False
GENE1558,0.1103845478757286,7.772646257377852,7.883030805253581,1.3158847629167736,0.19630780947239385,0.5864551011392142,False
GENE1559,0.016089127250925372,9.777788438002412,9.793877565253338,0.13409086498558784,0.894057457637691,0.9702843261224419,False
GENE1560,-0.15698180728805777,7.86917394692627,7.712192139638212,-1.6801237934519457,0.10135870846876828,0.39805472375767575,False
GENE1561,-0.25618054801601,7.061464859287518,6.8052843112715085,-2.366777151702095,0.0232880927265461,0.11912067890816419,False
GENE1562,-0.03423974364197857,7.211461559427503,7.177221815785525,-0.27940263078103533,0.7814918053024513,0.9406297438805712,False
GENE1563,0.17624734819323606,9.921528832143464,10.0977761803367,1.782630199463753,0.08285358550841196,0.347394488504872,False
GENE1564,-0.18437614467384122,8.855948286265425,8.671572141591584,-1.6635076289241792,0.10465969065025857,0.40723615039011113,False
GENE1565,-0.0006778060792935747,7.45579229868073,7.455114492601436,-0.09723899661257898,0.9230614371134194,0.9795332625842298,False
GENE1566,0.05681692766147961,7.50718534910621,7.56400227676769,0.5810408089662485,0.5647358351818389,0.8764065101587479,False
GENE1567,0.06889054945625528,5.587048555520107,5.655939104976362,0.6834323256804251,0.49859144242650977,0.8654725617613039,False
GENE1568,-0.12861096550263085,8.64605127999332,8.517440314490688,-1.4642715908705906,0.15156515572918466,0.5077559655919085,False
GENE1569,-0.0643275677034687,5.442807144476248,5.378479576772779,-0.7647009979273176,0.44929958609391163,0.8288318082448882,False
GENE1570,0.10152483298517367,9.026232408222391,9.127757241207565,0.9546634793110652,0.3459438382677571,0.7528701594510492,False
GENE1571,-0.06741821995018249,8.243780649045148,8.176362429094965,-0.6639771166245033,0.5108215992172092,0.8672692686200495,False
GENE1572,-0.026944756769278655,11.652740377170256,11.625795620400977,-0.16285893895038453,0.8715157456020692,0.9619379090530565,False
GENE1573,0.05844813211794353,6.2409302717509405,6.299378403868884,0.6532575893686583,0.5176293549733773,0.8704069320570939,False
GENE1574,-0.0721564055673598,7.906841584469038,7.834685178901678,-0.6908888770780182,0.4939473174604251,0.8651760585070649,False
GENE1575,0.03426974813252315,10.740808612628253,10.775078360760777,0.25098823635770023,0.8032118660485613,0.9477346622668663,False
GENE1576,-0.13126136901044916,9.860654743566881,9.729393374556432,-1.2676080188049272,0.2128576731770269,0.6055694827226938,False
GENE1577,0.04445817592391954,6.941301722680511,6.985759898604431,0.4292447179856526,0.670234355184762,0.9051854185277907,False
GENE1578,-0.09758434197623167,8.338333736538079,8.240749394561847,-0.9724916074848181,0.3371211550990233,0.7499524651819208,False
GENE1579,0.12137586154497004,7.912366829544953,8.033742691089923,1.2851709926694352,0.20671936930259655,0.5991865776886857,False
GENE1580,0.020802804067617586,8.383725458524939,8.404528262592557,0.2622574836716305,0.7945776088166012,0.9450788859688162,False
GENE1581,0.015472462986084956,6.865620201833404,6.881092664819489,0.20528145841787135,0.838477458351335,0.9553918685172872,False
GENE1582,-0.15482287498330738,7.927943704660531,7.773120829677223,-1.766340575136309,0.0855887348842658,0.35440469931373003,False
GENE1583,0.05472722401312513,5.576142802639214,5.630870026652339,0.6183833460073455,0.5401110414821275,0.8718396293733252,False
GENE1584,-0.05268806131237014,8.237018362370144,8.184330301057773,-0.4357868650453726,0.6655233760661047,0.9051854185277907,False
GENE1585,0.007109277524447677,8.643552513848437,8.650661791372885,0.0962577004295747,0.9238353977396596,0.9795332625842298,False
GENE1586,-0.130448049955886,7.662523912906549,7.532075862950663,-1.2175761598864001,0.23109351854427457,0.6322668086026664,False
GENE1587,-0.15365076151110468,5.6953147917815485,5.541664030270444,-1.6422529203398872,0.10901116815543131,0.4184689756446499,False
GENE1588,-0.047984566401289896,9.491170095847721,9.443185529446431,-0.4676041973033496,0.6428101704364515,0.8964290746227466,False
GENE1589,0.04453875801733176,8.498412854911482,8.542951612928814,0.6496109628370711,0.5199563485690575,0.8704069320570939,False
GENE1590,-0.014455082643287653,6.839513224271684,6.825058141628396,-0.16523638640671273,0.8696574394026857,0.9619379090530565,False
GENE1591,0.1579101547722912,7.529753342297171,7.687663497069463,1.6439679596310666,0.10865460835381427,0.4180580020914171,False
GENE1592,0.1230072956030801,5.742932402292121,5.865939697895201,1.4338240811071137,0.16002000376272366,0.5220881036304198,False
GENE1593,0.043375052047426976,6.517115002874691,6.560490054922118,0.6272182710662323,0.5343678323005134,0.8704069320570939,False
GENE1594,-0.058984795495748976,7.25521946822532,7.196234672729571,-0.6703880417171484,0.5067735388766903,0.8666345384745192,False
GENE1595,-0.14853666026767876,9.920407067933157,9.771870407665478,-1.585559127465014,0.121350139240636,0.4445060045444542,False
GENE1596,0.05545681864913021,6.972950280235375,7.0284070988845055,0.5675275827055766,0.5737835209892787,0.883151164900423,False
GENE1597,0.022701880047673484,8.958461670661212,8.981163550708885,0.22714701576740742,0.8215598481637802,0.9517868242846903,False
GENE1598,-0.04087737367844291,7.253386693987989,7.212509320309546,-0.40448692535184577,0.688183523657993,0.907893830683368,False
GENE1599,-0.14841502816163477,8.4045542011291,8.256139172967465,-1.3512480126913138,0.1848209387164367,0.5669353948356954,False
GENE1600,0.1629969160875575,7.739234835504897,7.9022317515924545,1.8469105085309527,0.07276955727153836,0.31570306842315987,False
GENE1601,0.0884665934649238,9.341543107964602,9.430009701429526,0.8449570270784287,0.4035656797567685,0.7963151412803722,False
GENE1602,-0.07527836025593881,7.292175246316911,7.216896886060972,-0.7763016383795259,0.44250536710403865,0.826340554816132,False
GENE1603,-0.022831189280690722,5.57350646889393,5.550675279613239,-0.19434352935156232,0.8469700423193254,0.9566748558959018,False
GENE1604,-0.023464696842015798,5.839474240060751,5.816009543218735,-0.13840877957742675,0.8906679183733679,0.9698126559663364,False
GENE1605,0.0986020300415591,7.196931206122978,7.2955332361645375,1.0869480526103463,0.2840902474518415,0.6937821149127429,False
GENE1606,-0.0742401310270866,6.130067118700885,6.0558269876737985,-0.916318744168305,0.36543380035391515,0.7735939949451153,False
GENE1607,0.03702114144974722,8.594656329570721,8.631677471020469,0.35204195190748794,0.7268040604248691,0.9176126529697723,False
GENE1608,0.08297793306719292,7.182424683439713,7.265402616506906,0.9740420042975275,0.33636108064836834,0.7499190720919,False
GENE1609,0.0036579603269579763,11.555462507479774,11.559120467806732,0.016110141681916032,0.9872330821793077,0.9970480443124635,False
GENE1610,0.15101698174198042,5.288758657692632,5.439775639434613,1.5945776673034258,0.11931441508807615,0.4394637756466893,False
GENE1611,-0.08351700600842449,8.321469920034001,8.237952914025577,-0.9193081402745684,0.36388914546357576,0.7735939949451153,False
GENE1612,0.06876912054442119,6.2504608664989485,6.31922998704337,0.6234355900638596,0.5368228596882159,0.8704069320570939,False
GENE1613,-0.0029153326349602438,7.256391699841865,7.253476367206905,0.08436624807684062,0.9332200787851446,0.9802731920012023,False
GENE1614,0.02047030650218673,8.14454693211062,8.165017238612807,0.23348123322280687,0.8166747090385726,0.9517868242846903,False
GENE1615,-0.037355667672335,4.614539866883911,4.577184199211576,-0.5845485345961162,0.5623989913292895,0.8754798965900948,False
GENE1616,-0.09529472877618517,8.42917206942038,8.333877340644195,-0.8573989241813772,0.39674421739957233,0.7954315724014633,False
GENE1617,-0.08352060149070617,11.023741051602903,10.940220450112196,-0.9035672897483515,0.3720703857944211,0.7780522344116795,False
GENE1618,-0.13027573300129802,7.264533378682771,7.134257645681473,-1.549682453700192,0.12972998911311082,0.4638180591612117,False
GENE1619,-0.1929890684822091,8.494209938272627,8.301220869790418,-2.0359959845174256,0.04895733590099526,0.23147676548933932,False
GENE1620,0.08780988174850535,9.434733488509922,9.522543370258427,1.0453440438595893,0.3026455433536875,0.7129459207389576,False
GENE1621,-0.035719997385390556,7.790239768165128,7.754519770779737,-0.4742850676531361,0.6380838453697326,0.8964290746227466,False
GENE1622,-0.0632406895431128,7.189026210302241,7.125785520759128,-0.7443658746304274,0.4613568584952973,0.8381912872115861,False
GENE1623,-0.034234851068669414,4.6028239180776565,4.568589067008987,-0.32543785674767634,0.7466829754169247,0.9273177402630115,False
GENE1624,-0.09208746031650072,8.914926452265565,8.822838991949064,-0.803845072456332,0.42662097953246214,0.8107795793136814,False
GENE1625,0.030514001017246883,7.788905923402868,7.819419924420115,0.3233358494865348,0.748261335782399,0.9283639401766736,False
GENE1626,0.12747234459932066,6.447997539627215,6.5754698842265356,1.2543754758533325,0.21757224083653456,0.6094460527634021,False
GENE1627,0.04813977694858096,8.149961771213338,8.198101548161919,0.50475032935716,0.6167273646738807,0.8960309995800111,False
GENE1628,-0.061773807548836324,7.117012088207909,7.055238280659073,-0.5807666923058402,0.5649186561237438,0.8764065101587479,False
GENE1629,0.17204542227714814,7.142282819197621,7.314328241474769,1.6930211401918482,0.0988564066907944,0.3930672234226418,False
GENE1630,-0.059456470366706426,8.931514273513816,8.87205780314711,-0.6796502656319178,0.5009562101343674,0.8654725617613039,False
GENE1631,0.011727565360589942,5.9273848514693865,5.9391124168299765,0.10554253621731999,0.91651544188458,0.978660375744346,False
GENE1632,-0.027090142240105308,9.636266955482764,9.609176813242659,-0.21475341389003072,0.8311388573851226,0.9551255776828096,False
GENE1633,-0.0818870307907602,5.884902837782014,5.803015806991254,-1.242118068168844,0.22200871415322568,0.6141319893588539,False
GENE1634,0.01716929152153046,7.035946081250094,7.053115372771624,0.236260403911899,0.8145336545614112,0.9515580076652,False
GENE1635,-0.08420121870543973,10.881425002766028,10.797223784060588,-0.8937068087011958,0.37725533788179544,0.7782490322129054,False
GENE1636,-0.09266599586830537,9.785240864334995,9.69257486846669,-1.161050783633467,0.2530573411065924,0.6581465308363911,False
GENE1637,-0.04446746606041252,8.16714758047017,8.122680114409757,-0.40708595093175004,0.6862904151668268,0.907893830683368,False
GENE1638,0.0236411814611861,6.5884094624682685,6.612050643929455,0.27040958160633705,0.788347866717759,0.9428680214851699,False
GENE1639,0.016313073504057307,7.135528434929777,7.151841508433835,0.17073666268022308,0.8653610962827445,0.9619379090530565,False
GENE1640,-0.09993452409383607,8.125577153848788,8.025642629754952,-1.1189895976481163,0.27035674629500805,0.680142757974863,False
GENE1641,0.07066731458110276,8.067366513529189,8.138033828110292,0.6873443236105524,0.49615194401241924,0.8654725617613039,False
GENE1642,-0.10790679188363139,7.845535192906392,7.737628401022761,-0.9158248590554492,0.36568940599349053,0.7735939949451153,False
GENE1643,0.25107181449753657,7.887178420885266,8.138250235382802,3.130381337597386,0.003401033675477305,0.019160753101280594,False
GENE1644,0.05903147405470843,7.66231078207178,7.721342256126489,0.5918692829725513,0.5575376275712141,0.8752553023095981,False
GENE1645,-0.10581577298844724,5.963613202301614,5.857797429313167,-1.1181793934631148,0.2706980730037722,0.6801459120697794,False
GENE1646,0.19237141791298562,7.109328824782551,7.301700242695537,1.9684099718445738,0.05654749488114838,0.25761956665671243,False
GENE1647,0.046918101195517536,9.32600860960771,9.372926710803227,0.46615254515957627,0.6438391319596564,0.8964290746227466,False
GENE1648,-0.021277389271381786,5.958814226181801,5.937536836910419,-0.21106638863790803,0.8339936765087747,0.9552064065667842,False
GENE1649,-0.03831930065637135,7.658115603666022,7.61979630300965,-0.4226928162521462,0.6749659276983295,0.9060885282456144,False
GENE1650,-0.0037091571559146885,6.826328894340489,6.822619737184574,-0.05080237526207271,0.9597562731159361,0.9894394568205528,False
GENE1651,-0.08576927096774689,8.247872472831505,8.162103201863758,-0.8327742111809698,0.41031548551778985,0.8022314364352243,False
GENE1652,-0.12964689671344232,7.49139133276786,7.361744436054417,-1.2965922525195994,0.20279997772701355,0.5940591047365535,False
GENE1653,-0.21033044631824183,10.31715893077844,10.106828484460198,-2.4104534803045032,0.021018075557465783,0.10834059565704011,False
GENE1654,0.021605564389261644,8.697337719401872,8.718943283791134,0.24299536652197976,0.8093510938412394,0.9492972210585159,False
GENE1655,-0.03571846693917102,5.973305571043371,5.9375871041042,-0.28485094883726014,0.7773466965536802,0.9406297438805712,False
GENE1656,-0.07153324542385953,9.001809557744227,8.930276312320368,-0.7641203725692348,0.44964125597285187,0.8288318082448882,False
GENE1657,0.07944892267236714,6.7366661264069405,6.816115049079308,0.7343092704457638,0.46738860704358676,0.8414018209896488,False
GENE1658,0.058674977626417046,7.138709737863593,7.19738471549001,0.6475345762778519,0.5212838422059873,0.8704069320570939,False
GENE1659,-0.21300783298313952,8.494732924924541,8.281725091941402,-2.419174486568548,0.020589584469089203,0.1064061212872827,False
GENE1660,0.07768552799538497,7.288320686352408,7.366006214347793,0.8878735068847465,0.380344398286552,0.7782490322129054,False
GENE1661,0.007739041887463216,9.308399153973287,9.31613819586075,0.1369422105741765,0.8918189370575016,0.9698126559663364,False
GENE1662,-0.01676203088020145,6.810016840310911,6.793254809430709,-0.09929889302952555,0.9214370184787574,0.9795332625842298,False
GENE1663,0.039980345922129956,7.101835370899552,7.141815716821682,0.4616853119385057,0.647010055002418,0.898001464264286,False
GENE1664,0.07245446678382805,6.994525076136396,7.066979542920224,0.8415266737680858,0.40545920976005645,0.7978720596336283,False
GENE1665,0.14470114910630016,7.057894309636241,7.202595458742541,1.6742675355878511,0.10251213490210952,0.40043802696136527,False
GENE1666,-0.12466697071739397,9.704722177159892,9.580055206442498,-1.1590016305611908,0.2538811090480705,0.6586122499290494,False
GENE1667,0.02900485608073744,8.921237556279115,8.950242412359852,0.3377856270169515,0.7374337757630038,0.9223551520711576,False
GENE1668,-0.11293405523332467,10.620636686405934,10.50770263117261,-1.3188419962005193,0.19532682586881125,0.5864551011392142,False
GENE1669,-0.2133244485428314,11.531304398909402,11.31797995036657,-2.0537502261599667,0.04711734903957892,0.22490381403140297,False
GENE1670,-0.02552824522189301,6.4913657722008775,6.4658375269789845,-0.1423680552074219,0.8875617341122184,0.9696990765035525,False
GENE1671,0.005145025990294982,8.035454068735275,8.04059909472557,0.014329615788413975,0.9886440027677942,0.9970480443124635,False
GENE1672,-0.1198795856863697,6.322396511348862,6.202516925662493,-1.3154195922088008,0.19646245888163677,0.5864551011392142,False
GENE1673,-0.06196341063472843,6.77282650691455,6.710863096279821,-0.5844030241430566,0.5624958335591359,0.8754798965900948,False
GENE1674,-0.1724793431211653,7.189703022139757,7.017223679018592,-1.8308937350955001,0.07517915800901126,0.32335121724305915,False
GENE1675,0.08215884997591694,6.283747488541868,6.365906338517785,0.8878807256854718,0.3803405655546428,0.7782490322129054,False
GENE1676,0.07973378763383288,6.347354222057922,6.427088009691755,0.9136483626742565,0.3668172149028439,0.7746364732999419,False
GENE1677,0.04912087671698817,7.737213207028594,7.786334083745582,0.5623482497656722,0.5772701686263859,0.8849983689836491,False
GENE1678,0.01641698091329502,6.083860717362603,6.100277698275898,0.279966675753547,0.7810623746524794,0.9406297438805712,False
GENE1679,-0.00525692130433697,9.261103212064274,9.255846290759937,0.035541890450205345,0.9718387049560209,0.9925635212956716,False
GENE1680,0.09791298980945573,6.5141686765617495,6.612081666371205,0.9599383072266956,0.34331764451564273,0.7510332845353697,False
GENE1681,-0.218090764621941,12.348517369326647,12.130426604704706,-2.760242360057718,0.008931977909146939,0.04894234470765446,False
GENE1682,0.003217217643666892,7.270006249464631,7.273223467108298,-0.007125498895182102,0.9943530037548931,0.9983463893121417,False
GENE1683,0.07980148304591062,8.090290263492,8.17009174653791,0.8883961945006562,0.380066947701009,0.7782490322129054,False
GENE1684,-0.2451785627551457,6.137485252600477,5.892306689845332,-3.282769697262843,0.002249855103007914,0.012747054407976851,False
GENE1685,-0.07727745601909675,10.669074249803561,10.591796793784464,-0.8468053991656197,0.40254768080684156,0.7963151412803722,False
GENE1686,-0.05502654342275903,9.769530749928787,9.714504206506028,-0.5864941250040219,0.5611049395713918,0.8754798965900948,False
GENE1687,0.07738974058240267,8.355585478280414,8.432975218862817,1.0182811965633336,0.31515681898394254,0.7272531115238571,False
GENE1688,-0.1613809036920868,6.016806339963647,5.8554254362715605,-1.6437730569798417,0.10869508054376845,0.4180580020914171,False
GENE1689,0.08334243947333597,8.220104831793567,8.303447271266903,0.8977416196514154,0.37512812544522367,0.7780522344116795,False
GENE1690,-0.15052160947653803,6.420646251170714,6.270124641694176,-1.5404340914394772,0.13196437198797648,0.46384665022135846,False
GENE1691,-0.17719532456388976,10.280343045383637,10.103147720819747,-1.9874949176306598,0.054307103978921106,0.25084112692342314,False
GENE1692,0.1816372580761776,9.141288236527947,9.322925494604124,1.9501372194630557,0.058767128301906606,0.26651758867077824,False
GENE1693,-0.10553721885618295,8.209163241775347,8.103626022919164,-1.3448556979702888,0.18685811364637536,0.5705591256377873,False
GENE1694,0.11866508959303523,4.216232227416315,4.33489731700935,1.1870853285150664,0.24275974357080785,0.641353640233691,False
GENE1695,0.21638596656203202,6.422642160412545,6.639028126974577,1.9966886508033552,0.05325563203255365,0.24715766710050724,False
GENE1696,0.04355429909557884,8.937668352755514,8.981222651851093,0.5175311779065822,0.6078659716456258,0.893049135087311,False
GENE1697,0.09152161568257178,9.84146246418006,9.932984079862631,0.9892333753758771,0.32897434302734774,0.7447084560370062,False
GENE1698,0.06941085116489276,9.648685667824093,9.718096518988986,0.6732294387667526,0.504985019680645,0.8661790205097579,False
GENE1699,0.1197363458927665,5.601454663454215,5.721191009346981,1.4621194748076565,0.15215090332824124,0.508865897418867,False
GENE1700,0.021918363511941763,8.37926916151703,8.401187525028972,0.1579541774157851,0.8753518214949276,0.9643444484629686,False
GENE1701,-0.06818435636665932,9.515041651457862,9.446857295091203,-0.687161559901281,0.49626576658676347,0.8654725617613039,False
GENE1702,-0.009972175003771788,5.534512875448182,5.52454070044441,-0.19670500643334674,0.8451349066068526,0.9566748558959018,False
GENE1703,0.006901284307122779,7.9701074418973885,7.977008726204511,0.06525231885372805,0.9483244003450604,0.984140268965525,False
GENE1704,-0.020922497560142972,8.46791417390543,8.446991676345288,-0.20115685019985727,0.8416777046918729,0.9553918685172872,False
GENE1705,-0.19518365272486182,7.6728550864975364,7.477671433772675,-1.8623400290617396,0.07051083092860887,0.3079075586402134,False
GENE1706,0.011756455491657825,5.281028514927708,5.2927849704193655,0.0934319347610144,0.9260645312856159,0.9795332625842298,False
GENE1707,0.0921202558003893,7.428853045225172,7.5209733010255615,1.0424931270943074,0.30394710733528935,0.7134908622894116,False
GENE1708,0.015483905145146082,7.499998045091614,7.51548195023676,0.15580402112364033,0.8770344533486469,0.9647322502283612,False
GENE1709,0.033877101455030534,7.7851244107527915,7.819001512207822,0.27836816119004143,0.7822795697481828,0.9406297438805712,False
GENE1710,0.1871905189289791,7.029387108029168,7.216577626958147,1.6099835692249493,0.11590138671286641,0.43375240453435815,False
GENE1711,-0.021783982293641202,7.315051286194928,7.2932673039012865,-0.15810232225784648,0.8752359103901469,0.9643444484629686,False
GENE1712,0.03809647641974401,8.021383133336853,8.059479609756597,0.46779613090467986,0.6426741771908472,0.8964290746227466,False
GENE1713,-0.043976310155661835,8.584462988806589,8.540486678650927,-0.5170963770263961,0.6081664609944588,0.893049135087311,False
GENE1714,0.10211295948639876,7.546199818488796,7.648312777975195,1.0406664422273122,0.3047830977990054,0.7137223174691658,False
GENE1715,0.060094858106658045,7.4061593324047745,7.466254190511433,0.5991289355962216,0.552737950284178,0.8750867366157028,False
GENE1716,0.15801215168631444,8.068943386638281,8.226955538324596,1.8968334508769724,0.06567701311656048,0.29264321152174994,False
GENE1717,0.18545169784871884,5.100355224314084,5.285806922162803,1.735407744795003,0.09099178571819563,0.36988530779754325,False
GENE1718,-0.07519543844548693,8.776154726579762,8.700959288134275,-0.9445591364830885,0.3510116236288484,0.7570425709365423,False
GENE1719,0.03219693400492396,8.019985757671058,8.052182691675982,0.2911498852590667,0.7725626504730303,0.9406297438805712,False
GENE1720,0.059306371994475526,8.097243472174695,8.15654984416917,0.6056234344831878,0.5484621005579242,0.87364520999898,False
GENE1721,-0.010369791239766002,9.438915879342362,9.428546088102596,-0.12335534246176348,0.9024933807460889,0.9714675788440138,False
GENE1722,-0.049795223220751694,5.08259566706946,5.032800443848708,-0.48161633011478944,0.6329149761900263,0.8964290746227466,False
GENE1723,-0.040237662793689566,5.061468243780384,5.021230580986694,-0.37044943976504474,0.713160017563552,0.913137026329772,False
GENE1724,0.06153908515818429,8.410502969722863,8.472042054881047,0.5414825208521772,0.5914209102908783,0.8882358706796204,False
GENE1725,-0.0975537628100982,8.011391676174044,7.913837913363946,-0.9681511743616548,0.33925513956188413,0.7505644680572657,False
GENE1726,-0.11321474242669538,8.292232367739608,8.179017625312913,-1.382215255770406,0.17519341197325308,0.5457738690755548,False
GENE1727,-0.13295428894051575,7.3279516315904045,7.194997342649889,-1.252273289028254,0.21832836151894142,0.6098557584327973,False
GENE1728,0.0056870340346435455,8.99236653896138,8.998053572996023,0.0628909069902234,0.950191907031033,0.9846234755662028,False
GENE1729,0.0639508586910793,9.421313084864835,9.485263943555914,0.7369733246359615,0.46578634369718885,0.8414018209896488,False
GENE1730,-0.04851577730434009,8.804080229588244,8.755564452283904,-0.488179411293051,0.6283034761242587,0.8964290746227466,False
GENE1731,0.006103686276910381,7.5493900896064,7.555493775883311,0.1722514683944729,0.8641785815937308,0.9619379090530565,False
GENE1732,0.0617426150251541,4.855543097081397,4.917285712106551,0.6813158492136769,0.4999140269339942,0.8654725617613039,False
GENE1733,-0.033749685431573084,9.07420663753579,9.040456952104217,-0.39738452530373014,0.6933672049471427,0.9098754145617826,False
GENE1734,0.04298748174889866,9.916437431726859,9.959424913475758,0.46992560795694405,0.6411661880248929,0.8964290746227466,False
GENE1735,0.03978864189396347,8.986253195653646,9.02604183754761,0.43276428830126157,0.6676982307683462,0.9051854185277907,False
GENE1736,-0.13632636953631128,6.728814898273562,6.592488528737251,-1.5080290239492762,0.14003916410806042,0.4820625270501219,False
GENE1737,-0.06652851020180961,9.042288056411032,8.975759546209222,-0.7455039297954332,0.4606771380770688,0.8381912872115861,False
GENE1738,0.006336464899176164,9.287527497734677,9.293863962633854,0.03924522718510149,0.9689058734555946,0.9925635212956716,False
GENE1739,-0.13311079827137995,10.445156419411827,10.312045621140447,-1.1074111126436825,0.27526379990436733,0.6886547021910557,False
GENE1740,-0.04044503350215667,6.709004907427882,6.668559873925726,-0.45253751959677746,0.6535241304195061,0.900958936495898,False
GENE1741,0.1117067516298782,7.615896211694986,7.727602963324864,1.0962254924443384,0.28006413079552644,0.6928044157608221,False
GENE1742,-0.05721580329982423,9.219514827007185,9.16229902370736,-0.6387566449149021,0.526915829509176,0.8704069320570939,False
GENE1743,0.08853191974502828,8.048336258247756,8.136868177992785,0.9713310095328651,0.33769088423737015,0.7499524651819208,False
GENE1744,0.052017754772821334,6.336364971079086,6.3883827258519075,0.5339871119226187,0.5965443808612915,0.8901242342337499,False
GENE1745,-0.05328134714009103,8.627677368111518,8.574396020971427,-0.7102097952556168,0.4820266507141212,0.8571320228076651,False
GENE1746,-0.08504037857157876,8.850637872715506,8.765597494143927,-0.9475130379566967,0.3495250656338532,0.7570425709365423,False
GENE1747,-0.07032205739587383,8.10822324630552,8.037901188909647,-0.6678699616845871,0.5083614382747401,0.8667714207582952,False
GENE1748,0.1003865010540661,8.28434428935368,8.384730790407746,1.0148675162119978,0.316759764181182,0.7290213214756778,False
GENE1749,-0.028696031911358943,7.630071194387442,7.601375162476083,-0.2694874980449234,0.7890518147000103,0.9428680214851699,False
GENE1750,-0.09551409951444079,10.263025731083903,10.167511631569463,-0.9884327086680411,0.32936091135495216,0.7447084560370062,False
GENE1751,0.11761933643469824,6.596875614408802,6.7144949508435,1.2688837881891248,0.21240722328968925,0.605148784301109,False
GENE1752,-0.08013771923572932,7.144696203307613,7.064558484071884,-0.7869342251708579,0.4363321672065652,0.8185842579720041,False
GENE1753,0.007472116502244219,8.051592575284923,8.059064691787167,0.035588171516895355,0.9718020504581576,0.9925635212956716,False
GENE1754,0.206603867569779,9.13293908832357,9.339542955893348,2.1103243238397593,0.041652103543920675,0.2021946773976732,False
GENE1755,0.07630870238767518,5.7572211669665165,5.833529869354192,0.87846728184711,0.38535949041655315,0.7832509967816121,False
GENE1756,0.0003754523028014489,5.973326423064874,5.973701875367675,0.048922343829186914,0.9612443198978291,0.9899529556105346,False
GENE1757,0.12444911732310437,4.914289167077672,5.038738284400776,1.0680864068521392,0.2924009006530612,0.7020429787588504,False
GENE1758,-0.06909138879801802,8.070887398185505,8.001796009387487,-0.7342924865980418,0.4673987115597499,0.8414018209896488,False
GENE1759,0.23230070349347454,6.187418345522761,6.419719049016235,2.2414190334947146,0.031083159341958502,0.15502822614443143,False
GENE1760,0.052137763071606,7.3579830463881235,7.4101208094597295,0.6172122048077116,0.5408747573401145,0.8718396293733252,False
GENE1761,-0.0347324531914186,9.001198056953978,8.96646560376256,-0.4372510128839352,0.664470918723491,0.9051854185277907,False
GENE1762,-0.05661941759995415,7.085252497854566,7.028633080254612,-0.6266031915139816,0.5347666279319234,0.8704069320570939,False
GENE1763,0.016042146885071773,8.313665432296633,8.329707579181704,0.12236262880097491,0.9032740451630927,0.9715243657525516,False
GENE1764,-0.19848710630741273,7.608236979867333,7.40974987355992,-2.2198648910326435,0.03263706440940925,0.16117068844152715,False
GENE1765,0.005718308338341416,9.034474398431389,9.04019270676973,0.093933929116762,0.9256684833453466,0.9795332625842298,False
GENE1766,0.0814374499979369,8.761292986968472,8.84273043696641,0.7499701586379424,0.4580152556712851,0.8363329411109092,False
GENE1767,-0.010374040817065833,7.062681937049826,7.05230789623276,-0.10894191132660867,0.9138372580248618,0.9778889866504674,False
GENE1768,0.09284346945016697,7.669832064762187,7.762675534212354,1.0800962666167566,0.28708977353124415,0.6951326235623345,False
GENE1769,-0.06408259174415676,9.58299827338668,9.518915681642524,-0.837600642793046,0.4076331195769701,0.799242870020598,False
GENE1770,0.049610023756388344,8.575566119284023,8.625176143040411,0.42974290629173034,0.6698751330547261,0.9051854185277907,False
GENE1771,-0.022758830329174806,6.045112301852071,6.022353471522896,-0.2672180584841335,0.7907851398279523,0.9428680214851699,False
GENE1772,-0.05084028846961175,8.963913623530692,8.91307333506108,-0.43349176896735236,0.6671745153515712,0.9051854185277907,False
GENE1773,-0.10803777618844279,6.488716752072504,6.380678975884061,-1.0243492270906838,0.3123212004792986,0.7229657418502283,False
GENE1774,-0.15975368688890512,10.211043095698319,10.051289408809414,-1.546212205708041,0.13056478365388108,0.4638180591612117,False
GENE1775,-0.10358126691174085,9.584203163068864,9.480621896157123,-0.8410587240140104,0.40571794232369995,0.7978720596336283,False
GENE1776,0.03159242383528138,8.35521573447588,8.386808158311162,0.37535311851489594,0.7095411376268365,0.9116551900125415,False
GENE1777,0.06199032680161487,8.240391096305034,8.302381423106649,0.6194405440221026,0.5394221120494782,0.8718396293733252,False
GENE1778,0.1654205423969355,7.55390522558622,7.719325767983156,2.1730827983504497,0.036250035966227945,0.1768294437376973,False
GENE1779,-0.06776046837351046,9.028475255948777,8.960714787575267,-0.8944630684696805,0.3768560380037852,0.7782490322129054,False
GENE1780,0.0692737811830737,7.478781731462988,7.548055512646061,0.6382345110307196,0.5272518506986631,0.8704069320570939,False
GENE1781,-0.12734832691888087,8.369776569980713,8.242428243061832,-1.3296458459894598,0.1917747249345675,0.5820173746117374,False
GENE1782,0.009566997555108259,9.27158202454985,9.281149022104959,0.12912857001529657,0.897955316768366,0.9704052433910518,False
GENE1783,0.062221917418678,7.075016950883618,7.137238868302296,0.553943762283558,0.582949950903188,0.8870518947613493,False
GENE1784,0.03855455850540501,7.043841064190138,7.082395622695543,0.3765234685731484,0.7086784312163326,0.9116551900125415,False
GENE1785,0.0149080859696884,6.198532969877297,6.213441055846985,0.16344949869268457,0.8710540715874937,0.9619379090530565,False
GENE1786,-0.1084341301612568,6.526334987202418,6.417900857041161,-1.0475915235429447,0.3016221975279851,0.7122129811758798,False
GENE1787,0.23847608748270677,5.101679727524048,5.340155815006755,3.3130296021789953,0.002070568078450122,0.01176459135483024,False
GENE1788,0.03897334427286481,9.13940225259319,9.178375596866054,0.39692237601417385,0.6937050258585782,0.9098754145617826,False
GENE1789,0.08893900814337563,10.6535349766535,10.742473984796876,1.1008545581465938,0.2780704221855158,0.690001047606739,False
GENE1790,-0.20792772022376838,10.250274568491108,10.04234684826734,-1.6519317628971955,0.10701148214446539,0.41477318660645496,False
GENE1791,0.05912496928588418,5.499767615484703,5.558892584770587,0.6163554341015528,0.541433823870949,0.8718396293733252,False
GENE1792,0.06477735968010734,9.015572736456397,9.080350096136504,0.6413647878542608,0.5252390548466542,0.8704069320570939,False
GENE1793,0.0699160297462722,10.140817854395078,10.21073388414135,0.798687509964268,0.4295687652857646,0.8143483702099803,False
GENE1794,0.011424327418043667,7.330704318288468,7.342128645706512,0.1191788319163544,0.90577841802352,0.9727252055124626,False
GENE1795,-0.21267745263745308,8.212607031955732,7.999929579318279,-1.791280485534106,0.08143135174555087,0.34359220145802055,False
GENE1796,0.010803350013171453,4.8989019432278305,4.909705293241002,0.0632308972605148,0.9499230102102618,0.9846234755662028,False
GENE1797,0.12486002739399815,8.375342206697942,8.50020223409194,1.3525332734896625,0.18441341031262543,0.5665542559527663,False
GENE1798,-0.02059537069250439,6.383959180012165,6.363363809319661,-0.25070165767719144,0.8034317679119397,0.9477346622668663,False
GENE1799,-0.1014758366465589,8.425515079704239,8.32403924305768,-0.9585079116801609,0.3440284862925853,0.7510332845353697,False
GENE1800,0.007116046665859521,5.619062003715097,5.626178050380957,0.15213607946503102,0.8799061785048771,0.9653803204970489,False
GENE1801,0.06298981823682226,8.831160232793062,8.894150051029884,0.6293813815246988,0.5329665907793579,0.8704069320570939,False
GENE1802,0.06065241217323525,9.42081513723527,9.481467549408505,0.6566810714740876,0.5154498704640067,0.8704069320570939,False
GENE1803,0.046528560818171805,6.871959024527534,6.918487585345706,0.6328486654995059,0.5307245613123551,0.8704069320570939,False
GENE1804,0.028253360936789207,6.296325642580449,6.324579003517238,0.3728288767000075,0.7114031645090355,0.9126403649891411,False
GENE1805,-0.09900292255219867,4.771774618220634,4.672771695668436,-1.0765532606672532,0.28864950446256005,0.6963799866406757,False
GENE1806,0.014130611984783492,7.569041140895765,7.583171752880548,0.1715357257212446,0.8647372781319012,0.9619379090530565,False
GENE1807,0.02411790699444083,7.18002657645979,7.204144483454231,0.22365544165269133,0.8242557515740276,0.9528968226289337,False
GENE1808,-0.04815417917103737,5.64890654313105,5.600752363960012,-0.5336588038412103,0.5967692753633393,0.8901242342337499,False
GENE1809,0.10836867938740191,8.675321528840513,8.783690208227915,1.225047462462299,0.22829916233818953,0.6271955009290922,False
GENE1810,0.027509125769107357,7.3563891856800465,7.383898311449154,0.2527748228415862,0.8018413219889432,0.9477346622668663,False
GENE1811,-0.08605350266821699,6.404442001563913,6.318388498895696,-0.8979261064101213,0.3750310460581211,0.7780522344116795,False
GENE1812,0.08192105904736025,7.136064410883063,7.217985469930423,1.081045871167124,0.286672738978888,0.6949642157063952,False
GENE1813,-0.036774845253852106,9.620347285759296,9.583572440505444,-0.3473313412489356,0.7303104263681973,0.918694133641966,False
GENE1814,0.017740026113576945,8.995917418283417,9.013657444396994,0.28598486324250477,0.7764848328855354,0.9406297438805712,False
GENE1815,0.19025862800435966,7.68428172435096,7.87454035235532,2.2580925668876835,0.02992680018003864,0.15038593055295799,False
GENE1816,-0.16239200643715535,9.033888046017182,8.871496039580027,-1.7863741298569065,0.08223547672833148,0.34625463885613256,False
GENE1817,0.0416810395422571,6.289983295845243,6.3316643353875,0.4779162369063718,0.6355213973973386,0.8964290746227466,False
GENE1818,0.11797213055931,7.967547194977629,8.08551932553694,1.2125538504493802,0.23298608843105273,0.6339757508327966,False
GENE1819,0.04233261397634713,8.285234997648823,8.32756761162517,0.344777405386247,0.7322139225878997,0.9202888834060577,False
GENE1820,-0.0045412610158814815,7.232928658377641,7.228387397361759,-0.06864968145659882,0.9456381400692223,0.9835030057922228,False
GENE1821,0.08287113809106827,8.567558547402848,8.650429685493917,0.961513745845003,0.3425358539925507,0.7510332845353697,False
GENE1822,-0.0004004660891210321,6.893704321076558,6.893303854987437,0.004932553496169199,0.9960909070993093,0.9989297085872936,False
GENE1823,0.008496662213868689,8.78961697207524,8.798113634289109,0.0769286526073867,0.9390947985846387,0.9804664371875172,False
GENE1824,-0.01462856014315328,8.777708328763376,8.763079768620223,-0.23497830974407286,0.8155211932141454,0.9517868242846903,False
GENE1825,0.11127675757348898,3.527639807222788,3.638916564796277,1.32156901575561,0.19442552942696278,0.5864551011392142,False
GENE1826,0.17301156612405677,9.801440350664578,9.974451916788635,1.756223950575885,0.08732533463905495,0.35936351703314795,False
GENE1827,-0.018029163608078935,3.446577424167039,3.42854826055896,-0.3035747977687023,0.7631524209208345,0.9368653749734603,False
GENE1828,0.06498677931107011,7.063658119855761,7.128644899166831,0.7041006153590765,0.4857782132640831,0.8577830183401584,False
GENE1829,0.02495470614781148,9.492707725273279,9.51766243142109,0.24062453019430005,0.8111744753945018,0.9492972210585159,False
GENE1830,-0.058281325476122525,7.553352173214828,7.495070847738705,-0.6418685836395077,0.5249154924502177,0.8704069320570939,False
GENE1831,0.17142561889160124,5.755133600057039,5.92655921894864,1.601894941232192,0.1176832541461158,0.43696505530076696,False
GENE1832,-0.09988997785984033,6.308827392088708,6.208937414228868,-0.9446884012786725,0.3509464836548575,0.7570425709365423,False
GENE1833,-0.15423756115199438,9.628222982717173,9.473985421565178,-1.7664222299968717,0.08557483721426908,0.35440469931373003,False
GENE1834,-0.04543319860616801,5.146412034886148,5.10097883627998,-0.3832043760580736,0.7037611745114003,0.9111389734413847,False
GENE1835,0.12351315706603039,9.673384154933265,9.796897311999295,1.252420975869271,0.2182751769763582,0.6098557584327973,False
GENE1836,-0.08262355443369263,8.006586660474051,7.923963106040358,-0.7895617230283891,0.43481465825208077,0.8179465139931106,False
GENE1837,0.017136102185438595,6.196089780803928,6.2132258829893665,0.16353209256829926,0.8709895069163902,0.9619379090530565,False
GENE1838,0.060996058259775054,7.042752553636818,7.103748611896593,0.5171581714366115,0.6081237508953827,0.893049135087311,False
GENE1839,0.03572957529224752,6.440089766525423,6.475819341817671,0.44036725892764006,0.6622331951907354,0.9051854185277907,False
GENE1840,0.0648448992896764,9.238623582129785,9.303468481419461,0.7258316907809212,0.47250845575354683,0.8475487995579315,False
GENE1841,-0.012709810051743986,9.127936522962433,9.115226712910689,-0.13964368651811054,0.8896989026920094,0.9696990765035525,False
GENE1842,-0.11556205179841506,5.518019493194433,5.402457441396018,-1.509602365465182,0.13963817388709138,0.48151094443824616,False
GENE1843,0.04905364833721393,7.330546278349422,7.379599926686636,0.5294773424162158,0.5996371279112256,0.8909912747566502,False
GENE1844,-0.05195322228845445,6.75894442776738,6.706991205478926,-0.6087848172577528,0.5463868783013637,0.873271447172342,False
GENE1845,-0.12700091736983588,10.053436693331742,9.926435775961906,-1.399070143979905,0.17011951039398548,0.5375024025086429,False
GENE1846,-0.027274958431881657,6.022361694061634,5.995086735629752,-0.4592690853286891,0.6487279254004649,0.8997613389742924,False
GENE1847,-0.08015465843045178,10.433340242300854,10.353185583870403,-0.9373416551910918,0.3546613590876967,0.7618933600165342,False
GENE1848,0.06143660279712293,7.934833587064699,7.996270189861822,0.6334837069180821,0.5303144687225241,0.8704069320570939,False
GENE1849,0.15471574054288872,6.2116002598351265,6.366316000378015,1.3398339179193048,0.18847058567497474,0.5746054441310205,False
GENE1850,0.0006026789939514998,6.967777990154917,6.9683806691488686,-0.011203692647351845,0.9911211268500699,0.9970480443124635,False
GENE1851,-0.054181062334478725,6.7999553397789345,6.745774277444456,-0.6458019442930542,0.5223929520223423,0.8704069320570939,False
GENE1852,-0.16809953085044338,6.217862295044435,6.049762764193992,-1.7535900865168397,0.08778228376922267,0.3605021920707297,False
GENE1853,-0.15094462344340265,8.281622428807756,8.130677805364353,-1.4194764550771175,0.1641307747352889,0.5269045737890494,False
GENE1854,-0.11115024774276971,6.128541741659045,6.017391493916275,-0.997297133817773,0.32509816690629456,0.7422110797023606,False
GENE1855,0.17021848614338442,4.635156827028518,4.805375313171902,1.844470926230566,0.0731322725683608,0.31658992453835844,False
GENE1856,-0.060350299650200334,7.392380537377387,7.332030237727187,-0.6157204998903566,0.5418483296555217,0.8718396293733252,False
GENE1857,0.06419610724470903,5.204947637661303,5.269143744906012,0.7146563061258201,0.47930645396363614,0.8538288665195988,False
GENE1858,0.051335623481440606,6.8578749025724735,6.909210526053914,0.4668499730599944,0.6433446915526214,0.8964290746227466,False
GENE1859,0.03560693396943826,6.626172512861513,6.661779446830951,0.3878564931440558,0.7003447251464882,0.9106390773967419,False
GENE1860,0.0435745001856187,6.656066162079002,6.6996406622646205,0.39487236767534806,0.6952042998934866,0.9098754145617826,False
GENE1861,-0.004851084751848589,11.047395891840816,11.042544807088968,-0.09753044619447804,0.9228315817373105,0.9795332625842298,False
GENE1862,0.03324687567333662,7.905947068258248,7.939193943931585,0.45372881802630316,0.6526742431621855,0.900958936495898,False
GENE1863,0.1073435011702557,8.29239018140208,8.399733682572336,1.1561195453631652,0.25504300456663825,0.6586122499290494,False
GENE1864,-0.01617999432441586,5.4033771814415825,5.387197187117167,-0.15858003794130707,0.8748621563106671,0.9643444484629686,False
GENE1865,0.0075831481517152355,7.058181460988166,7.065764609139881,0.039381236702090386,0.9687981697555414,0.9925635212956716,False
GENE1866,-0.05624483063404462,8.328275280089228,8.272030449455183,-0.5660580837099185,0.5747717092024682,0.8835844876286983,False
GENE1867,-0.06962416905561852,6.463508763128866,6.393884594073247,-0.6879186178520832,0.4957943762985546,0.8654725617613039,False
GENE1868,0.032716426309807645,9.443166717170957,9.475883143480765,0.3008563372890313,0.7652082404571177,0.936995991959933,False
GENE1869,0.00020065535499291798,6.228203763231195,6.228404418586188,0.07687379050301561,0.9391381456490917,0.9804664371875172,False
GENE1870,0.0486572450549696,7.597443439935025,7.646100684989994,0.5188168640423244,0.6069778419694016,0.893049135087311,False
GENE1871,-0.15551309139444847,7.2284744686096545,7.072961377215206,-1.974582880198831,0.05581424595647885,0.2560286511765085,False
GENE1872,0.10897773392746224,8.213831243814607,8.322808977742069,1.1119335093386913,0.2733396912795595,0.6859214335748042,False
GENE1873,0.06942510321076245,6.93865579769867,7.008080900909432,0.7669056437367218,0.44800365581029034,0.8278723831339301,False
GENE1874,0.07508171997121149,7.594448900220124,7.669530620191336,1.038225711961103,0.30590258618195976,0.7147256686494387,False
GENE1875,0.049378320671616294,7.668172582573663,7.71755090324528,0.4209236128339482,0.6762458962879847,0.9070431044955993,False
GENE1876,-0.06383147330550987,6.90368915096532,6.83985767765981,-0.6647842612097864,0.5103109764186546,0.8671384476102882,False
GENE1877,-0.18057085662967154,8.86212674902836,8.681555892398688,-1.8677717589162273,0.06973005234106557,0.3058335628994104,False
GENE1878,0.054426418880089145,8.264917353409352,8.319343772289441,0.60769080379901,0.5471045616534722,0.873271447172342,False
GENE1879,-0.06468194320595622,7.848358227746665,7.783676284540709,-0.5852403721407897,0.5619386642501665,0.8754798965900948,False
GENE1880,0.060450567836310753,7.297214394982335,7.357664962818646,0.7149738880275118,0.4791125043316393,0.8538288665195988,False
GENE1881,-0.0864623076239539,9.242657738021755,9.156195430397801,-0.9799536614617975,0.33347345828421426,0.7492665473775892,False
GENE1882,0.21297886813634292,7.592385348866701,7.805364217003044,2.826283858302039,0.007550494873511691,0.041715441290119844,False
GENE1883,0.01825654125068521,7.567803551667579,7.586060092918264,0.19473495150808268,0.8466658028509069,0.9566748558959018,False
GENE1884,0.044264774862647016,8.220388877671315,8.264653652533962,0.4862827643820533,0.6296346011343481,0.8964290746227466,False
GENE1885,-0.05072950190445802,10.493552131624726,10.442822629720268,-0.5209967204855511,0.6054734153043441,0.893049135087311,False
GENE1886,0.05903734222674384,5.926626590237276,5.9856639324640195,0.5126036674798781,0.6112753829705462,0.8933128654616989,False
GENE1887,-0.16032578405620512,9.286583788524212,9.126258004468006,-1.5786237962020238,0.12293478777689765,0.4486671086748089,False
GENE1888,0.015421306587749761,5.221081469664098,5.2365027762518475,0.17854913127009844,0.8592658120209005,0.9619379090530565,False
GENE1889,-0.019744047058324554,8.213081939098785,8.19333789204046,-0.2538288447174422,0.8010330474911997,0.9477346622668663,False
GENE1890,-0.19244741188720127,10.505540562301556,10.313093150414355,-2.2879480508125525,0.027952049378756543,0.14117196655937647,False
GENE1891,-0.06603942782750671,8.829383638752105,8.763344210924599,-0.6379356606070818,0.5274442281904528,0.8704069320570939,False
GENE1892,-0.01494833541128493,8.213873660931963,8.198925325520678,-0.22783937245037,0.8210255272721345,0.9517868242846903,False
GENE1893,0.212647371205672,7.062947571664165,7.275594942869837,2.223724930810654,0.032353791494676785,0.1605647220579493,False
GENE1894,0.10961717509069491,7.92769343677752,8.037310611868214,1.4266945891895482,0.16205245236808324,0.5245474244480038,False
GENE1895,-0.11181163323135035,7.654384086289836,7.542572453058486,-1.097634220636509,0.2794563332163597,0.6925807514655754,False
GENE1896,0.09257739991768954,6.813466182949613,6.906043582867302,0.9635149174922021,0.3415445087441542,0.7510332845353697,False
GENE1897,0.010081306070953922,7.493346167406952,7.503427473477906,0.10585811839353355,0.9162667697188029,0.978660375744346,False
GENE1898,0.1296616229664842,8.277361074797895,8.40702269776438,1.1957525218496043,0.23940051220980738,0.641353640233691,False
GENE1899,0.07168050843597751,6.786078493139525,6.857759001575502,0.7066960183364652,0.4841824060126819,0.8577830183401584,False
GENE1900,-0.03248415847022201,6.780027929311595,6.747543770841373,-0.26359476083096206,0.7935547289213264,0.9447080106206267,False
GENE1901,0.030036493463562408,5.949701797530826,5.979738290994389,0.301199674010526,0.764948498734291,0.936995991959933,False
GENE1902,0.009557524144220508,8.502729341401288,8.512286865545509,0.12740451815916676,0.899310156589953,0.971047469866079,False
GENE1903,-0.2058100686287858,8.9026055943849,8.696795525756114,-2.347155027096075,0.024378261351072242,0.12437888444424613,False
GENE1904,-0.0575121419762894,8.345419954918052,8.287907812941762,-0.5360068345406442,0.5951617340894981,0.8901242342337499,False
GENE1905,0.07647550665426017,9.412715461482332,9.489190968136592,0.7889848730107378,0.43514754544433487,0.8179465139931106,False
GENE1906,0.05950282672998952,8.086221300761363,8.145724127491352,0.6313804310559527,0.5316733485475971,0.8704069320570939,False
GENE1907,-0.06092474591666708,8.513108971621055,8.452184225704388,-0.6721058948917952,0.5056918209959361,0.8661790205097579,False
GENE1908,-0.0033009385562046134,8.406941965180081,8.403641026623877,-0.06877495090829236,0.9455391028824405,0.9835030057922228,False
GENE1909,-0.06744201597965116,7.983246718272518,7.915804702292867,-0.727588378102719,0.4714449090013445,0.8475487995579315,False
GENE1910,-0.045125173183277134,7.267153174099825,7.222028000916548,-0.4191069714829788,0.6775611990582127,0.9070431044955993,False
GENE1911,0.057818082884722344,11.295122624962584,11.352940707847306,0.45045773116700166,0.6550089989945103,0.900958936495898,False
GENE1912,-0.03620534088556315,7.347626605716532,7.311421264830969,-0.49271381189749,0.6251261967546811,0.8964290746227466,False
GENE1913,-0.01962393512810401,6.999522831918222,6.979898896790118,-0.13268860067524205,0.8951586639944744,0.9702843261224419,False
GENE1914,0.08113637059609502,8.57778509236391,8.658921462960006,0.7263462372856611,0.4721967928088322,0.8475487995579315,False
GENE1915,0.006892874031054319,8.347964231320999,8.354857105352053,0.04476457851467536,0.9645356867861975,0.9922598221785537,False
GENE1916,-0.02539694471804932,5.864956776876914,5.839559832158865,-0.20078992084061642,0.8419625346606998,0.9553918685172872,False
GENE1917,0.15498517562418002,9.614989638448321,9.769974814072501,1.9804312957714025,0.05512716054686103,0.25345820941085534,False
GENE1918,-0.03518290872374319,7.914951116208627,7.879768207484884,-0.3928862936264815,0.696657999873252,0.9098754145617826,False
GENE1919,0.039152782048676116,6.326802576140821,6.365955358189497,0.39279242775108614,0.6967267334345948,0.9098754145617826,False
GENE1920,0.09234674173531587,9.715026135315437,9.807372877050753,1.1793026363480423,0.24580544280800473,0.6441806510497865,False
GENE1921,-0.17576212864665308,8.984217576553906,8.808455447907253,-1.6094019702284368,0.11602876821294081,0.43375240453435815,False
GENE1922,-0.011737260010962203,6.104178752015302,6.0924414920043395,-0.09094606453540238,0.9280260352086365,0.9795332625842298,False
GENE1923,-0.012843684409288514,10.624446519521479,10.61160283511219,-0.22574331192210165,0.822643409950109,0.9517868242846903,False
GENE1924,-0.15738823262016943,9.100048854354181,8.942660621734012,-1.6839498067491208,0.10061097691524788,0.39767184551481377,False
GENE1925,0.11338914684149248,7.9320311090189835,8.045420255860476,1.1620005529825757,0.25267618792185303,0.6580109060464923,False
GENE1926,0.04489817398361673,10.276873790019806,10.321771964003423,0.44145399687056724,0.6614535634821701,0.9051854185277907,False
GENE1927,0.01931226395310759,8.146817245126922,8.16612950908003,0.22889527634551363,0.8202108081601732,0.9517868242846903,False
GENE1928,-0.1255357386623137,8.116650596303225,7.991114857640912,-0.9606425880726395,0.3429680079363915,0.7510332845353697,False
GENE1929,-0.02217549089070392,7.026074749080538,7.0038992581898345,-0.2779422872292449,0.7826039469086352,0.9406297438805712,False
GENE1930,-0.16462254722475045,8.90086692210572,8.73624437488097,-1.5919680309905764,0.11990059576497329,0.44081101384181354,False
GENE1931,-0.11439850242120642,8.727477090468003,8.613078588046797,-1.0772661914707522,0.2883351753698342,0.6963799866406757,False
GENE1932,-0.2550845350940145,8.166702079726766,7.911617544632752,-2.8178085160539976,0.007715911435545503,0.0425119087357879,False
GENE1933,-0.2514692519789312,7.007944300756653,6.756475048777721,-2.699703698271245,0.01040131161316957,0.056682897074493574,False
GENE1934,-0.11456561058265358,8.26691734148021,8.152351730897557,-1.0413720456532005,0.3044599871299292,0.7137223174691658,False
GENE1935,-0.05231304537944226,7.960181939189153,7.90786889380971,-0.4834828847193716,0.631601932558739,0.8964290746227466,False
GENE1936,0.0075477745065839486,6.027777062179949,6.035324836686533,0.011291045519155246,0.9910519031241409,0.9970480443124635,False
GENE1937,0.13993485878021694,5.7356051121901555,5.875539970970372,1.4223637303915144,0.16329694456641683,0.5263901877343434,False
GENE1938,-0.0380800805165844,8.84133241426684,8.803252333750256,-0.3951448508354183,0.6950049476042008,0.9098754145617826,False
GENE1939,0.1773528075848949,3.912684637861692,4.090037445446587,1.7727804947130759,0.08449847453279423,0.352076977219976,False
GENE1940,-0.09793404768561942,8.309167219303564,8.211233171617945,-1.1049089735695174,0.27633249105866275,0.6895035599282905,False
GENE1941,0.08394755316750846,7.329225549597988,7.413173102765496,0.8263963761350138,0.4138767705890781,0.8059917635619828,False
GENE1942,-0.08885914276405238,10.012893386506454,9.924034243742401,-0.7849632949415695,0.4374725589276338,0.8185842579720041,False
GENE1943,0.10584611707666092,7.186385406637767,7.2922315237144275,1.303531414128755,0.2004463582880862,0.5904163719825809,False
GENE1944,-0.0523182551017527,9.034920362329007,8.982602107227255,-0.49379096558663577,0.6243724908452335,0.8964290746227466,False
GENE1945,0.011426424696334259,7.345205449350978,7.356631874047312,0.07969438269639414,0.9369098155283495,0.9804664371875172,False
GENE1946,0.15914463456306116,8.105291076008454,8.264435710571515,1.6215662460444882,0.11338829853959628,0.4286892194313659,False
GENE1947,-0.06563534734881848,9.076285400902304,9.010650053553485,-0.7144623791386977,0.4794249085507547,0.8538288665195988,False
GENE1948,0.06336237980632387,7.343749941914463,7.407112321720787,0.6335812409662895,0.5302514987128302,0.8704069320570939,False
GENE1949,-0.011217413308722612,9.393738053021893,9.38252063971317,-0.12205286688551609,0.9035176601498731,0.9715243657525516,False
GENE1950,-0.13234952788183207,6.62604023955951,6.493690711677678,-1.3527002722018024,0.18436050949554839,0.5665542559527663,False
GENE1951,-0.03616489394622491,8.483299700892847,8.447134806946622,-0.31902180458956825,0.7515041117732046,0.930079346253966,False
GENE1952,0.22611075469588293,9.288150527625536,9.514261282321419,2.893573580978774,0.006349927059216358,0.035277372551201995,False
GENE1953,0.0818024261010617,8.915634207675833,8.997436633776895,0.8563151162203471,0.3973355372092916,0.7954315724014633,False
GENE1954,0.11320027075178984,10.804947390628541,10.918147661380331,1.4550003307814958,0.15410132898282153,0.5111155190143335,False
GENE1955,-0.007954842990333333,6.8266329886309,6.8186781456405665,-0.07803006564447172,0.9382246017117912,0.9804664371875172,False
GENE1956,-0.04223662385906568,5.906983887278039,5.864747263418973,-0.4638418706620181,0.6454784528358882,0.8964978511609559,False
GENE1957,-0.061736988984492314,6.591915920299752,6.53017893131526,-0.5450578077008811,0.5889844667976405,0.8882358706796204,False
GENE1958,0.06973136563966698,8.994803667766979,9.064535033406646,0.741383395588473,0.4631409530963837,0.8390234657543182,False
GENE1959,-0.10038418478380606,8.814233915749782,8.713849730965975,-0.8556928671935093,0.39767528280857,0.7954315724014633,False
GENE1960,-0.049971975113910716,8.137539965872419,8.087567990758508,-0.6396249648157303,0.5263572710972465,0.8704069320570939,False
GENE1961,-0.11076416246383047,6.433402041465814,6.3226378790019835,-1.0556800563134794,0.2979591019117881,0.7075162531484593,False
GENE1962,-0.027902277249246765,9.155543959734155,9.127641682484908,-0.33242909000258924,0.7414413681521088,0.9250672091729367,False
GENE1963,-0.06123509087908641,6.2742778653157805,6.213042774436694,-0.6169387440846911,0.5410531653758124,0.8718396293733252,False
GENE1964,0.13195709506143416,9.607738441708738,9.739695536770173,1.6175766690627067,0.11424882432017566,0.4298016775007498,False
GENE1965,-0.1505799353001276,12.351741833030431,12.201161897730303,-1.2736417319136524,0.210733604267679,0.6038212156667021,False
GENE1966,-0.15961449933236338,8.700979421336685,8.541364922004322,-1.835306373152241,0.07450863522545989,0.3211579104545685,False
GENE1967,0.04534548429741747,8.919052292912593,8.96439777721001,0.48704740895474946,0.6290977990955864,0.8964290746227466,False
GENE1968,-0.024850496795485455,7.350417458394764,7.325566961599279,-0.23936008455027996,0.8121473821460049,0.9498799791181344,False
GENE1969,-0.14510244438825026,5.316699929143695,5.171597484755445,-1.5975936776043156,0.11863986786318778,0.43859470559403985,False
GENE1970,0.03808244506492997,7.07870867175244,7.11679111681737,0.37448759787426394,0.7101793930197698,0.9116551900125415,False
GENE1971,0.002565224924562237,6.382291712851531,6.384856937776093,0.01334352247806416,0.9894254169592218,0.9970480443124635,False
GENE1972,-0.018613086597477846,5.845125096233443,5.826512009635965,-0.13263300191014257,0.895202330379494,0.9702843261224419,False
GENE1973,0.07625474770770424,10.467655216586062,10.543909964293766,0.7162652142855479,0.47832434131066204,0.8538288665195988,False
GENE1974,-0.06347530158557824,8.451815659388954,8.388340357803376,-0.8224404772927316,0.4160952227253818,0.8084238062635369,False
GENE1975,-0.012508202198848295,8.559386258627956,8.546878056429108,-0.08770888949539385,0.9305810454429038,0.9800748240578239,False
GENE1976,0.21269592101910462,7.501095488887162,7.713791409906267,2.0406440150528784,0.04846966173491369,0.2301105900395225,False
GENE1977,-0.02655787412185351,7.764897682686761,7.738339808564907,-0.2662502634858733,0.7915246389089857,0.9428680214851699,False
GENE1978,0.006543191707823581,9.423518985392965,9.430062177100789,0.18934421890270528,0.8508579132307543,0.9587131416684557,False
GENE1979,-0.0470959669704456,7.9704848241663955,7.92338885719595,-0.4908891578327013,0.626403874761011,0.8964290746227466,False
GENE1980,-0.1635153148223374,8.891759097473935,8.728243782651598,-1.5144518271791956,0.13840799875073445,0.4789204109021954,False
GENE1981,-0.10790274041694659,7.771795744446503,7.663893004029556,-1.1786121297852552,0.24607700870101845,0.6441806510497865,False
GENE1982,-0.13455341717218605,7.534886008271959,7.400332591099773,-1.3604148160410923,0.18192947020375103,0.5632491337577431,False
GENE1983,0.23920356756431183,5.763439349769906,6.002642917334218,2.4820631664200343,0.01772712822058837,0.09330067484520194,False
GENE1984,-0.22837965911887625,5.115882201138463,4.887502542019587,-2.640126160909767,0.012063075450599783,0.06556019266630317,False
GENE1985,-0.08070586816433956,7.634981640001007,7.554275771836667,-0.957923798372572,0.34431904518910417,0.7510332845353697,False
GENE1986,-0.00018847970083513133,8.078323811981722,8.078135332280887,-0.03528150462569035,0.9720449310791859,0.9925635212956716,False
GENE1987,0.18196462927991242,5.979308942030624,6.161273571310536,1.836147813316406,0.07438135308927989,0.3211579104545685,False
GENE1988,0.00712286754986291,7.983989837119043,7.991112704668906,0.03909825128137789,0.9690222619206503,0.9925635212956716,False
GENE1989,-0.04459079194183957,8.172937936654861,8.128347144713022,-0.42843577735226385,0.6708178146456398,0.9052871992518756,False
GENE1990,0.12331089426882524,4.687653487654078,4.810964381922903,1.0541974455423564,0.2986282140604392,0.7076497963517517,False
GENE1991,0.18866578734602957,6.5145549698016065,6.703220757147636,1.7826953564371784,0.08284279492375737,0.347394488504872,False
GENE1992,-0.04089782025040378,8.595617953327706,8.554720133077302,-0.46503802319904036,0.6446296112306726,0.8964290746227466,False
GENE1993,-0.10853130310193393,8.640192998396376,8.531661695294442,-1.1643518411207017,0.25173438133017456,0.6564129891269219,False
GENE1994,-0.011443852051458592,6.2637055042885,6.252261652237041,-0.14107915094448298,0.8885727277770323,0.9696990765035525,False
GENE1995,0.15983117495747834,8.205907522102375,8.365738697059854,1.8707663463643411,0.06930276576666287,0.30462754183148516,False
GENE1996,-0.05344169780397223,9.686226792595615,9.632785094791643,-0.42259598991833436,0.6750359535429827,0.9060885282456144,False
GENE1997,0.1752460824011557,8.990405141698934,9.16565122410009,1.925641513608845,0.061860519076192035,0.27802480483681813,False
GENE1998,-0.11759096435423722,8.026049134594752,7.908458170240515,-1.2625477142632828,0.21465144297156205,0.6067091206698236,False
GENE1999,0.027476032178971543,7.283230872724907,7.310706904903879,0.2836886365607557,0.7782304409492999,0.9406297438805712,False
