gene,aging_logFC,ad_logFC,set,direction_class
HSP90AA1,,-0.46813923270665647,ad,
UBB,,-0.4439852577190173,ad,
RTN1,,0.8115563936572912,ad,
CHN1,,-0.6914056205141872,ad,
ATP1B1,,-0.8939440738489068,ad,
NGFRAP1,,-0.7942569327252471,ad,
MEG3,,1.4036169490556674,ad,
SNAP25,,-0.5530275736673307,ad,
NUCKS1,,1.6640161332967338,ad,
RPL10A,,-0.4491271602082101,ad,
ACTB,,-1.769555962629008,ad,
RPL41,,-0.5832292684185258,ad,
NAPB,,-0.8583219816941554,ad,
MAP1B,,0.847443999653267,ad,
EEF1A1,,-1.3421684263672695,ad,
SYT1,,-0.968498117418882,ad,
RTN4,,-0.459401980831748,ad,
MRFAP1,,-0.5346886594028817,ad,
BASP1,,-0.3740516609232696,ad,
NELL2,,-1.2588185383463912,ad,
FTH1P5,,-0.6589837322920378,ad,
PEBP1,,-0.8759756307279734,ad,
RAC1,,-0.8329333366337117,ad,
GNAS,,-0.9663558888469979,ad,
DPYSL2,,-0.5949668179896559,ad,
TUBA1B,,-1.5641410370196986,ad,
GPM6B,,-0.6193152727282705,ad,
MORF4L1,,-0.9732309575023841,ad,
PSD3,,1.112816054425787,ad,
RPL24,,-0.35919689732438265,ad,
SKP1,,-0.6220166905406419,ad,
MYCBP2,,0.5062562262746457,ad,
APP,,0.9950463371515355,ad,
UBC,,-1.6403579041366214,ad,
DDX17,,-0.609788634982138,ad,
GAPDH,,-0.7341554884234025,ad,
NDFIP1,,-0.6475887376817511,ad,
FHL1,,-0.6460118895995048,ad,
NME7,,-1.049580421445464,ad,
LDHB,,-0.9725846496254285,ad,
MLLT11,,-0.8180868382775799,ad,
CYFIP2,,-0.40640843549052796,ad,
LMO3,,-0.7169691170134982,ad,
SARAF,,-0.6743278049783097,ad,
MICAL2,,0.9347787633762916,ad,
HMGB1,,-0.7674130120492979,ad,
ENC1,,-1.7976520446045896,ad,
ABAT,,0.601025993467978,ad,
PPIA,,-1.6067126980648503,ad,
SH3GL2,,-0.9565833256532805,ad,
PAM,,-0.4889399724574641,ad,
LINC00657,,-1.2247608042042728,ad,
GLS,,-0.9349500186037023,ad,
REEP5,,-0.6696744198902884,ad,
TMSB4X,,-0.7609147705015022,ad,
RPL7,,-0.8081539795190285,ad,
NRCAM,,-0.6399532127737473,ad,
TCEAL2,,-0.5728662225279884,ad,
RPS15,,-1.1776797392809932,ad,
PFN2,,-0.8824735663745447,ad,
PARK7,,-1.4508974349537986,ad,
NARS,,-0.9275195281314002,ad,
DYNLL1,,-1.294337588508565,ad,
PNMA2,,-0.7440451810033135,ad,
AMER2,,0.9574563680932666,ad,
PEA15,,-1.1305739347780897,ad,
SV2B,,-1.1650766078348624,ad,
SLC17A7,,-0.7832004335055291,ad,
ARL8B,,-0.738740299769244,ad,
ATP6V0E2,,-0.7315843438255261,ad,
SYN2,,-1.6370195058061192,ad,
SRSF5,,-0.6641806193716331,ad,
RTN3,,-2.6575579090645682,ad,
CLTC,,-1.045220557478597,ad,
PPP2CB,,-0.9003721802931555,ad,
HSPD1,,-0.5588488851240783,ad,
ATP2A2,,-0.9501849850262012,ad,
TPPP,,-0.8613321424866562,ad,
RPL15,,-1.282437796468427,ad,
RAB1A,,-1.0038528849620434,ad,
MAP4,,0.762432746185981,ad,
GHITM,,-1.3522845517906443,ad,
ATP5A1,,-1.4571395183219096,ad,
MDH1,,-1.4421168420493835,ad,
DSTN,,-1.1044564408667163,ad,
STMN2,,-1.0241106654931897,ad,
RPL32,,-0.6677133412858911,ad,
MPHOSPH8,,1.0324247682466918,ad,
MACF1,,-0.6478976260321545,ad,
GABRB1,,0.9044729576742991,ad,
TNPO1,,1.7027876013785868,ad,
TUBA1C,,-1.8363889669739173,ad,
LOC728392,,-0.8444270123327744,ad,
LANCL1,,-0.5766202157440379,ad,
DPP6,,-0.6782615408251953,ad,
ALDOA,,-1.2087797900038098,ad,
ZFAND5,,-0.9306711187633088,ad,
DIRAS2,,0.769516351511351,ad,
SORT1,,-0.9671126654973428,ad,
HUWE1,,-1.2567083324144317,ad,
ATP9A,,-0.9262677557841581,ad,
LUC7L3,,0.7087689965957171,ad,
SPTBN1,,-0.6720458828643832,ad,
PGRMC1,,-0.9184768575447855,ad,
NGRN,,-0.6071883938538996,ad,
COX4I1,,-1.1671173587967605,ad,
ANKS1B,,1.501530118398044,ad,
NCAM1,,-0.5681262269446847,ad,
EIF4G2,,-0.7148148416738511,ad,
RPL9,,-0.998578785362028,ad,
C14orf2,,-0.7425733702061219,ad,
ARL6IP1,,-0.7840597429323992,ad,
IRF2BPL,,0.551507957747253,ad,
CAMSAP2,,-0.9292275387477513,ad,
GRIA3,,1.5112003833775383,ad,
UCHL1,,-1.729963314445497,ad,
CIRBP,,-0.692784480903752,ad,
OIP5-AS1,,-0.6373881711886895,ad,
SEPT8,,-0.805654263591471,ad,
MAP1A,,-0.736069247942396,ad,
ATP6V1D,,-0.8539426098384322,ad,
SPOCK1,,-1.7944888836593815,ad,
PTPLAD1,,-0.7311953773474613,ad,
SLC9A6,,-1.3181258360703332,ad,
DEGS1,,1.2081909581081867,ad,
USP7,,0.7198798253768022,ad,
MFSD4,,-0.5095740148471091,ad,
GMFB,,-0.9016688433541891,ad,
FTH1,,-1.560813851104463,ad,
WDR82,,1.1304866160153608,ad,
PCLO,,-0.6900033339083276,ad,
PTEN,,-0.45862993934893126,ad,
BLCAP,,-0.9449721598618304,ad,
MYL12B,,-1.4945953417389308,ad,
CANX,,-0.6269501767015822,ad,
WSB2,,-0.4408824243005238,ad,
SOD1,,-1.680908565999994,ad,
SEH1L,,-1.02673813466118,ad,
TSPAN7,,-0.9901569488308404,ad,
PNMAL1,,-1.195176149929626,ad,
PPP2R2C,,-0.8076529969658068,ad,
ARL6IP5,,-0.8077522634091068,ad,
SCN3B,,-1.2372754328968814,ad,
CYP46A1,,1.16386933022636,ad,
HP1BP3,,0.5654666705837759,ad,
CTSB,,0.7416973104891884,ad,
TERF2IP,,-1.2908404340177473,ad,
TBL1XR1,,-0.4034956410730537,ad,
EDF1,,-0.6507941957504997,ad,
TPD52,,-0.4982000925959067,ad,
SNAP91,,-1.0074527752726574,ad,
GABRB2,,1.4462774365979048,ad,
YPEL5,,-0.7636304369787972,ad,
SGSM2,,0.6040650693440011,ad,
SYT13,,-1.279997822885914,ad,
SLIT1,,-0.8626470141223255,ad,
NDUFA4,,-1.1895524573438347,ad,
HIF1A,,0.5341070867941866,ad,
PTPRK,,-0.7927452102813568,ad,
CDK5R1,,0.7769049501708611,ad,
SEC62,,1.7871522865329368,ad,
CLSTN2,,-0.8549903192072836,ad,
EDIL3,,-1.0247432639865721,ad,
PSMB1,,-0.7624423173986212,ad,
FAU,,-1.1308550850812011,ad,
COX5B,,-0.860498417675787,ad,
RPL23A,,-0.7335719840748673,ad,
PSMB4,,-0.7618930728334945,ad,
PDK3,,-1.1256364788313444,ad,
LRRFIP1,,1.3020590297993255,ad,
KIAA0232,,-1.013515850191018,ad,
RBM25,,1.5617726884596337,ad,
SYT4,,-0.8406724936757826,ad,
MAGED1,,-1.1797925861828613,ad,
CHGB,,-1.885183950683464,ad,
RHOT1,,0.7249442304474343,ad,
SCAMP1,,-0.7306051241606841,ad,
CELF1,,0.5625038931848092,ad,
SERINC3,,-0.8285211458881001,ad,
ADD2,,-0.5675087334949964,ad,
CLSTN1,,-0.3349668553489735,ad,
COPG2IT1,,-2.0746979609871765,ad,
KIF1B,,-1.309167433478283,ad,
TRIM37,,-0.9137650596775551,ad,
MXRA7,,-1.1398447245057675,ad,
TACC1,,-0.6944755771715059,ad,
OCIAD1,,1.5347977138317876,ad,
CD47,,-0.5821795312116613,ad,
PFKFB3,,0.930080944234108,ad,
RAB3GAP1,,0.9415640641470908,ad,
ZRANB2,,-0.5513464845337666,ad,
RASGEF1A,,0.47115964731399984,ad,
DYNC1I1,,-1.2737679978631657,ad,
NDRG3,,-0.9421108205212381,ad,
RASEF,,1.5022333686695752,ad,
TMEM178A,,-1.1554353183057877,ad,
TM2D3,,-1.2242242508972474,ad,
CMBL,,1.5346488925016555,ad,
SPTAN1,,0.8104460015535935,ad,
PRR11,,1.7048323762546715,ad,
COX7C,,-0.716750188589538,ad,
TOMM70A,,-1.0503771955401806,ad,
ATP1A1,,-1.759286019428762,ad,
CNRIP1,,-0.8198777950628902,ad,
WDR7,,-1.3051908210207976,ad,
HSBP1,,-0.8676994814157428,ad,
GAS7,,1.044279983319214,ad,
SAT1,,0.7247181446626705,ad,
GTF3A,,-0.5063065903456003,ad,
KPNB1,,0.8482176996932989,ad,
PAFAH1B1,,-0.9349133797664546,ad,
CSNK1A1,,-0.5620161141459477,ad,
PLEKHB2,,-0.6743699131178378,ad,
SCD5,,-1.1138497478306544,ad,
MED13,,0.3513809298112598,ad,
RPL6,,-1.412106248588291,ad,
GPRASP1,,-1.107539364974853,ad,
RPS27,,0.666813848799471,ad,
SRSF1,,-0.5253083218939363,ad,
FAM120A,,1.1036109404499612,ad,
ASH1L,,0.7888864876011716,ad,
UNC5A,,0.8872146586909349,ad,
LHX2,,0.6941428043398261,ad,
RGL1,,0.5137572389268765,ad,
SMIM13,,-0.7525460454379687,ad,
STK35,,0.7578687684491587,ad,
NFE2L1,,-0.9948187476803998,ad,
DBT,,1.586618527524772,ad,
MGEA5,,-1.3648235480600643,ad,
ATP6V1E1,,-1.563652563673907,ad,
TUBA4A,,-1.2295432835128892,ad,
CDC42SE2,,-1.4174701951866506,ad,
EIF5B,,0.7607106619320021,ad,
HMGCR,,-0.7281657077187944,ad,
CLTA,,-0.9540643664860013,ad,
KPNA2,,0.6015369135516568,ad,
RPLP0,,-1.1898055617845227,ad,
TNPO2,,1.7563013395102942,ad,
ARPC2,,0.9435342130460782,ad,
TUBB4B,,-1.759279361587133,ad,
NRXN3,,-1.254418250350854,ad,
NPTX1,,-1.1407599081980262,ad,
CADM1,,0.7358655484394099,ad,
LGI1,,-1.4118204453628707,ad,
CTBP1,,-0.7316695866174108,ad,
ADAR,,-0.45010341001277077,ad,
NUDCD3,,-0.4238891027374603,ad,
NCDN,,-0.7812188343176203,ad,
CSDE1,,-0.7336790725977167,ad,
CLCN3,,-0.6890733994191827,ad,
FOXJ3,,-1.2344470047060412,ad,
ST8SIA3,,-0.9384818219866613,ad,
ZNF721,,1.6568715496923012,ad,
SLC35E1,,1.9792716548539726,ad,
CNKSR2,,0.6420463367685816,ad,
RPS14,,-0.8338611085242782,ad,
ATP2B2,,-0.8572447441332436,ad,
ANK2,,-1.8492542117726547,ad,
APMAP,,-0.9216153585458979,ad,
NACA,,-1.8817799870921021,ad,
JUND,,1.3905703848314719,ad,
LDHA,,-1.1871169900619094,ad,
ANKRD36B,,1.8518455985683087,ad,
CCSAP,,-0.47595392459238717,ad,
ATP6V1H,,-1.8870811859928391,ad,
VAMP4,,-0.6988932081773935,ad,
NOLC1,,-0.5989586645720699,ad,
ARHGAP21,,-0.5905573060406333,ad,
TPM1,,-0.41922261775708947,ad,
TPI1,,-0.8616159770685012,ad,
STOX2,,1.0397370077841366,ad,
TIMM17A,,-0.8252017347967922,ad,
FEZ1,,-0.7052410670994327,ad,
LOC283070,,-1.0902362691350866,ad,
ATP5F1,,-1.09161209907802,ad,
ZDHHC17,,-0.9817602745801306,ad,
RASA1,,-0.5853914598834447,ad,
TMBIM6,,-0.6150832709756546,ad,
SLC25A3,,1.2443400929795114,ad,
HECTD4,,-0.3815644696964373,ad,
RPS17,,-0.5867284092237615,ad,
DYNC1H1,,-1.6939458571209158,ad,
PRKCZ,,-1.4470282400124237,ad,
CDS2,,-1.0859687081790952,ad,
SLC25A6,,-0.8707673098710451,ad,
CDK13,,1.6456852070504766,ad,
DDHD2,,-0.6463396414626157,ad,
B3GAT1,,-0.7665102752999022,ad,
DICER1,,1.1154052193338266,ad,
PHYHIP,,-0.8699648329861542,ad,
TSPAN3,,-1.2988849312383373,ad,
HOMER1,,0.8268221497099333,ad,
RSF1,,0.7020713135698351,ad,
RPL35A,,-0.7090898969125519,ad,
NFIA,,1.002422768783072,ad,
TUBB3,,-1.45215689030257,ad,
CDC42BPA,,1.3493173356384087,ad,
ERLEC1,,-0.67903825422529,ad,
UBE4A,,-0.5421203093278884,ad,
LZTS3,,0.8291582061001677,ad,
KIAA1377,,1.1887275893986473,ad,
NUMBL,,0.9231048927375856,ad,
CAMK2B,,-1.2499382404466726,ad,
BCLAF1,,-0.7506863707065783,ad,
DHX15,,-0.6553031327978687,ad,
ASNS,,-1.3462951305495512,ad,
RPL19,,-0.9926893518707374,ad,
RDH11,,-0.6204735175154532,ad,
PGF,,1.999472335447754,ad,
KIAA0513,,-1.1424304372624494,ad,
SF3B1,,-0.6112971894968524,ad,
ERC2,,-0.9890521872064699,ad,
NFIB,,1.171932759267495,ad,
LOC285812,,1.156471494347242,ad,
SYBU,,-0.9629168865151758,ad,
NAV3,,-1.0386281740904408,ad,
IFT80,,0.700382976838819,ad,
PGK1,,-1.0454053544272845,ad,
SCARB2,,-0.7785520596455378,ad,
NLN,,1.908252132198422,ad,
HK1,,-0.624304823249938,ad,
NDUFA11,,-0.8200489981782173,ad,
VAPB,,-1.1467382238949444,ad,
LARS,,1.0724305576614324,ad,
TAOK1,,-0.5028123764937007,ad,
PLK2,,-1.6041805163792855,ad,
ABR,,-0.8007368982038514,ad,
SUMO1,,-0.5222699418321177,ad,
BAALC,,-0.5031053745363039,ad,
CCDC152,,1.9929795442023703,ad,
ANO3,,-0.6167646293621498,ad,
COX6B1,,-1.185819273802915,ad,
ITFG1,,0.970539671921868,ad,
HSP90AB1,,-1.9086775014443216,ad,
EPB41L1,,-0.548684987928258,ad,
USP34,,-0.5260633461977235,ad,
CLCN4,,-1.0277930303342213,ad,
HNRNPH1,,-0.8869042537490355,ad,
KCNB1,,0.8735359835308323,ad,
UQCRC2,,-0.9317021825259939,ad,
MAPK1IP1L,,0.7119282025867157,ad,
ENO2,,-1.38338276322534,ad,
CELF4,,1.3482384635044102,ad,
ZNF160,,1.6781655823857093,ad,
CHMP5,,0.6226972796845267,ad,
RPL3,,-1.6155587195556755,ad,
RAB2A,,-0.8295682484031666,ad,
ATP5O,,-1.8520336522892027,ad,
IFRD1,,0.614697642965222,ad,
ENO1,,-1.2941622422190235,ad,
IQSEC1,,-0.779940210484261,ad,
EHD3,,-1.123161665196724,ad,
MYL6,,-0.8785666976905109,ad,
CAMK2A,,-0.893027637207469,ad,
HPRT1,,-0.8285028328586161,ad,
PTGES3,,-1.3112122039074414,ad,
FNTA,,-0.9966149164235585,ad,
STMN4,,-0.9467788663996615,ad,
FOXP1,,1.1094167217668964,ad,
PSMD4,,-1.238680461911576,ad,
ACSL3,,-0.4304787902999685,ad,
HNRNPD,,-0.5267610923415358,ad,
CAP1,,0.7718081658434937,ad,
ATP5C1,,-1.4889017404285898,ad,
STRAP,,-1.1440964583946513,ad,
DUT,,0.4596057356523886,ad,
MAP7D2,,-0.9515902165285635,ad,
DYNLRB1,,-0.4167723650573265,ad,
ATP5B,,-1.6305758389102785,ad,
ECHS1,,-1.0478900214444948,ad,
ATP6V0E1,,0.43720875371878876,ad,
GLRX,,-1.7573065262598178,ad,
RAP1GAP,,0.7376393504089656,ad,
ABHD17B,,1.352666235984902,ad,
WDR1,,-0.7749314915435601,ad,
EPM2AIP1,,-0.5891499161533069,ad,
RPL18,,-1.092703465673388,ad,
C1orf43,,-0.819308921844069,ad,
WTAP,,-0.748025050762962,ad,
BRD4,,-0.6373761228744694,ad,
GABRG2,,-0.9739165487622472,ad,
UBA52,,-1.071843442107351,ad,
SIRPA,,-1.442559293801411,ad,
GAK,,0.6419897191426642,ad,
TSPAN5,,-0.8291418480322346,ad,
MAST3,,-1.1883676226258206,ad,
PPT1,,-0.9916362963338088,ad,
UBL3,,-0.8750732612717975,ad,
GLO1,,-1.6039831141531824,ad,
MNT,,1.4339267484002285,ad,
DNM3,,-1.3761825115330986,ad,
ANAPC5,,-0.6331092389732778,ad,
PDXK,,-0.8822461840160187,ad,
C16orf45,,-0.702638536495904,ad,
MRPS21,,-0.8914638298743451,ad,
REEP1,,-1.0043966864097733,ad,
TMEM9,,-0.6912685172344695,ad,
CLASP2,,-0.5001380106533162,ad,
AGPAT3,,1.182612339544752,ad,
APLP2,,-1.680148563312791,ad,
CCT2,,-1.5605591692953666,ad,
ALDOC,,-1.5588233001587426,ad,
ITM2C,,-1.2821425815500724,ad,
TTLL7,,-1.0214865758857794,ad,
KIAA1244,,-1.076335480172883,ad,
SAR1A,,-0.7668317401571088,ad,
ATP8A2,,-1.0251531932030158,ad,
PFKM,,-1.4512545869351925,ad,
BZW1,,-0.44769462864936393,ad,
LRRC47,,-0.8114520801458713,ad,
NRN1,,-0.9493003359134509,ad,
PPA1,,-1.0320843935823056,ad,
ATCAY,,-0.6495838492427524,ad,
H2AFY,,-1.1243994642991382,ad,
MAX,,0.4262579127968227,ad,
KMT2D,,0.9714228960404441,ad,
PCNXL2,,-0.566461881148534,ad,
DZIP3,,-0.8233682716139157,ad,
PITPNB,,-0.5523874434926181,ad,
CPEB4,,0.7085985053615502,ad,
TMED10,,-0.49273425768508794,ad,
SPIN1,,-0.9587185323117886,ad,
KPNA3,,-0.6870725653510537,ad,
GPR27,,0.7590321809282816,ad,
FAM168B,,-0.9800832652048026,ad,
NUDT3,,-0.7616416618711543,ad,
COX7B,,-1.2761837823969433,ad,
AMPH,,-1.7800501378139781,ad,
ANAPC13,,-0.7716443399880646,ad,
ARL1,,0.9607687122022686,ad,
LAPTM4A,,-0.6519507894879393,ad,
KIF5B,,0.7483965200610072,ad,
PSMD14,,-0.8298152006322468,ad,
RAB40C,,0.7821691666247723,ad,
DYNC1I2,,-0.673894037070653,ad,
ZMIZ2,,0.8576597906138979,ad,
ARHGAP5,,0.5625378445720308,ad,
TCEB2,,-0.6612348191458715,ad,
BCL11A,,1.295131901840751,ad,
NDUFS6,,-0.8931170180358361,ad,
SMARCA4,,-0.8179926025970818,ad,
TROVE2,,0.44774201043516904,ad,
NFAT5,,-0.7963169205429335,ad,
MAP2K4,,-1.4469845115627002,ad,
DIP2C,,-0.49594296966512275,ad,
UBE2B,,-0.3553458800208773,ad,
PABPC3,,1.1431300177745793,ad,
SMARCA2,,0.4416951531336508,ad,
RP11-403P17.4,,1.4501781354485637,ad,
CCNG2,,0.5488545111032863,ad,
NDUFA8,,-0.892917646691032,ad,
MPRIP,,-1.0590086604492122,ad,
MDH2,,-1.2305062996296474,ad,
PAK1,,-0.7927020178182982,ad,
NCOA1,,-0.6121912336411128,ad,
NPTN-IT1,,0.6322139887079583,ad,
GAS2L1,,1.2188681242006378,ad,
CDC16,,-0.8676616636974916,ad,
ABCC5,,-0.5905907427210639,ad,
NRXN1,,-0.9306194900381239,ad,
BEX4,,-1.4333876377690764,ad,
MAPK9,,-1.2342417167121447,ad,
ATXN10,,-1.069507067592669,ad,
DDX6,,-0.6196762815782115,ad,
MAP2K1,,-1.4443537639506054,ad,
ADAM22,,-1.1772485109668533,ad,
PSMD1,,-1.4893081131328607,ad,
NSG1,,-1.0764281853729543,ad,
FAM98A,,-1.0801878196711527,ad,
CCDC6,,-1.2735600102857347,ad,
DMXL2,,-0.8489371267260779,ad,
C1orf216,,-1.461880541791933,ad,
PSMC1,,-1.0600478611929454,ad,
LINC00936,,0.5204276840515671,ad,
HSPA12A,,-1.1096922186940557,ad,
CLIP1,,0.46170041084654834,ad,
TPM3,,-0.6362213505052683,ad,
GRB10,,-0.5978296065834634,ad,
EIF1AX,,1.1326757024864982,ad,
PITHD1,,-1.527009113182391,ad,
TM2D1,,0.5911275529985964,ad,
CHERP,,0.9419993138147511,ad,
SRRM2,,2.7672423873881584,ad,
CPLX2,,0.8892070799758383,ad,
EIF5,,-0.6211848703240328,ad,
KCNK1,,1.186509268838643,ad,
C9orf64,,1.55637881475562,ad,
GPX4,,-0.8270497887741239,ad,
COA3,,-0.8752088981758419,ad,
R3HDM1,,-0.7732580609388986,ad,
ZNF365,,-0.9712661158396649,ad,
CCAR1,,0.5947158532654004,ad,
GABARAP,,-0.9849758202398124,ad,
LYSMD2,,-0.8301753298329757,ad,
SH3GL3,,-1.2094123482757233,ad,
PBX1,,1.2173097801981019,ad,
USP4,,1.1615922109094647,ad,
IPO7,,0.9056139513814241,ad,
SRPK2,,-1.093042794414826,ad,
DLGAP1,,0.843704268382508,ad,
PSMC2,,-1.5601043608326801,ad,
PPARD,,1.3476803560812467,ad,
ELFN2,,0.9642762610204052,ad,
ANP32E,,-0.5497292952384356,ad,
CLIP3,,-0.4980228974048142,ad,
PRUNE2,,-0.7935256151922108,ad,
KIAA1671,,-0.5528452487418996,ad,
HTRA1,,-1.2528689423740804,ad,
SLC25A44,,-0.5879131136983791,ad,
GPBP1,,-0.5070132349346839,ad,
KATNB1,,0.7321923756310884,ad,
RPL29,,-1.2101302601743278,ad,
GDI2,,-0.8701766591989557,ad,
RAB11FIP3,,2.0921281791191895,ad,
KCNQ5,,-1.2386568130307065,ad,
MAPRE2,,-0.5852094413052029,ad,
YTHDF1,,-0.640890327954649,ad,
IL6ST,,-1.1532708069215012,ad,
SPCS1,,-0.7673496241240443,ad,
AP3M2,,-1.4189230762182632,ad,
TUBB,,-2.0960145836480155,ad,
CNDP2,,0.4577036450044307,ad,
FBXL17,,1.825156337555411,ad,
PSMA1,,-1.4202418828579955,ad,
SPTLC1,,-0.43105510968440974,ad,
CKB,,-0.6682693537752122,ad,
FAM155A,,0.7138577527810313,ad,
FBXW12,,1.5330041007886237,ad,
WBSCR17,,-0.9031288479501551,ad,
ZFYVE21,,-0.6603742699244375,ad,
ICE1,,-0.6691784897885871,ad,
ENTPD6,,-0.7899666957144298,ad,
IRF2BP2,,1.2675491468326818,ad,
BIN1,,-0.6573426399377311,ad,
ELAVL3,,2.893354891728521,ad,
CBX1,,-1.0962005174047142,ad,
ANKRD46,,-0.8462353497635888,ad,
TLE4,,0.7595436854245605,ad,
CGGBP1,,-0.5723517592202061,ad,
NDUFAB1,,-1.364295207317948,ad,
PPP2CA,,-1.0822055771209822,ad,
ARPP19,,-1.3658069539123598,ad,
PAIP2,,-0.9046249559345529,ad,
DAPK1,,-1.302115615523956,ad,
FAM169A,,-0.7964063477551626,ad,
EIF4H,,-1.0672936826538333,ad,
C15orf61,,0.7984798371910085,ad,
SIPA1L1,,-1.1604529193500035,ad,
NR3C1,,0.8878965348048169,ad,
OPA1,,-0.6579756230312874,ad,
MT3,,-0.9114576657029154,ad,
EPDR1,,-1.2825953857526304,ad,
LRPPRC,,-1.1676129943614395,ad,
TCF25,,1.186294140484101,ad,
SULT4A1,,-1.6683546645267402,ad,
N4BP2L2,,1.0153199585705561,ad,
SRRT,,0.5080701338321827,ad,
PTPRF,,-1.1577478742913634,ad,
HNRNPM,,-0.6675288837003333,ad,
UBXN2A,,1.3517338327170467,ad,
HMGCS1,,-1.1674579295552032,ad,
ERH,,-1.009488955493401,ad,
DAAM1,,1.6308839463790772,ad,
HMGN2,,-1.2904349729337028,ad,
GARS,,-0.7961343645762149,ad,
DQ570096,,-0.6110465893084438,ad,
GABARAPL2,,-1.240967097915938,ad,
TOP2B,,0.6510817040661774,ad,
INA,,-1.3189050400119982,ad,
ATP6V1G2,,-1.1147045240733569,ad,
TCERG1,,-0.6994847251864602,ad,
ROCK2,,-0.8764485413814498,ad,
SVOP,,-0.9525111070404684,ad,
SUSD4,,-1.3092679752189404,ad,
TPRG1L,,-1.032003543907118,ad,
GOT2,,-0.8599282070909542,ad,
SRP9,,-0.8997807686794115,ad,
CLASP1,,-0.685638307384016,ad,
ABCD3,,0.6273171908899791,ad,
MIF,,-1.3968559730597274,ad,
KIF1A,,1.271467781259691,ad,
SEC31A,,-0.7555923620464462,ad,
CADPS,,-1.46838429794024,ad,
CAPZB,,0.7581455558004944,ad,
ATXN7L3B,,-0.9861634066046552,ad,
PCDH17,,0.7848593843031679,ad,
SHANK3,,1.270535195170785,ad,
GSTA4,,-0.837060119129946,ad,
SSU72,,0.4233917634373867,ad,
SERPINE2,,1.0208449056649673,ad,
HDHD2,,-0.8504672154221247,ad,
LCMT1,,-0.7712712897923648,ad,
ENSA,,-0.682129414924141,ad,
DDX1,,-1.2738141346785632,ad,
HN1,,-0.8716006831708967,ad,
USP14,,-0.5265718205437153,ad,
ANGEL2,,0.5598652975669598,ad,
MAGI2,,0.4886343319180586,ad,
GLG1,,1.554047338385672,ad,
RAD23B,,-0.7404296988527719,ad,
HS6ST2,,1.115413482737166,ad,
HNRNPU,,-1.1625572164221794,ad,
TALDO1,,-1.4667497396481615,ad,
RHBDD2,,-0.7477944325997434,ad,
LDOC1L,,-0.6434482630611438,ad,
SECISBP2L,,1.192268997402115,ad,
UXS1,,-0.9615201815196279,ad,
STX12,,-0.7318744644891915,ad,
PITPNA,,-0.6817328406613878,ad,
RAI1,,1.075832065488699,ad,
PRDX1,,-1.9837643394653561,ad,
RAPH1,,0.7720609727643044,ad,
FZD3,,1.0248733220527946,ad,
COPRS,,-0.566886958248837,ad,
TTC19,,-1.8493894552442498,ad,
APPBP2,,-0.5517676182035611,ad,
LINGO1,,0.7937941557547195,ad,
DHCR24,,-2.198344602047465,ad,
MGAT5,,-0.5562727111517827,ad,
FAM220A,,-0.7552731347769512,ad,
PEX5L,,1.742417434920906,ad,
EFNB2,,0.5058682452062655,ad,
CCSER2,,-0.9889976261897058,ad,
XRCC6,,-1.520088409760083,ad,
HNRNPH3,,-0.619994340755575,ad,
NDUFA1,,-1.910247536068633,ad,
INTS10,,-0.8154573173466613,ad,
CUL3,,-1.5355115817953617,ad,
KTN1,,0.5994263794187251,ad,
CAB39,,-0.8802737098139364,ad,
TRIM8,,0.7583306731063999,ad,
RRAGA,,-1.1141457793430494,ad,
GSK3B,,-0.9220253348592635,ad,
ACOT7,,-0.9364721295015652,ad,
CSNK1D,,-0.6900700827452813,ad,
ANKH,,-0.9019573515197354,ad,
TMEM246,,-1.0778881454275808,ad,
NTRK2,,-1.5537210196438256,ad,
NDRG4,,-1.4226678734601883,ad,
UBR5,,0.6267541451963936,ad,
HAUS2,,1.2483922624781307,ad,
TMED2,,-0.7379525052556399,ad,
HNRNPK,,-0.6885097982647856,ad,
CHCHD2,,-1.2236994847912488,ad,
TBCB,,-1.1894023401597362,ad,
GUCY1B3,,-1.3065236098037882,ad,
REPS1,,-0.9080318940939929,ad,
DDX3X,,-0.7517722832553702,ad,
RASGRF2,,-1.1599036667167724,ad,
CASKIN1,,0.9877008051463552,ad,
XPNPEP1,,-0.5527439485365377,ad,
NAA60,,0.7166236134611346,ad,
KLHDC2,,-0.6893795078151452,ad,
UBR2,,-0.544129651007065,ad,
UNC13C,,-1.471218418051805,ad,
PHF1,,0.9915123093023528,ad,
LOC100289333,,1.3704998427091049,ad,
RUNX1T1,,1.2229001538363793,ad,
FARSB,,-0.610602708314536,ad,
FBXL5,,-0.7688845916636531,ad,
COMMD7,,-0.42360269741528533,ad,
ST3GAL5,,-0.5161908120591026,ad,
ATF7IP,,1.4549448693729712,ad,
AURKAIP1,,-0.6851664808512528,ad,
CAMTA1,,0.5337047777182509,ad,
MORC2,,0.7794260510621047,ad,
CETN2,,-1.0623526008884117,ad,
FBXO21,,-0.7932617618889406,ad,
AHSA1,,-1.245182416892419,ad,
SSR1,,0.5988574755130873,ad,
CDC42SE1,,-1.4216073629598664,ad,
DAZAP1,,0.8619459705537018,ad,
ATP5L,,-1.140757306863728,ad,
WDR45B,,-0.5697883435279394,ad,
FAM161B,,1.3330069363344332,ad,
FAM219B,,-0.8981733389062754,ad,
LIN7A,,-0.8527474237528221,ad,
MBD4,,0.5357808531814872,ad,
AMPD2,,0.5068752891155217,ad,
EIF3F,,-0.8605267723244463,ad,
ZBTB7A,,2.212053512716034,ad,
VDAC2,,-1.2949919777245515,ad,
CACHD1,,-0.7322160725014957,ad,
PMP2,,1.818568742548722,ad,
PRRC2B,,-1.358860173713527,ad,
CBX6,,-0.7300540227184751,ad,
INPP1,,-1.114939075033396,ad,
GNG3,,-1.3932142150668962,ad,
SH3RF1,,1.2090932099875271,ad,
KIF3B,,-0.7962861297439972,ad,
MYADM,,-0.6547256170616755,ad,
PI4KA,,-1.0863350052090546,ad,
MKKS,,-1.4074459158854644,ad,
L1CAM,,1.830547676587953,ad,
LINC00537,,1.2194206209958747,ad,
MRPS15,,-0.7117562910596202,ad,
CNBP,,-0.9348895062879237,ad,
ANKRD11,,0.6121258820122986,ad,
TM9SF3,,-0.7575339000729198,ad,
RPL35,,-1.0153609354426827,ad,
DAG1,,-0.7962289782152698,ad,
IGF1R,,0.8847479353817942,ad,
EMC7,,-1.1922166577623283,ad,
RLIM,,-1.2126976479119023,ad,
BCL6,,0.9940133532533846,ad,
SPEN,,0.5869352631141176,ad,
CCT4,,-1.5778065115244093,ad,
TBC1D24,,-0.5319122234629123,ad,
CTB-12A17.3,,1.5436036230103394,ad,
OSBPL6,,-0.8086917889945422,ad,
SLC25A5,,-1.3201638677319973,ad,
MGAT4B,,0.5625307351910003,ad,
HADHB,,-0.8283356860722275,ad,
ARHGEF18,,0.6747064888928094,ad,
ITPR1,,1.1154194950850123,ad,
PTPRM,,-0.5369839248722705,ad,
PLEKHM3,,0.551592419892998,ad,
EIF3B,,-0.7074175995865293,ad,
ATP6V1B2,,-1.6253042316654316,ad,
TIPRL,,1.0445271981806155,ad,
JAK1,,-1.7642674275250965,ad,
SCAMP5,,-1.094130881360968,ad,
VPS13C,,0.9296219586100474,ad,
COX8A,,-0.724933568288245,ad,
NECAP1,,-1.3631306999181518,ad,
SPSB3,,0.6579790538077308,ad,
C12orf76,,-0.9642207300149579,ad,
C20orf194,,-0.49508106810525554,ad,
SUPT7L,,-0.6981286999886471,ad,
CREBBP,,1.3974117863103146,ad,
CRBN,,-0.5369620346423911,ad,
AP2M1,,-1.3948868262192118,ad,
RAB22A,,-0.8770655524076041,ad,
ALDH3A2,,-1.098119054653509,ad,
KCNMB4,,-0.6407385042393319,ad,
SLC39A10,,-1.5872297749392654,ad,
HDDC2,,-1.4909722627310167,ad,
DNAJC5,,-0.9848224309385785,ad,
PPFIBP1,,2.2293056097342117,ad,
SAFB2,,1.0770443772495373,ad,
PDCD6,,2.2015997007003207,ad,
ACSL6,,-0.6714521612497357,ad,
HSPA9,,-1.2770561833791447,ad,
CRMP1,,-1.5846373312981932,ad,
MTURN,,-2.24290087822971,ad,
RNMT,,-0.9775257490419111,ad,
KLC1,,-1.8011563191939715,ad,
ABLIM1,,-1.3213983346745728,ad,
SH3YL1,,-0.6870829688808442,ad,
TSN,,-1.1391289442185357,ad,
POMP,,-0.8250354186411712,ad,
HNRNPA1,,-0.661436479596988,ad,
MEF2A,,-1.0538095476441889,ad,
NHLH2,,1.1910313314221774,ad,
DCTN4,,-0.7207859759735982,ad,
LAMP5,,-1.1904336808358789,ad,
OPTN,,-0.7486078736033992,ad,
SRSF6,,-1.1299861910873936,ad,
PHF6,,1.5196555970866967,ad,
DTX3,,0.630103979210471,ad,
C11orf96,,1.3966894247937365,ad,
SIPA1L2,,-0.7174112370647823,ad,
ACTR10,,-1.1813720394561482,ad,
PFDN2,,-1.2661631471301682,ad,
TRAM1,,-0.4530070687547152,ad,
CNOT2,,0.6817518014030082,ad,
NUDT21,,-1.307945072865163,ad,
GPI,,-1.44045708261371,ad,
PRPF40A,,1.1067377190293914,ad,
PSMG2,,-0.6528932671950134,ad,
DARS,,-0.5641648201215848,ad,
RPL8,,-1.4386583761769742,ad,
RHOA,,-0.8647555478697235,ad,
CHORDC1,,0.9751998989380777,ad,
KMT2A,,0.6294264131504068,ad,
EVL,,-0.5942374166614055,ad,
FH,,-0.9128001475138365,ad,
STX7,,-0.776750452545194,ad,
P4HTM,,-1.4350523148467964,ad,
SNRPD2,,-0.830697956106091,ad,
RGS7BP,,1.7598682938222492,ad,
PLEKHA5,,1.13396687921575,ad,
PHB2,,-1.3008447578866331,ad,
ZBTB41,,0.9432915571155416,ad,
SLC16A14,,-0.9250508858549846,ad,
CBX5,,1.2154396748793115,ad,
TARDBP,,-1.1625261181342434,ad,
NCALD,,-1.5642732679710711,ad,
BTBD10,,-0.904804532258856,ad,
LRRC8D,,-0.8729891732951671,ad,
RBM8A,,0.6912479597573391,ad,
DDX59,,1.5460030252459322,ad,
CAPRIN2,,-1.4802596308920268,ad,
CHSY1,,0.5915662654290337,ad,
TUB,,-1.5255418322509566,ad,
CBFA2T2,,1.653913030928818,ad,
EIF4G3,,0.9140928364964722,ad,
RPL36AL,,-1.1889457571666462,ad,
DDX42,,-0.8684604680660275,ad,
MRPL9,,-0.7692190623309418,ad,
DTD1,,-0.777042518729532,ad,
IPO8,,-0.474476922751073,ad,
RBBP6,,0.6947657605602782,ad,
UGP2,,-1.4488351184747277,ad,
ADCYAP1R1,,-0.8278304392591185,ad,
TAF7,,-1.1396579360715755,ad,
TSPAN31,,0.823906822627178,ad,
MEF2C,,-1.5585539332163219,ad,
MSL1,,-0.44643611337941635,ad,
GNPAT,,-0.4634545333897204,ad,
PINK1,,-1.13254294162736,ad,
SAMHD1,,0.6926582410047306,ad,
BRWD1,,-1.2864974534135172,ad,
NHP2,,-1.110389919099946,ad,
NSMAF,,-0.693193767292998,ad,
RBM26,,-0.8688206482577883,ad,
GABARAPL1,,-0.9522056882271777,ad,
VPS52,,0.7162212219997492,ad,
KIAA1841,,1.2114867635022737,ad,
NMNAT2,,-1.7229416440014678,ad,
EFR3B,,-1.202157898119502,ad,
ZFYVE20,,-0.7425381516853928,ad,
GUCY1A2,,1.1439809869804254,ad,
DDX27,,1.1692765778391632,ad,
HCN1,,1.0220411841797699,ad,
CYLD,,-0.6764011579965441,ad,
IKBKAP,,-0.708356921147395,ad,
IMPAD1,,-0.7419922883516517,ad,
AKAP9,,-0.4347000556563039,ad,
BICD2,,0.8779388942596444,ad,
MAST4,,1.0465696713395065,ad,
LPHN1,,0.629442285934191,ad,
NADK2,,0.9841730687716908,ad,
BCL10,,0.7719652776727024,ad,
TSG101,,-1.2080093097338267,ad,
AHCTF1,,0.596119974972904,ad,
ABCA3,,-1.1294630802061327,ad,
DCUN1D4,,-0.8091421421765226,ad,
PPP1R12A,,-1.0365258671631832,ad,
MEF2D,,1.0649550399284813,ad,
BCAP31,,-0.7042868429030502,ad,
IDI1,,-0.9973182878535631,ad,
FBXO11,,0.6573241026178742,ad,
MUT,,0.8292359704705827,ad,
CBX4,,1.2090556491544344,ad,
ANKRD36,,2.4974774691346617,ad,
COMMD3,,-0.7297449847338715,ad,
DOPEY1,,-0.7271335849737923,ad,
MARCH7,,0.6065434485186572,ad,
ZCCHC17,,-1.253702834248605,ad,
NCL,,-1.0106150379113803,ad,
IDH3A,,-1.701299939381304,ad,
ADARB1,,-1.6378980002749692,ad,
FIG4,,-0.9853306259930399,ad,
NR2F1,,0.8637719359305489,ad,
ZC3H4,,-0.4300687081177834,ad,
ZMAT3,,1.3331893066033036,ad,
BCL11B,,1.404627042300401,ad,
MADD,,-1.0287337499638145,ad,
LRP1B,,0.720694101356905,ad,
CNPY2,,-0.8878834728816809,ad,
LSM4,,-0.7067456386259465,ad,
SLC25A23,,0.8247743228862117,ad,
ZFPM2,,-1.1931718698946074,ad,
NDUFB5,,-1.0719726688090034,ad,
POGZ,,-1.1272462060092039,ad,
NRD1,,-0.8045786087981597,ad,
ABCC10,,1.5293945210827182,ad,
CFDP1,,-1.1909805459308611,ad,
RAB18,,-0.9849246711147241,ad,
FAM217B,,-0.7040070947836625,ad,
ATP6V1C1,,-0.64493343099101,ad,
TOB1,,0.8286844018544706,ad,
UFC1,,-1.267347016588385,ad,
EXOC4,,-0.6229442258087534,ad,
KLHL12,,-0.7330549208243902,ad,
FAM162A,,-1.8696376127997283,ad,
CCDC47,,-1.304115662789064,ad,
DSTYK,,-0.5998677816079994,ad,
MAT2B,,-0.9345695099321176,ad,
UQCR10,,-1.4150871492494286,ad,
NRGN,,-1.3503511693873325,ad,
BAG5,,-0.8785652473739951,ad,
MRPL32,,-0.8175243642054415,ad,
RIMBP2,,-1.1148934378125492,ad,
PDS5A,,-0.3782185533177991,ad,
PSMB2,,-1.2203073192086862,ad,
UBE2D2,,-0.8177965393728943,ad,
PPP4R2,,0.7023223547803603,ad,
GGNBP2,,-1.1467032277868885,ad,
HAGH,,-1.7493334965897915,ad,
MEGF9,,-1.27841102285662,ad,
GOLGA3,,-1.0317192656794898,ad,
CMPK1,,-1.1521022108239496,ad,
TCEA1,,-0.5300323238109304,ad,
PFDN5,,-1.6837106325646474,ad,
CEP85L,,1.1777968093449402,ad,
PIK3R2,,0.5676962849335325,ad,
PHACTR3,,-0.6719781894121049,ad,
VTA1,,-0.9233196016206833,ad,
ZC2HC1A,,0.6692833675440095,ad,
DNAJA4,,-1.7957593107106966,ad,
AARS,,-1.171463899879166,ad,
NOL4,,1.1493473441702555,ad,
SEMA4C,,1.2043600608918315,ad,
MINK1,,2.120199392295813,ad,
G3BP1,,0.7014367701567448,ad,
NDUFA13,,-1.8556914797152597,ad,
UBE2N,,-0.8761583758974893,ad,
GRIN2B,,1.6132645006371558,ad,
RIOK3,,1.500102189351992,ad,
EPC1,,1.7418223976883027,ad,
ZKSCAN1,,-0.6989560014889484,ad,
FGD4,,0.5061992503645651,ad,
CAMK1D,,0.6544692697930081,ad,
CTDSP2,,0.5271056011160908,ad,
TRMT112,,-1.0254276614375932,ad,
TOMM34,,-1.205757657344103,ad,
SCN2B,,-1.6881035615513653,ad,
BMPR2,,-1.0878098403529624,ad,
RABEP1,,-1.4412429033953185,ad,
AP2S1,,-1.114389673173017,ad,
C14orf166,,-1.528523170984979,ad,
SAP18,,-2.0880814701481007,ad,
THOC1,,-0.8521944337556171,ad,
GABBR1,,-1.5398390615500013,ad,
EIF3H,,-1.3484290153049745,ad,
NSL1,,1.402831541834816,ad,
PPP1R7,,-1.083617029671144,ad,
SLC25A46,,-0.920276311699979,ad,
SOX2,,0.9007310038102112,ad,
RNFT2,,-0.8632077790792021,ad,
NDUFA2,,-0.8583583479150274,ad,
RAB39B,,0.806471306953048,ad,
NAPEPLD,,-0.7052182734288035,ad,
COL4A3BP,,-0.6759005541528467,ad,
CSNK1G2,,0.7291453554515819,ad,
NME1,,-1.644053970935353,ad,
TAOK3,,-0.7679917172932953,ad,
GNA11,,0.8101187716414415,ad,
POLR2I,,-0.5794358187315716,ad,
COA5,,-0.7896251596294519,ad,
NR2C2,,-0.5436887871010292,ad,
MMP16,,-1.0570485607219364,ad,
ZNF302,,0.9872544789754514,ad,
VMA21,,-1.0314958148764735,ad,
ADI1,,0.5877531605636506,ad,
SPATS2L,,-0.6991647687771092,ad,
RNF150,,1.0604288550402998,ad,
VPS53,,-0.6666855786990098,ad,
MAPKBP1,,1.3386881235661345,ad,
RNF34,,-0.914641227282246,ad,
KANSL1,,0.7605201062726934,ad,
VPS51,,-0.6059811640162867,ad,
KDELR1,,0.845614412379442,ad,
PSMB7,,-1.6412701098369062,ad,
EIF3K,,-1.2280861783596162,ad,
MAP3K9,,-1.310668151424208,ad,
CHMP4B,,-1.2610690881301334,ad,
ZBTB21,,0.5482555649141556,ad,
FAM198B,,0.920427830366318,ad,
TDP2,,-0.7258682603745132,ad,
LARP6,,-0.960298536421794,ad,
AJAP1,,2.2330796506594286,ad,
NT5C3B,,-0.38489639080016147,ad,
SRP72,,-0.861001451136822,ad,
ATP9B,,1.2867840806406736,ad,
CEBPD,,1.2160413158241834,ad,
ING5,,0.5599439412705589,ad,
MOB4,,-0.8264161880117697,ad,
KBTBD6,,-0.919360283610656,ad,
RB1,,1.0000018716109462,ad,
FAM134C,,-0.7631161803644329,ad,
BRD2,,0.9327285863937682,ad,
GLRX5,,-0.5956254571991639,ad,
DOCK10,,-1.48972330336251,ad,
FAM73A,,1.023244125790761,ad,
NHP2L1,,-1.7454346708550847,ad,
FBXO33,,0.66080127030075,ad,
NDUFB10,,-0.8607539717173545,ad,
FAF2,,-0.665302192356819,ad,
PRPF8,,-0.3952660251654301,ad,
ZFR2,,0.8078770359148919,ad,
WARS,,-0.9343033960134566,ad,
RNF175,,-1.2583786929172334,ad,
UBXN4,,1.587168640994257,ad,
ZBED5,,-0.8646461307443296,ad,
TOLLIP,,-1.1403670083299726,ad,
CDH8,,0.7671723267741921,ad,
PSMB5,,-1.2306126079305084,ad,
APOPT1,,0.9853278790200992,ad,
TMEM167B,,-1.062613752173391,ad,
CTNNA2,,-0.9241430389301719,ad,
KMT2E,,1.037727213906173,ad,
SBF2,,0.9129742883191625,ad,
TDRD9,,1.4744811314903234,ad,
JAKMIP1,,-0.7984705387737865,ad,
KBTBD11,,-1.5228349988554015,ad,
TP53BP1,,-0.5365982266593452,ad,
METTL3,,-1.2170236072869418,ad,
TNPO3,,-0.6138938777851912,ad,
SARS,,-1.3766151937681403,ad,
SRI,,-0.9954068387513821,ad,
TBCE,,-0.6160924489479633,ad,
ATP6V0B,,-1.090840757682031,ad,
SLC7A14,,-1.4966742630577041,ad,
STT3B,,-0.7548713021683309,ad,
ESYT2,,0.560111337617224,ad,
CASD1,,-2.0830094247959146,ad,
FAM192A,,-0.48268672879345687,ad,
FAM102B,,-0.9825560608061767,ad,
PHACTR1,,-0.5496974556466601,ad,
ANKDD1A,,0.9193739789950719,ad,
ANKMY2,,-1.4081328109295672,ad,
ORC5,,-0.97176338537931,ad,
LRRC49,,-1.2102234475439833,ad,
NKIRAS1,,-0.6850130473880824,ad,
ITSN1,,0.4134133185293489,ad,
PPP2R5E,,0.7777527229587413,ad,
WDR61,,-0.9054414939429556,ad,
STRBP,,0.9734673906796285,ad,
ASPHD2,,0.9254749583058413,ad,
NDUFA10,,-1.823069559927042,ad,
ZNRF1,,0.6337355473238571,ad,
NFIC,,1.8156879497611857,ad,
ZFAND2A,,-0.9456251319339231,ad,
ATP5G2,,-0.8765714030045455,ad,
CWC27,,1.2104767258241313,ad,
C6orf89,,-0.6920231001443842,ad,
LGALS8,,-0.7725678598505379,ad,
DAP3,,-0.6302067567801934,ad,
WDFY3,,-0.7832572491288126,ad,
TAF11,,0.43385292740458503,ad,
ACP1,,-0.930251847041303,ad,
HNRNPL,,-0.6089422232829271,ad,
KANSL3,,-1.0924039592244963,ad,
ZNF248,,-1.0777661254027908,ad,
DNAJC1,,1.3431149146123786,ad,
CAST,,-1.0118359881770065,ad,
MSRB2,,1.418858583030497,ad,
GATAD2B,,0.9638191427281892,ad,
WDR19,,-0.8655516616787171,ad,
LPP,,1.5088099027275312,ad,
GNL1,,-1.0780805932874813,ad,
SQSTM1,,-0.6589388176099789,ad,
MAP1LC3B,,-1.0670427307428572,ad,
PIN1,,-0.44642569915678365,ad,
ALKBH5,,-0.6446979879967021,ad,
MRI1,,0.6470491565564185,ad,
NIPSNAP1,,-0.6949877937920359,ad,
PPP1R11,,-0.795245809034494,ad,
GZF1,,-0.7004463103126657,ad,
UBR7,,-1.1660890286817533,ad,
DOK6,,0.8993325522367517,ad,
CCND2,,-1.732124093233928,ad,
TIMMDC1,,-1.2034093420681256,ad,
DBN1,,0.8120853115653013,ad,
CCDC88A,,-1.5038782756288818,ad,
TOR1AIP1,,-0.6141256945944527,ad,
HMGN4,,-0.5948153613248177,ad,
LMO2,,-1.1025122730091166,ad,
SDHA,,-1.1566460142194277,ad,
LATS1,,1.0744824678536666,ad,
UBFD1,,-1.4032527721769466,ad,
RP11-2E11.9,,-0.7839243210661362,ad,
TULP4,,-0.647129812276404,ad,
NIPBL,,0.8632820660153815,ad,
SFT2D2,,1.0140200540395607,ad,
MESDC2,,-0.5983219794140986,ad,
PRDM2,,-0.9999601151921453,ad,
ZNF827,,1.1966751249600662,ad,
FAM168A,,1.3180495688354785,ad,
BRK1,,-0.5412080464937681,ad,
GALC,,-0.8049046227956289,ad,
RPS6KC1,,-0.9868983406808276,ad,
ELL2,,-1.0839912237538822,ad,
VPS41,,-0.8259766261547004,ad,
PPIB,,-1.3203822684830193,ad,
SUZ12,,0.7931501334408733,ad,
IPO9,,0.4212864519159698,ad,
GLUD1,,-1.6262072832799799,ad,
TRAP1,,-0.46594479686278056,ad,
ANKRD9,,0.7995844291962193,ad,
RNF157,,-1.5556978253208253,ad,
KIAA1045,,-0.8145222545334274,ad,
FRA10AC1,,-0.5538757356619488,ad,
FGFR1OP,,0.6489283190870658,ad,
ATRN,,-0.9771672590120506,ad,
MTPAP,,0.5562831539169171,ad,
LIPA,,-0.9962313360063746,ad,
FUS,,-0.6892903591802604,ad,
PRDX3,,-1.3053703848088425,ad,
WDR26,,-0.7717510005281074,ad,
AFTPH,,-0.5925329982239464,ad,
UGCG,,-1.0027920191413244,ad,
MAOB,,-0.7830857120091803,ad,
ASPH,,0.5332980631116531,ad,
UQCRFS1,,-1.3500882126794078,ad,
PHAX,,0.7742638006258122,ad,
PSMC5,,-2.576680311679646,ad,
FUNDC2,,-0.8802889254736339,ad,
DLG3,,-0.9026239167906827,ad,
SRP68,,-0.7830605621585711,ad,
GALNT18,,-1.3028915788994677,ad,
LMBRD1,,-1.5636936475607328,ad,
PRKRIR,,-0.6882888488317871,ad,
PUF60,,-0.42477562259652757,ad,
PCSK5,,1.424549114010393,ad,
FAM32A,,-0.7510262379958217,ad,
ATP6AP1,,-1.29938370049042,ad,
PRPF19,,-0.6446809736636165,ad,
CUEDC2,,-0.6306650726197329,ad,
REXO2,,-0.72051387214022,ad,
PHLPP2,,-1.4112657582516963,ad,
PIP4K2B,,-0.9785894408266547,ad,
NUDC,,-0.6951289985496185,ad,
ACO2,,-1.2662345102310404,ad,
MEX3C,,0.821956901021327,ad,
PGRMC2,,-0.7381073836309717,ad,
LEPROTL1,,-1.2170675567331681,ad,
SLC12A6,,-0.4546356218862915,ad,
TFE3,,0.6354811446329656,ad,
UBE2D4,,1.1219763460201548,ad,
NSA2,,-1.2512569114778405,ad,
HIVEP3,,0.98293626762554,ad,
BCAT1,,-0.9248092178405241,ad,
CAMKK1,,-1.0928499565476333,ad,
NDUFV1,,-1.2002755381610601,ad,
COPS6,,-1.0656740551268893,ad,
SYNRG,,0.5827136812397935,ad,
FAM65A,,0.5584936381541663,ad,
DNAJC8,,-0.8024602327550063,ad,
SLC39A9,,-0.7974617210055346,ad,
ACTR1A,,-0.9661597492326148,ad,
LYST,,-1.1234120334234419,ad,
TTBK2,,1.947121233676624,ad,
PACS2,,1.1691161470300777,ad,
FAM172A,,0.6151511749712189,ad,
RNF4,,-0.765861022294196,ad,
GOPC,,-0.6566406223721284,ad,
NAA20,,-1.2570559020210226,ad,
ADSL,,-0.82490147102307,ad,
IFFO1,,0.4714515545581559,ad,
CTNNB1,,-1.1664445246257067,ad,
MAU2,,0.808290006229397,ad,
MMADHC,,-2.0379930023220103,ad,
TSC22D2,,0.9918711642502736,ad,
U2AF1,,-1.9459372435131819,ad,
UNKL,,1.0868067004199027,ad,
TRIP12,,0.7216514656777964,ad,
REPS2,,-1.234431741121064,ad,
CCDC132,,-1.299238985053842,ad,
MICU1,,-1.2067712564932869,ad,
CNOT4,,-0.5920825568312438,ad,
SRGAP2C,,1.4040372128109198,ad,
AP1M1,,-1.0159738704531378,ad,
USO1,,-1.0591382937631906,ad,
PSMD11,,-0.7586518415164711,ad,
RAB21,,-0.8129363445187892,ad,
STAU2,,-0.6577489168910375,ad,
JKAMP,,-0.7971565087936856,ad,
FKBP11,,0.7883262044385138,ad,
ZNF585A,,0.8756103864410996,ad,
KCTD16,,1.202061793272165,ad,
CD200,,-0.8137486707105541,ad,
NUP133,,-0.5585990742001332,ad,
TIAL1,,0.5482943001117864,ad,
IMMT,,-1.7082033702385395,ad,
RCOR3,,-1.2234273337256294,ad,
STRN,,0.8584749776119303,ad,
IAH1,,0.49343456925480034,ad,
ETV5,,-0.714197110312023,ad,
FAM175B,,-0.6953756382404173,ad,
ATP8B1,,1.7755230413818666,ad,
MKNK1,,1.414212087117395,ad,
AKR1B1,,-0.9089308486857686,ad,
PLEKHA6,,0.5826386841088311,ad,
C10orf35,,-0.7306144648005244,ad,
NUP93,,-0.9819256926996509,ad,
PDCD6IP,,-0.9973229147056539,ad,
CSMD2,,1.2124452474508107,ad,
SNRNP25,,-0.7539263769328279,ad,
ZNF611,,1.252358260295816,ad,
FARP1,,1.1638976080911796,ad,
KAZN,,1.2867442982179753,ad,
IP6K2,,-1.5438417159618343,ad,
THYN1,,-1.6202484951702036,ad,
BACE1,,-0.9408433597242762,ad,
PPM1H,,-0.7227721919120835,ad,
NBR1,,-1.1656300053239885,ad,
LINC00674,,1.0622540452011417,ad,
AMZ2,,-1.9421298368432147,ad,
BRD3,,-0.7546408296101159,ad,
LPHN3,,-0.9057346278871474,ad,
ZNF148,,1.2602583494844453,ad,
EPS15L1,,1.0957996444089808,ad,
MRPS35,,-0.5187096648190135,ad,
SOS2,,0.46320953834515244,ad,
BRMS1L,,-0.8187956367805302,ad,
SS18L1,,-0.670371523921439,ad,
C1orf115,,-1.6437414006551538,ad,
PIKFYVE,,-1.2748103077998234,ad,
CSGALNACT2,,0.9697849619922998,ad,
YLPM1,,-1.537610391715857,ad,
FABP5,,-1.5445830554128968,ad,
EIF2AK1,,-0.9709554727070699,ad,
PDGFA,,-1.7764336458759526,ad,
PSMB3,,-1.820498812080917,ad,
FBXO34,,-0.9872801450941626,ad,
HAX1,,-0.9569829839546582,ad,
EWSR1,,0.6812632054059176,ad,
BCAS2,,-1.0527386376389352,ad,
SH3PXD2A,,-0.7246081589636102,ad,
NDUFS3,,-1.4952428815411274,ad,
ATG12,,1.042048206266898,ad,
LSM1,,-0.8939631654513249,ad,
STEAP2,,-0.7588869416068569,ad,
ACACA,,-0.9858941078608652,ad,
ZNF791,,1.0423454332822129,ad,
GOLGA7,,-1.180812167723861,ad,
PROSC,,-1.4890736668105298,ad,
KIAA2018,,0.9961037833253705,ad,
WDR54,,-0.6398718575508688,ad,
DUSP7,,0.5146986571600696,ad,
ALMS1,,1.6831498107529494,ad,
ZFC3H1,,-1.1169653275770983,ad,
CEP164,,1.036125355799145,ad,
CRELD2,,-0.9922434569373522,ad,
VPS16,,-0.986485031099841,ad,
HEATR5B,,-0.8049197032936242,ad,
VTI1B,,-1.07897179368927,ad,
NEUROD1,,1.5622630505265018,ad,
LETMD1,,-1.2297569455195152,ad,
RP11-469M7.1,,-0.6540507141193199,ad,
UTP18,,-0.848092786162999,ad,
ZBTB47,,0.6673085676400916,ad,
SPG20,,0.7707619478510495,ad,
RALGAPA2,,1.4389322479427946,ad,
PHTF2,,0.5686053095703176,ad,
ZNF573,,1.3969004786509718,ad,
EPG5,,0.8355707070825282,ad,
AP4B1,,-0.6320684260627196,ad,
MAP6,,-0.7475499341962095,ad,
MAFG,,0.6144699052216271,ad,
PRPS1,,-1.2059168988070894,ad,
BSN,,-0.9123416081832687,ad,
VGLL4,,-0.6522647216025099,ad,
ADO,,0.4540847440849305,ad,
SIN3B,,0.9934133684403825,ad,
CAPRIN1,,-1.1275365894484555,ad,
SYF2,,-0.6144113296354252,ad,
NARF,,-1.0136493617369702,ad,
EMC4,,-0.933019349361297,ad,
BRAF,,-0.9850692846337896,ad,
SLC16A7,,1.0383529547327228,ad,
SLC30A1,,-0.8539355521586423,ad,
PDCD7,,0.479542464265025,ad,
C6orf120,,-0.7370093331258953,ad,
DUSP6,,1.0423060469103937,ad,
CCNY,,1.5642480109945467,ad,
POLR2L,,-0.7269323859687074,ad,
HLTF,,-1.0090275174670467,ad,
TARSL2,,-0.8142927549832937,ad,
NUB1,,-0.470662094349672,ad,
THAP9-AS1,,-1.076213552672833,ad,
IDH3B,,-0.8575429111237547,ad,
RMDN3,,-0.3457942380386303,ad,
HIC2,,1.2197292336609742,ad,
GPHN,,-0.990259637874976,ad,
KAT6B,,1.427233153304332,ad,
C12orf4,,-0.5926509861734548,ad,
CCT7,,-1.9581567319339115,ad,
ANKRD10,,-1.0016737201529686,ad,
PHPT1,,-0.7545703388795904,ad,
RPA1,,-0.9204725873386259,ad,
RALGAPB,,-0.9636516643973874,ad,
CSTF3,,-0.7732792190411573,ad,
PSMD12,,-1.1482744489838765,ad,
FDPS,,-1.1214277000275956,ad,
GLTSCR1L,,0.8818712950653644,ad,
SMAD1,,0.7525082383263619,ad,
PSMD10,,-1.1241986565563327,ad,
NAE1,,-0.9330796771068819,ad,
DENND5A,,-0.6425738576067559,ad,
UTP6,,-0.6764511722828122,ad,
ATG5,,-0.7399542790755174,ad,
C5orf22,,-1.1265153474073237,ad,
CHCHD7,,-0.6782433931077367,ad,
SP4,,1.0665261454277903,ad,
ASH2L,,-0.7884114049649895,ad,
OSBPL9,,-0.7457131092240186,ad,
ARID1A,,-1.394865387813942,ad,
TXNRD1,,-0.92284600396607,ad,
SULF2,,-1.6934073582335305,ad,
SLIRP,,-1.428426077533235,ad,
NSUN6,,2.324258845774243,ad,
ZMAT2,,-0.5958002966995313,ad,
RHOQ,,1.1639614410520664,ad,
LGALSL,,-0.6860673242054798,ad,
CHMP2B,,-0.6595826776747487,ad,
FAM189A1,,0.8001476987063096,ad,
HYOU1,,-0.534740470560708,ad,
CLNS1A,,-1.0669988038822158,ad,
YEATS2,,-0.4694430463506496,ad,
RNF7,,-0.8467487660591857,ad,
KIAA2026,,0.7070486090778001,ad,
TUFM,,-0.9464102730597723,ad,
BTRC,,-0.7038845732527719,ad,
RNPC3,,1.8084599484892845,ad,
WNK1,,0.7629712336999699,ad,
CDC123,,-1.3135734866790756,ad,
ETF1,,-1.4913895097749492,ad,
PRMT2,,-0.9333947666831843,ad,
PYGB,,-1.634398603499907,ad,
MANBAL,,-1.1587137101104936,ad,
LOC93622,,-0.83972687032289,ad,
NAP1L4,,-0.5619221189720918,ad,
TMEM205,,-0.9399676717038066,ad,
UBE2W,,0.574960127512508,ad,
RALBP1,,1.662446742701583,ad,
GFM2,,-0.8227669767248287,ad,
NIPA1,,-0.6853360752931952,ad,
MAPK14,,-0.8504873076700559,ad,
COASY,,-0.34974106050491294,ad,
TMEM155,,-1.0075765547500257,ad,
RBX1,,-1.3883274967931314,ad,
RUNDC1,,-0.8859379679089088,ad,
DKFZP761C1711,,0.9231991470354206,ad,
PPFIA4,,-1.3240293690465137,ad,
CDK10,,0.9894912664000746,ad,
LRCH3,,0.8036451220916963,ad,
ASB13,,-0.44989238640927454,ad,
PAPOLG,,0.7073276961704771,ad,
BBX,,2.2122550929615414,ad,
STRADB,,-0.6381725797538635,ad,
DCTN2,,-1.269824387938474,ad,
TRIAP1,,-0.6368188387802647,ad,
PITRM1,,-1.474247865291522,ad,
PSPC1,,-0.5435555230861748,ad,
CREBRF,,0.8106417239665422,ad,
UBAP2,,0.6880546383999349,ad,
LMLN,,1.2912522027924958,ad,
TMEM178B,,-1.7948633904588274,ad,
PSMD6,,-1.2864309406936254,ad,
DDX5,,-0.9339082510834533,ad,
FNIP1,,0.7227330683715749,ad,
BAG1,,-0.506785905549302,ad,
RAF1,,-0.654480616004486,ad,
TESK1,,0.9057536894917178,ad,
POLR2H,,-0.5389638439071778,ad,
NCK1,,0.37440531795521537,ad,
ATP2B4,,1.348713899133207,ad,
NUP50,,-1.2748730515259314,ad,
LARGE,,-1.230644532850988,ad,
FGF1,,-1.035444644161199,ad,
NEK1,,-0.8296332631137755,ad,
ATP6V0D1,,-1.2143922209033917,ad,
ACVR1C,,-1.2299691751587414,ad,
TMX2,,-0.6922815879968294,ad,
MIR100HG,,-1.0878588969488394,ad,
TMEM59,,-1.083776278495817,ad,
ARPC3,,-1.0682076607199669,ad,
COPS5,,-1.644110068470611,ad,
RTF1,,-1.1094354307974612,ad,
ALS2,,-0.8748174958059902,ad,
PRCP,,-0.9234727905827711,ad,
GBAS,,-0.946484206587991,ad,
LSM12,,-0.834035017957321,ad,
MTHFD1,,-0.9995603273501228,ad,
TKT,,-1.293479799687903,ad,
AP1S2,,-1.2549434477925807,ad,
TMEM222,,0.4546489691123572,ad,
PSMB6,,-1.3089996767557146,ad,
SMIM12,,-0.6270697630140063,ad,
SLC20A1,,-1.166299314743311,ad,
TMED5,,-0.6290930457295882,ad,
GTF2A1,,-0.808510976975434,ad,
APEX1,,-0.9903547174777003,ad,
NDUFA9,,-0.9010186577103028,ad,
BBS7,,0.6177868147513959,ad,
VDAC1,,-1.984203141082351,ad,
KRR1,,1.8729189836224833,ad,
RSBN1,,1.057626694333205,ad,
EIF2S1,,-0.46981548057953226,ad,
FBRSL1,,0.6435523866098904,ad,
CRIM1,,0.9396470607965384,ad,
MEAF6,,-0.7646073144533592,ad,
UACA,,1.2051349389941848,ad,
ZDHHC7,,-0.4753381012081128,ad,
MRPL47,,-0.948461912181493,ad,
TCEA2,,-1.0392051944660334,ad,
SBNO1,,-1.208713933184674,ad,
NBAS,,-0.9008356971652205,ad,
TTC1,,-1.0772531914514492,ad,
PSMD13,,-1.3811054914502332,ad,
YWHAH,,-3.278375079744931,ad,
AHSA2,,0.8391666260846744,ad,
SETD1B,,0.8780573967616618,ad,
GSR,,0.7477713991519828,ad,
RTCB,,-1.0601297149252709,ad,
SSR4,,-0.7060459215177008,ad,
PSMD7,,-0.537920741629744,ad,
MBOAT2,,-0.826106006181563,ad,
DCK,,0.8604597956415034,ad,
COL4A2,,1.1002317061467952,ad,
CHP1,,-1.2072290443720632,ad,
CCDC3,,-1.430245900587643,ad,
ABHD2,,-1.0055029079608566,ad,
SRRM1,,-1.2568223427085012,ad,
BAG6,,-0.4643084125088759,ad,
ZNF462,,1.3555596593073247,ad,
UQCRC1,,-1.9486692033097466,ad,
GNPDA1,,-0.6561871596936975,ad,
NFE2L2,,-0.7332388128769427,ad,
MRPL36,,-0.6541105935071112,ad,
ADAM23,,-1.7271200317537403,ad,
EMC2,,-0.9920102968121185,ad,
OAZ2,,-0.8301424477501929,ad,
RGMB,,-0.8772455201722646,ad,
ATP11A,,0.7547449251666531,ad,
SMURF2,,1.7762647352952197,ad,
TBK1,,-0.8058388980962992,ad,
ZNF503,,1.883272238678133,ad,
ANKRD12,,3.103358566151793,ad,
GPSM1,,1.1963978392030032,ad,
GTPBP8,,1.0784989163772014,ad,
C16orf62,,-0.8649822009933459,ad,
ARCN1,,-1.1791434792171938,ad,
RILPL1,,0.6507124192339759,ad,
KLHL24,,1.3204913890356629,ad,
PRR18,,0.9622153198351278,ad,
LOC100505715,,0.6488564895694413,ad,
IFT22,,-0.610865093931146,ad,
RABAC1,,-1.2181706015169347,ad,
NTPCR,,-0.49315616948587504,ad,
ZNF776,,0.7744458472374731,ad,
DCAF7,,-0.7020694982344615,ad,
TMEM69,,0.7102310971492916,ad,
KLHL21,,1.0323480112894607,ad,
NPDC1,,-1.2784751921178614,ad,
TUBGCP3,,-0.9220639472741556,ad,
JOSD1,,-1.202254426837742,ad,
FAM63A,,1.9082257577932982,ad,
MARK1,,0.8261311551624395,ad,
KHSRP,,1.6637134837076442,ad,
RAB1B,,0.8124947257605619,ad,
UPF2,,-0.7109201202226938,ad,
THAP4,,-0.5823110017969135,ad,
ARHGEF9,,-1.2007656979742372,ad,
PAK7,,0.8367198764036203,ad,
TMEM126A,,-1.0082437934239863,ad,
TRAPPC3,,-0.5183694351246082,ad,
FRMD8,,0.699604633314646,ad,
KLF9,,1.8703769712771434,ad,
RNF41,,-0.820344855695911,ad,
C6orf48,,-0.6063553477602479,ad,
COTL1,,-0.7769192848425401,ad,
TEF,,-0.574776921924224,ad,
PPIG,,0.9290050821999749,ad,
KDELR2,,-1.0768353051909259,ad,
DLD,,-1.555975642769181,ad,
PARP2,,-0.8735380743183647,ad,
IQCA1,,2.291066019665954,ad,
FASTK,,0.9896603291223922,ad,
SH3RF3,,-0.7280714514551523,ad,
SHOC2,,-1.2415717525238499,ad,
FIS1,,-1.49150933198991,ad,
UBLCP1,,-0.797710337411635,ad,
PKN2,,1.3736936495324983,ad,
IK,,-1.6544357441497226,ad,
ARMCX2,,-1.3759359515876133,ad,
NAB1,,-0.45801460018929774,ad,
TM2D2,,-1.2299644410740012,ad,
BRE,,-0.5204682879702549,ad,
CCDC90B,,-0.6378644523701382,ad,
COPZ1,,-0.6869734701756958,ad,
AMIGO1,,-0.7057777497494975,ad,
MTX2,,-1.3748893782536697,ad,
CPD,,-0.6866191130242889,ad,
FRMD4A,,-0.7858627322686988,ad,
AP2A2,,-0.6214332760066892,ad,
CPNE2,,-1.327817060891828,ad,
CLN8,,1.2444439944709824,ad,
RPL23AP32,,0.8418443708518861,ad,
ZNF770,,1.0657406361098847,ad,
PDZD11,,-0.7033064416252213,ad,
UAP1,,-0.6889623436840555,ad,
STX1A,,-0.8844022251837078,ad,
AGPAT1,,-0.8161660193879836,ad,
ZC3H7B,,2.1352843603246665,ad,
GSTM3,,-0.7089090291990292,ad,
DNAJC3,,-1.038814447477728,ad,
FN3KRP,,-0.6159428020855593,ad,
AK1,,-0.8678852927650968,ad,
DAD1,,-1.2594900768507955,ad,
HSD17B7,,0.9369094391631396,ad,
INO80D,,1.6678335735094496,ad,
ATXN7,,0.7210142753065298,ad,
WDR37,,-1.7517841753562413,ad,
YPEL4,,-0.6879024486994183,ad,
PNKD,,-0.633842466409055,ad,
SPINT2,,-0.8712558080946469,ad,
NPAS2,,0.704979887683967,ad,
NDUFAF2,,0.7752823270805802,ad,
ODC1,,-0.8662211299630673,ad,
DHX9,,-0.9261158278001407,ad,
ZNF204P,,-1.2248572949993122,ad,
MEIS2,,1.2792179831326802,ad,
GTDC1,,-0.647537023545631,ad,
ME3,,-1.198930234922253,ad,
NAV2,,1.5212183070116012,ad,
MRPS22,,-0.687984153778558,ad,
ZNF512B,,0.7401486507926585,ad,
SFXN4,,-1.2461096150593836,ad,
AL833181,,0.9413057611346751,ad,
SCRG1,,-0.8036161705997191,ad,
SURF4,,-0.7684877956764762,ad,
PHC1,,-0.7177430368495621,ad,
SNRPD3,,-1.048506617710359,ad,
LBR,,-0.7945516874065053,ad,
ARV1,,-0.8216925562045692,ad,
SCAF11,,1.3537534377518146,ad,
CCDC104,,-0.6470117589223552,ad,
SSRP1,,-0.8186500480986236,ad,
GBAP1,,-0.7253156431216095,ad,
PLD3,,-1.053251679022246,ad,
DHX30,,-1.51458711257993,ad,
WRNIP1,,-0.6007267596109376,ad,
DDX25,,-1.3059182834113825,ad,
POLR2G,,-0.429193715517016,ad,
LINC01105,,1.2780345848215031,ad,
DLGAP4,,1.5739277846610928,ad,
USP27X,,0.495293258185189,ad,
DCUN1D5,,-0.9783610472980389,ad,
TNK2,,0.8940687517315933,ad,
GLOD4,,-1.5567122883747508,ad,
HDGF,,1.5204131490485482,ad,
AK090844,,1.788439391927227,ad,
NOVA1,,-2.0039010840325533,ad,
SLC35B3,,-0.6584018229165878,ad,
CSNK2B,,-1.877354158039961,ad,
NSMCE1,,-1.4485532444163747,ad,
CHCHD6,,-1.2091216900323642,ad,
MED16,,0.997834806937437,ad,
ABL2,,-0.8811556515397516,ad,
SMG7,,-0.8995491344587023,ad,
UNC13A,,-1.4378015495939227,ad,
KIFAP3,,-2.0251142324558025,ad,
LYRM9,,-0.661438575310008,ad,
POLR1C,,0.4767483479589405,ad,
TARBP1,,-1.1825577253670456,ad,
KIAA0485,,1.407384725806546,ad,
SOX9,,1.1002472482592829,ad,
C5orf51,,-0.8870715262899935,ad,
ZNF493,,1.0053728579997365,ad,
MZT2B,,1.5339912396201045,ad,
KLHL8,,0.9228701888397897,ad,
LOC100507431,,-0.8361676700242153,ad,
TRAPPC12,,-1.9711853910186763,ad,
STX8,,-1.6898222225097594,ad,
SMIM7,,-0.4909189803599183,ad,
FAM107B,,1.6925167150353975,ad,
ATF6,,-0.9999447624434961,ad,
MKRN2,,-0.5116872543437783,ad,
EIF2S2,,-0.8126225727025762,ad,
TJAP1,,0.915148123303382,ad,
ORC3,,-1.2230334203160087,ad,
BABAM1,,-0.8693102727820321,ad,
KIAA1279,,-0.9566944579398591,ad,
ERCC1,,0.6457162555447695,ad,
MBTPS1,,-0.9506266918594761,ad,
SLC22A3,,1.4575528312401973,ad,
PARN,,-1.035960812628657,ad,
TRO,,-1.7098234379777484,ad,
MANSC1,,0.9593802505392386,ad,
MRPL18,,-0.7877018895551817,ad,
HERPUD2,,0.77213949735021,ad,
FAF1,,-0.7492409720949471,ad,
ZC3H8,,0.4437653957384864,ad,
LONP1,,-0.5537633023704966,ad,
CXorf40A,,-1.1956474171051754,ad,
HEXB,,-0.9338023179424262,ad,
TRMT5,,-1.1566546328454317,ad,
VIPAS39,,-0.6494205560734319,ad,
CAPNS1,,-1.0006097083124192,ad,
MYLIP,,2.3204491244871503,ad,
RAB14,,0.9569925583474461,ad,
OTUD7A,,1.0952251266401927,ad,
FOXO6,,1.6570550013506828,ad,
LAMTOR1,,-0.5253801233369924,ad,
ENY2,,-0.48076990882461956,ad,
SARNP,,-1.1060973192447108,ad,
RNF24,,-0.6345503746288212,ad,
MAPK11,,0.9067706612197757,ad,
OGDHL,,-1.1813839487589233,ad,
TTL,,-1.5914419172900107,ad,
SNX4,,-0.653472742428983,ad,
VPS8,,-0.9473274500961981,ad,
MUM1L1,,-1.1548137228950708,ad,
PTPRJ,,-1.3441466310840013,ad,
EIF4A3,,-0.9412964657557552,ad,
SREK1IP1,,1.851098973939072,ad,
SEMA6D,,-1.7140724469988715,ad,
AKAP10,,1.296486905703821,ad,
LAMTOR3,,-0.9798576592336516,ad,
EIF2B4,,-0.5521941238357044,ad,
ERO1L,,-0.7379243039330543,ad,
SMCO4,,-0.8300858369726001,ad,
RNF139,,-0.658661183136374,ad,
VPS28,,-1.1408000508301352,ad,
TSR2,,-0.9510080920846793,ad,
MAP6D1,,-0.5470555204693959,ad,
ID2,,1.0971417986372067,ad,
UNC13B,,-0.9172475430674485,ad,
BOD1L1,,-1.2641071016050853,ad,
SNTG1,,1.041192595486148,ad,
HIATL1,,-0.6142818881839194,ad,
KIAA0430,,-0.9028758238671415,ad,
TRIM46,,0.9287142122019247,ad,
PRELID1,,-0.5755784667796195,ad,
CEP170B,,0.8072884134527403,ad,
HCFC2,,0.4767013206406432,ad,
NGLY1,,-0.9356892883277279,ad,
ERP29,,-0.8141032321917514,ad,
TRA2A,,1.9427529049298435,ad,
XRCC5,,-1.169561275765183,ad,
MVK,,0.9003352328634975,ad,
SMS,,-1.3112222375113536,ad,
DDX10,,-0.683799470382997,ad,
DVL1,,1.2098979098945861,ad,
PRPSAP2,,-1.0373691968093892,ad,
TRAPPC6B,,-1.1957604485240632,ad,
NOL11,,-0.41033002671050234,ad,
GGA3,,2.137967622000076,ad,
ACYP1,,-0.9246650053003531,ad,
ZDHHC22,,-1.1119856712114622,ad,
MRPL33,,0.9931532918402972,ad,
NAT10,,-1.1425714219779985,ad,
HCCS,,-0.7779187759987654,ad,
SPHK2,,0.7354217403547665,ad,
ZNHIT6,,1.1370487939562572,ad,
CUX1,,1.2133956603856326,ad,
SETBP1,,1.0517366805586317,ad,
SRRM4,,1.2805951563935016,ad,
NDUFAF1,,-1.087219370888115,ad,
WDR17,,0.5494105040386668,ad,
SENP6,,0.39874038685852575,ad,
GNB2,,-1.1073513739750016,ad,
ESF1,,1.8539678442871432,ad,
ZDHHC6,,-0.6620762478834497,ad,
AMBRA1,,0.5947654379548251,ad,
MED23,,0.5528366722815328,ad,
LOC100272216,,1.1174262721244688,ad,
RNF10,,-0.3086269153294374,ad,
RP11-473I1.9,,-2.2688674199775916,ad,
FIBP,,-1.3299651320369543,ad,
SVIP,,0.8990369565565306,ad,
NFKBIA,,1.1531237407337933,ad,
UROS,,-1.1387212967403162,ad,
MMGT1,,-0.7808210393273942,ad,
DHX29,,-0.8721456741175402,ad,
ACO1,,-0.9774459274025364,ad,
CCDC115,,-0.5855063333456911,ad,
TRAPPC5,,-1.0213272613676123,ad,
LOC101927166,,2.451351569961454,ad,
LZTS1,,1.4510605136094545,ad,
DDX41,,-0.7165071231778146,ad,
FIGNL1,,-0.8889606267158392,ad,
TSR1,,1.4177678578279593,ad,
SLC35F3,,-1.04517018296887,ad,
CEP57,,-0.5501405872410636,ad,
LOC101930415,,1.4870658688033922,ad,
MLEC,,1.5674390702448777,ad,
PARL,,-0.8325219006300895,ad,
LDLRAD4,,0.8706575086894048,ad,
NELFCD,,-0.9453054755852843,ad,
USP54,,0.7364994071209754,ad,
GRHPR,,-0.9727250231471949,ad,
AF520793,,1.6737827582361584,ad,
CHRM1,,-0.8389297103387117,ad,
ADAM9,,-1.1989283345082047,ad,
SRSF4,,-1.2565205872788683,ad,
FBXL14,,0.8942319530715803,ad,
SPG11,,-1.005039766924301,ad,
DTNBP1,,-0.9007797312164607,ad,
ZFP90,,-0.6342549780019695,ad,
QRICH1,,-0.9961939108761255,ad,
GOLGB1,,-0.9005357489527643,ad,
TCEB3,,-0.37939940292389984,ad,
TSSC1,,-0.8911911474593284,ad,
SPRED2,,-1.0939415731625592,ad,
DCTN6,,-0.9693887749862693,ad,
LOC157562,,-0.8764317031583904,ad,
ATP11B,,0.6045997354287049,ad,
ARL6IP4,,-0.8550150231546034,ad,
TMEM261,,-0.9407253456177598,ad,
IRGQ,,-0.6672822829953784,ad,
LAMC1,,0.4926879076250579,ad,
CXorf40B,,-1.2841606547285362,ad,
POLR3A,,-0.9046933131553754,ad,
UBN1,,1.5403392914564806,ad,
FUBP3,,0.4073146504702301,ad,
MKLN1,,-0.8797306173306598,ad,
HNRNPUL1,,0.7215759772946253,ad,
PPP1R3F,,0.5025733689351437,ad,
BCR,,-0.8478646320282079,ad,
TBC1D22A,,0.76880060570811,ad,
MTRF1L,,-0.7798664037416936,ad,
POLG,,0.4849716227191756,ad,
GRID1,,0.7805356205548595,ad,
SF3B5,,-1.1556255487246654,ad,
RMND5A,,-0.7105875559458603,ad,
FABP3,,-0.8497913815100819,ad,
CPSF3,,-0.9212977043886994,ad,
C12orf10,,-0.8260507376146435,ad,
PEF1,,-0.9211415351906869,ad,
NDUFS7,,-1.0485963593497587,ad,
ACTR1B,,-0.9691990853940347,ad,
PAAF1,,-1.0525738812555927,ad,
HMG20A,,-0.8389479872418271,ad,
ETFB,,-0.7994254913265468,ad,
MTERF2,,-0.836004938340106,ad,
MPP1,,-0.7052031172516369,ad,
CCDC25,,-0.678188761625794,ad,
HSP90B1,,2.89589394626854,ad,
LCOR,,1.1807426151866327,ad,
PCBP1,,-1.2845340197141484,ad,
HRK,,2.8286694265830494,ad,
AQP3,,1.6657684251224802,ad,
PHF20L1,,-1.183113912800458,ad,
SLC4A7,,1.1644805244552128,ad,
CECR5,,-0.5738487495848332,ad,
AK025288,,1.434993710636502,ad,
PPP2R1A,,-1.5139792399804364,ad,
EIF3D,,-1.5189180516308571,ad,
GTF2B,,-1.0196928172267619,ad,
ZDHHC23,,-1.2292142776632424,ad,
TAF1,,0.6223853870183422,ad,
L3MBTL2,,0.49178083910224224,ad,
AGPAT6,,-0.9617552742732567,ad,
CENPBD1P1,,1.8161474955737544,ad,
AKIRIN2,,-1.8558967710616034,ad,
SYMPK,,1.4991089473004564,ad,
TRIM27,,-0.42648690131342626,ad,
FBXO7,,-1.0687182166665572,ad,
TMEM42,,-0.41477102323008097,ad,
GTF3C4,,-1.2061498376186082,ad,
RNF165,,2.25969651395629,ad,
RBMS1,,1.473484542723888,ad,
PSMA7,,-1.5520426044507225,ad,
PTP4A1,,-1.3007265358692823,ad,
C19orf66,,0.8998886834091522,ad,
MCM3AP,,-0.8434635742739633,ad,
PARP1,,-1.1963739990209277,ad,
FSD1,,-0.7970957431119894,ad,
FNBP4,,-1.1349627167315193,ad,
NUDT19,,0.8831256079454421,ad,
FOSL2,,-0.7681731346483165,ad,
POLR1B,,1.5393405435646326,ad,
KRT222,,1.0210238771766322,ad,
SIK2,,0.8026704696352365,ad,
CDK5,,-0.8892636347979188,ad,
KCNH2,,0.9680583185537577,ad,
S100B,,-1.7228371111204854,ad,
SKIV2L2,,-0.47943965420794044,ad,
ACOX1,,-0.7313419099614302,ad,
SUPT16H,,-1.3348876391153066,ad,
CPSF6,,-0.7213589646166616,ad,
EFTUD2,,-0.9612823778534105,ad,
MDN1,,-1.0153086160859681,ad,
NDUFAF7,,0.8100122214818795,ad,
RP11-690I21.2,,1.1934527648201385,ad,
ING3,,0.5155689822408505,ad,
TBL1X,,1.2611166652456767,ad,
PRPSAP1,,-0.5125223241942862,ad,
RNF216,,0.5897559412812239,ad,
AKR1A1,,-0.8404769100727059,ad,
DNAJC19,,-0.6400726412754381,ad,
AREL1,,-1.2534100117162845,ad,
C15orf57,,-0.48341218886419135,ad,
IKZF5,,0.6984175208783512,ad,
SNX30,,-1.4130018373655346,ad,
SMYD2,,-0.7053565771094279,ad,
SOCS5,,0.7913139470574251,ad,
INSIG2,,-1.0073781522995393,ad,
NCS1,,-1.1609687032705551,ad,
TAB2,,0.8606267371465712,ad,
FAM58A,,-0.6019262637485081,ad,
UVSSA,,1.3344528838478578,ad,
KDM5B,,0.7074452371848867,ad,
SHROOM2,,-0.8133750114913019,ad,
KLC2,,0.8065893791531229,ad,
GAN,,-0.4402209968364801,ad,
GAREM,,1.5646044048753165,ad,
BCCIP,,-1.7352685246103343,ad,
MGAT3,,-0.4159108985564277,ad,
FAM98B,,-1.5145695950457156,ad,
MTUS2,,1.368626028208725,ad,
PGM2,,0.6638751950558124,ad,
MRPS9,,-1.0750879995750617,ad,
CA10,,-1.4830844921613089,ad,
ATRAID,,-1.103149449952868,ad,
ASB1,,-0.8205625722139498,ad,
HIST3H2A,,0.5733692291341743,ad,
TMEM161A,,0.5742184538903654,ad,
SEMA4F,,-0.6309210705253445,ad,
CTD-3092A11.2,,1.5684375426089243,ad,
MCF2,,-0.8111458244525203,ad,
SPAG7,,-0.7056094893441864,ad,
RNF8,,-0.7088892755539584,ad,
ZFP64,,0.8492412175815609,ad,
PDCL,,1.431701813781567,ad,
MSL3,,-1.1056094337108888,ad,
TNKS2,,-0.9212070362445042,ad,
SRP54,,-1.2026330214262213,ad,
SETX,,-1.2902943630300827,ad,
TSEN34,,0.4722993554128472,ad,
PSMG3,,-0.9096051309767725,ad,
DDHD1,,-0.6187059516816653,ad,
KIAA0556,,0.8462758738497298,ad,
HSD17B10,,-0.7301692064722571,ad,
MRPS27,,-0.9792840173157167,ad,
FHOD3,,-1.0350923802235972,ad,
APTX,,-0.6991526468089191,ad,
GOT1,,-2.0745478785761904,ad,
DNAL1,,-0.5964715824028612,ad,
HSDL1,,-0.912706960495524,ad,
P4HB,,-0.7157747785282558,ad,
UBE3B,,-0.8308942014018941,ad,
ZNF512,,-1.0507980267848058,ad,
TAF9B,,-1.127242287696756,ad,
NFS1,,-0.568728827127269,ad,
CEP97,,1.5073377780412027,ad,
POGLUT1,,-0.7164781623063519,ad,
OSCP1,,-0.6040921156907864,ad,
CARS2,,-0.8552968806525794,ad,
IMPDH2,,-1.767941476909253,ad,
ZC3HAV1L,,0.7371927145994661,ad,
RAP2C,,0.569784995550215,ad,
SLC23A2,,-1.281764752713217,ad,
WHSC1,,-0.6107093031939028,ad,
EPT1,,-1.401896087549197,ad,
ATIC,,-1.2339657002587554,ad,
COQ3,,-0.7745919418062126,ad,
USP53,,1.012329050183065,ad,
ZNF444,,0.947007463120479,ad,
AKAP13,,1.751753984790402,ad,
MTFR1L,,-1.542360366868258,ad,
APOA1BP,,-0.9107190162713223,ad,
TMEM43,,-0.7409710896277177,ad,
SSH1,,-1.2926994354886112,ad,
MTA1,,0.7807839876018292,ad,
LOC728730,,2.764680779842185,ad,
SEC63,,-0.9679279151480387,ad,
RTFDC1,,-0.6821461615145568,ad,
UNC5B,,1.4136480865983199,ad,
RP1-39G22.7,,-1.0861586215540937,ad,
ATG9A,,-0.5069262728890687,ad,
SAP30L,,-0.8931427588989331,ad,
SCRIB,,1.0840449618304957,ad,
CBY1,,-0.7467981997065358,ad,
KDM5A,,0.7331463218163652,ad,
EIF3G,,-1.9263523742144795,ad,
DVL2,,1.1194685906178146,ad,
C1orf123,,-1.5720795473708087,ad,
TVP23B,,0.8011163989672339,ad,
FAM222B,,0.7168948433755649,ad,
CCAR2,,-1.329001081767096,ad,
HNRNPAB,,-1.0087075955429645,ad,
TOR1B,,-0.6474052129777279,ad,
CACNA1C,,0.9287712708332352,ad,
MCTS1,,-1.6602704581241907,ad,
CMSS1,,-0.9395325335304383,ad,
BOD1,,-1.0168100907652073,ad,
COPS7A,,-0.6242519345491528,ad,
BBS4,,0.9468223787835193,ad,
ACOT8,,-0.608312960955911,ad,
USP10,,0.8007714786497102,ad,
ZCCHC7,,1.1662918240992957,ad,
MRPL24,,-1.181796348111658,ad,
NDP,,-0.777454775383104,ad,
CCM2,,-0.7167461004636095,ad,
NAMPT,,-1.0331674253777035,ad,
CPNE1,,-0.6135846238450426,ad,
PCCA,,-0.9676510450013938,ad,
CD99L2,,-1.4485286063015952,ad,
LOC286437,,1.578274402815369,ad,
DECR1,,-0.9736399186350742,ad,
CHST12,,1.0874528502816991,ad,
RPA2,,-1.469036075602829,ad,
PMS2P1,,0.716918102055419,ad,
COPS3,,-1.5961658114221988,ad,
PAF1,,-1.0513872132570672,ad,
ST3GAL2,,0.8678932947232791,ad,
POLR2J,,-1.0758207226941607,ad,
BRI3,,0.6239525820094718,ad,
SOX5,,0.8658115859937077,ad,
EXOC2,,-1.0766062663384313,ad,
CEPT1,,-1.5710438660118538,ad,
MORN4,,-0.473940100253321,ad,
FAM133A,,0.9764005486581722,ad,
THAP5,,0.6937058177565971,ad,
NTAN1,,0.6351287745135421,ad,
FKBP2,,-0.5283721346824901,ad,
WBP4,,0.9355793163731922,ad,
FHL2,,-1.0306192788155037,ad,
ENDOD1,,-1.3527615650112326,ad,
LYPLA2,,0.8729256086294539,ad,
ZNF266,,-1.0317417372605746,ad,
SLC30A7,,0.7456234683532132,ad,
TSC22D3,,-0.6459869239678735,ad,
ADPGK,,-0.3896072005645417,ad,
INIP,,0.8707749081285989,ad,
OS9,,0.8788217704229213,ad,
NPC2,,-0.9556332512393961,ad,
DDX49,,-0.5197533172640032,ad,
TTPAL,,-0.798702520913924,ad,
CNOT3,,1.1270952131257665,ad,
SNX17,,-1.6594856769680124,ad,
KDM7A,,-0.689828799610666,ad,
MRPS17,,-0.795762039318606,ad,
COX15,,1.5209421142317332,ad,
LAMTOR4,,-1.0898204877691988,ad,
APH1A,,0.6771331802406548,ad,
EIF3I,,-0.9304106786363224,ad,
GRK5,,0.6277574178886995,ad,
ZFP36L1,,1.3433954262246965,ad,
ANXA6,,-1.0282817771327242,ad,
ARHGEF40,,0.7474224174981376,ad,
ZNF677,,0.7830902362763617,ad,
GPANK1,,0.6955893892961598,ad,
PEX19,,-0.5706166070197467,ad,
ERCC3,,-1.4621340772267457,ad,
RNMTL1,,-0.9971962646886583,ad,
RAB3D,,-1.2662106468439287,ad,
CRY2,,-1.6334360050333565,ad,
CELF6,,-0.45503888968278083,ad,
TBP,,-0.5420593226399673,ad,
C8orf33,,-0.7199868406091454,ad,
KPTN,,1.0239884148649034,ad,
TCF3,,1.4970531097138409,ad,
HMGB3,,-1.2860908949930945,ad,
FAM50A,,-1.1700155777487868,ad,
IARS2,,-0.8252933604216288,ad,
EMC3,,-1.3306783990917985,ad,
PRPF38A,,0.6782598991688538,ad,
KEAP1,,-0.6072912176088119,ad,
LOC202181,,3.777680553360053,ad,
TMCO1,,-1.6440218454305615,ad,
ZNF562,,1.0935049348362673,ad,
NFU1,,-1.1186706271791564,ad,
TMEM203,,-1.1607640317338035,ad,
EAPP,,-1.7094181443810923,ad,
PTPN12,,-0.9204107700838886,ad,
NDUFV2,,-1.4874758136691897,ad,
ZNF623,,1.2261883756793992,ad,
INPP5E,,0.8438632784308631,ad,
DCLRE1C,,1.4417834513353815,ad,
CHD1,,0.6956400201187325,ad,
GOLGA2,,2.347861807971971,ad,
CELF3,,1.3352832616662607,ad,
PTPN4,,0.706043230765558,ad,
RBM23,,-0.6195586854770054,ad,
VPS26B,,-1.2010303155097146,ad,
IQCE,,-0.7148904885951088,ad,
CBR4,,-1.0680571844374231,ad,
LCORL,,1.0490191124361434,ad,
HEATR2,,0.838325172019796,ad,
EIF2B1,,-1.3988220179826953,ad,
C12orf66,,1.704852426738137,ad,
ARIH1,,-0.5922565562103621,ad,
PTPN14,,-0.6591755957439132,ad,
KANSL1L,,0.6698874330981388,ad,
ZNF654,,0.6136231554310854,ad,
EXTL2,,-0.9518167656200607,ad,
ADAM33,,1.9958918593679442,ad,
SLC35D1,,0.8154980052267575,ad,
PRR34-AS1,,1.4715971481071746,ad,
TRMT6,,1.082191051050744,ad,
DPCD,,-0.6261835041533796,ad,
GCLC,,-0.8016013932514525,ad,
PET100,,-0.9650030559749965,ad,
METTL23,,-0.8005859250856444,ad,
C17orf80,,-0.8711015664379831,ad,
DDX19A,,0.7675365941895524,ad,
BUD31,,-0.7467920863603101,ad,
SF3B3,,-0.48168532554567456,ad,
MRPL27,,-1.4263120133119758,ad,
RBM10,,-1.5942455228193753,ad,
SGSM3,,0.7713389966127293,ad,
LRRC16A,,-1.4621864363049175,ad,
NUP54,,-0.8346588861484481,ad,
ZNF629,,-0.47403077728342247,ad,
IDH3G,,-1.0062094279753797,ad,
ADAM17,,-0.632475248138519,ad,
PRPF6,,-1.329068445657824,ad,
ABCA5,,-0.651063660003147,ad,
COMMD9,,-0.5070962776341439,ad,
PDCD2,,-0.7664899378124295,ad,
TMEM25,,-1.4543680782156434,ad,
U2AF2,,1.8740303922967856,ad,
FIP1L1,,0.9120542124203119,ad,
CHMP2A,,-1.9001839987851206,ad,
YIPF4,,1.2396165081612844,ad,
C14orf169,,-0.36168561918493314,ad,
LRCH4,,0.9538641439755686,ad,
CPNE3,,-1.3241272856444724,ad,
MCU,,-0.8218188865043023,ad,
MIA3,,-1.1061022897294581,ad,
C11orf73,,-1.0901139294387505,ad,
SND1,,-0.7751942752178875,ad,
BAZ1B,,-1.0538986444960585,ad,
IFNAR2,,1.525847752139021,ad,
KLF15,,1.5093703416508584,ad,
SNAPC3,,-0.6217525986766681,ad,
ABCB6,,-1.0536516141835692,ad,
C17orf51,,-0.7994810488340116,ad,
MRPL28,,-0.6625940528621186,ad,
NQO2,,-0.8026905577285497,ad,
GOLGA7B,,-1.404885028756425,ad,
ZNF75A,,-1.1711180600857576,ad,
RBMS3,,1.2893457863733087,ad,
PPAT,,0.5795600943589179,ad,
SPATA2L,,1.162120368665379,ad,
ZMYND19,,-0.6504596765258874,ad,
RBM18,,-0.6498045686740008,ad,
MRPL35,,-0.6462171907101917,ad,
DCTD,,-0.5683409339517418,ad,
SEMA5B,,-1.5541123342842385,ad,
TEX10,,-0.4315833391564894,ad,
CUL1,,-1.5379080385561341,ad,
ICMT,,-1.087416374925943,ad,
LOC647070,,1.1669666246468449,ad,
ANKRD13D,,2.319862741388115,ad,
KIAA1731,,1.2405629138515346,ad,
MTHFR,,2.1975869962823404,ad,
ZNF449,,-1.3128831004063422,ad,
ZNF33A,,-1.5596841449373073,ad,
ROMO1,,-1.1452011734487586,ad,
GREB1,,1.1832155933127666,ad,
CRELD1,,-0.7711268244435319,ad,
BMS1,,-0.6291363839826625,ad,
ILKAP,,-1.499896531200811,ad,
AL132709.8,,1.417295507880528,ad,
C10orf85,,1.7294453716111837,ad,
PCBP2,,-1.545923166687066,ad,
TMED3,,-1.1279875945430735,ad,
ERGIC1,,0.6843525788685314,ad,
MITF,,1.049374320862813,ad,
COG1,,-0.8182278823717164,ad,
NR2C1,,-0.8672113732202966,ad,
COIL,,-0.9574573263297497,ad,
TPP2,,-0.593304386436535,ad,
ZNF830,,1.020679081969031,ad,
SLC25A33,,-0.9608769654740152,ad,
PPP1R2,,-0.8517242299962842,ad,
PTPRG,,-1.1165296722566413,ad,
SGCE,,-0.9208533838512434,ad,
STK17B,,1.0271951695234822,ad,
PRKAG2,,-2.128697209918875,ad,
FSCN1,,1.1478292463733473,ad,
ELP6,,-0.5624138673977592,ad,
DCAF8,,-0.8150653961975047,ad,
UTP23,,0.855809817855028,ad,
BEND5,,-0.7652575583766836,ad,
POLR3GL,,-0.9422670418758985,ad,
ELMOD2,,-0.6602844529892797,ad,
NPRL2,,-0.9204984983457916,ad,
NOP10,,-0.6660870968775914,ad,
STX3,,-0.915225944006318,ad,
EAF1,,-0.8372917117528864,ad,
VIMP,,-1.4100109654759523,ad,
OR7E104P,,1.0740338840924855,ad,
CTNNBL1,,-0.6051191706812356,ad,
TXNDC16,,-0.8147579035410972,ad,
DDX52,,0.701808675012721,ad,
WDTC1,,0.9196899148413049,ad,
F11R,,1.0253563325332609,ad,
SGPL1,,1.0996724821184545,ad,
LOC100134445,,1.856130091555542,ad,
AKAP6,,-0.5461406159799793,ad,
SYT6,,1.0914601133318609,ad,
KDM3B,,-0.8560349365195741,ad,
IFI6,,-2.160793735985374,ad,
NIT2,,-1.6750692824084208,ad,
GNPNAT1,,-0.9582929027182265,ad,
SMC3,,2.38853847655935,ad,
NDUFAF3,,-1.0317659700598831,ad,
CHKA,,-1.2824135036859952,ad,
NOL8,,-0.9954985837605035,ad,
LINC00663,,1.0461437057409189,ad,
UBXN7,,1.0795256088136735,ad,
MRPL16,,-0.6992942495682248,ad,
SYNPO2,,0.9508391403597889,ad,
POP4,,-1.7097947884172608,ad,
FAM178A,,-1.3695991546446793,ad,
COQ9,,-1.6392061765358141,ad,
DHFRL1,,0.7480420270646855,ad,
MAGI3,,-1.132386062606158,ad,
PRSS3,,-0.7869002635324813,ad,
PCYOX1L,,-1.0857774776054878,ad,
NGDN,,-0.8932193282972349,ad,
HNMT,,0.7433599795673205,ad,
SLC2A1,,0.809424262014586,ad,
SMARCC2,,0.8497198702930175,ad,
SPIN3,,-0.6845830251699709,ad,
TUBE1,,0.5983315195544474,ad,
DCTPP1,,0.8849391865938259,ad,
JAGN1,,-0.8717780664915518,ad,
EIF4G1,,0.5905478603288543,ad,
INO80C,,-0.8239799350648092,ad,
LRFN1,,0.9068021554445318,ad,
ARHGEF25,,-1.3074980149701911,ad,
FCHSD2,,0.6446465470240668,ad,
INTS3,,-1.3690339641325613,ad,
WWC3,,0.6931322453391706,ad,
GTF2E2,,-0.9582055959352171,ad,
CACNB2,,-0.8673213057754721,ad,
NME4,,0.9105208269266098,ad,
RASSF7,,0.622503132172854,ad,
STX18,,-1.3199694016209413,ad,
LRP3,,0.9376557447965759,ad,
EXT2,,-0.62345221810906,ad,
NUP85,,-0.7949429797111094,ad,
PHB,,-2.3211608164861417,ad,
DNAJC7,,-1.3260489531832809,ad,
DDX50,,-1.0272948142310465,ad,
GLS2,,-1.2494626914318303,ad,
SETD6,,0.9214969243280118,ad,
RPUSD4,,-0.8504545159902337,ad,
FAM20B,,-1.1980523236761886,ad,
MRPL14,,-0.8732661621596582,ad,
LRRC27,,0.6545369194631672,ad,
CTSA,,-0.9637361303108669,ad,
TMEM18,,-0.9681165955768147,ad,
TMOD1,,-1.1748663636686052,ad,
SREBF2,,-0.5240476032131038,ad,
EIF4E2,,-0.9853133328789072,ad,
CMIP,,1.011198384171685,ad,
COMMD6,,-0.4149885363462422,ad,
EMC1,,-0.7294848683179955,ad,
CYHR1,,-0.6450980050157131,ad,
KIAA0895,,0.7256774505598598,ad,
CARM1,,0.9891841741907541,ad,
ZNF92,,0.8948062049991758,ad,
CNOT11,,-0.4558574578366237,ad,
FAM43A,,1.7736797199521712,ad,
STK32C,,-0.5837079571724351,ad,
PAK1IP1,,1.0142178222360743,ad,
NIF3L1,,-1.0299819846189253,ad,
DPY19L4,,0.8005303653659555,ad,
RWDD2A,,-1.2469111038870215,ad,
E2F4,,0.5659638890540952,ad,
SRD5A3,,-0.6949763824603785,ad,
ZBED1,,-1.4710877381645568,ad,
TRIM23,,1.3870789078934953,ad,
FLJ37453,,0.741905552072784,ad,
SREK1,,-1.0353610155903246,ad,
SUPV3L1,,-1.3654707051908073,ad,
PRDM11,,1.6609323669821432,ad,
MRPL15,,-1.252409812308482,ad,
NUCB2,,0.6205674995792165,ad,
MANEAL,,-0.714819914589321,ad,
BRD9,,-1.7882649006764897,ad,
SLC35B1,,-0.9384446259959951,ad,
CUL4A,,0.8193665986996832,ad,
BRSK1,,0.8713645899560314,ad,
SFN,,1.044737744307712,ad,
FAM122A,,-0.7594507934272254,ad,
CALY,,-1.5729838786373014,ad,
PMS2P3,,0.810319648468206,ad,
TIAM2,,1.0957210505590425,ad,
TGS1,,0.7017240503343336,ad,
HARS2,,-0.765249970892171,ad,
CRCP,,1.019437629274714,ad,
CUL2,,-0.8633566383995905,ad,
NRBF2,,-0.7995881611940323,ad,
GBA2,,-1.0201027882921956,ad,
ZNF213,,1.15031813463216,ad,
ARHGAP26,,1.1194853570722403,ad,
TNRC6C-AS1,,0.922196988099584,ad,
KIAA0100,,-1.0445198753946041,ad,
LRBA,,-0.7746540716919306,ad,
RPP14,,0.6309200705121141,ad,
SLC35G2,,-1.174085148391816,ad,
ECH1,,-0.7185542556249622,ad,
GPN1,,-0.748389818885288,ad,
BMS1P6,,1.3049905662833199,ad,
AMOTL2,,1.6290365839422414,ad,
BPNT1,,0.9537419370036702,ad,
TP73-AS1,,0.651897033281184,ad,
LMF2,,0.9456465866628525,ad,
AASDH,,1.8719507954211583,ad,
CWF19L2,,0.8462179485791408,ad,
ZNF195,,0.9958892735931455,ad,
HENMT1,,-0.7566984968727333,ad,
RPN1,,-1.5068247935138785,ad,
ATP13A1,,0.37547240437714713,ad,
GON4L,,-0.8524308482282086,ad,
PIGX,,0.6473488435019892,ad,
MED1,,0.5143950266632338,ad,
PWP2,,-0.7739830101132261,ad,
TBCEL,,-0.5656635636825209,ad,
IFT46,,-0.7402879347802314,ad,
AF070581,,0.8853286762153996,ad,
CYTH1,,-0.8197585634819964,ad,
TMEM55B,,-0.4282531120996813,ad,
ADIPOR1,,-0.884172226648964,ad,
TBC1D7,,-1.0409411283898882,ad,
EFCAB7,,-1.0094550676937377,ad,
TRERF1,,1.0980021018165775,ad,
KL,,1.2782144474360138,ad,
ABHD17C,,-0.46649890763967594,ad,
CCDC149,,0.7690289884707182,ad,
IL1RAPL1,,1.1537286454930662,ad,
LDB3,,1.79592208277331,ad,
CCNDBP1,,-1.222926158864972,ad,
KDM1A,,-1.8791562562385167,ad,
GTF2F1,,-0.6293574927751315,ad,
USP28,,0.6032010917989341,ad,
SAMD8,,-1.1280931807552124,ad,
RECQL,,1.751471218399356,ad,
CRAMP1L,,1.2002594667068003,ad,
ADORA1,,-1.1236788010285625,ad,
NOP16,,-0.7524709598487336,ad,
DCAF13,,-0.9444936338200849,ad,
NOVA2,,2.203122378335377,ad,
VPS29,,-1.7103052864727353,ad,
PSMD8,,-1.7083720652242054,ad,
C1S,,-0.7457555182266908,ad,
SLFN5,,1.3569884049079652,ad,
NCBP2-AS2,,-0.8026793413589495,ad,
RNF149,,-0.932403666642962,ad,
MARCH1,,1.2324842394293087,ad,
LOC441461,,0.8494866064959856,ad,
AKIP1,,0.5647154591426471,ad,
BCL7A,,1.1612012076477116,ad,
PRPF4,,-0.6528179551680084,ad,
PSMG1,,-1.0567704623598857,ad,
MRPL55,,-0.6076516098350817,ad,
XRCC2,,1.4582513644531527,ad,
TMEM200C,,1.3129155969625055,ad,
ZBTB43,,-0.8510570434855822,ad,
AHCY,,-0.9301484368514821,ad,
FAM120B,,-0.8204907154133609,ad,
PMPCA,,-1.2498597396123525,ad,
MBIP,,0.3405586688146691,ad,
CHCHD1,,-1.5217904590162883,ad,
RHOB,,1.6268982580345792,ad,
TM9SF4,,-0.5518197201746471,ad,
PORCN,,-0.7200031622267451,ad,
CYP2U1,,0.5572795948480209,ad,
MET,,1.8595262476883843,ad,
MUS81,,0.5153281790626565,ad,
PRPF38B,,1.8933140268558386,ad,
NDUFAF5,,-0.7952101696140286,ad,
COX14,,-0.6480977700187518,ad,
NACC1,,0.7617028193588506,ad,
ZNF32,,-0.8644103537800945,ad,
ARPC1A,,-3.819953887695095,ad,
RFX5,,-1.2965806251393737,ad,
SF3A3,,-0.5875762408342275,ad,
TTC9C,,-0.6717594193174143,ad,
QSOX2,,-1.3766649322993656,ad,
ZBTB46,,0.8120850895069145,ad,
ZNF330,,-1.4818060204933996,ad,
CRLF3,,0.9446053508342214,ad,
KNOP1,,1.5073332239789066,ad,
C3orf38,,1.5549335685802053,ad,
TMEM135,,-1.1248608474831991,ad,
CNST,,-1.0033527451802318,ad,
LLGL1,,1.155360389622535,ad,
TMEM242,,1.1907125450267522,ad,
CUTC,,-0.9164518296934565,ad,
EDEM1,,-0.8825278103102585,ad,
ZNF608,,-0.49328250947501306,ad,
POM121C,,1.274327385396055,ad,
LOC101929787,,1.4017162014780782,ad,
SUPT4H1,,-0.9041527193481667,ad,
SNRPD1,,-1.1889422384516077,ad,
SEC13,,-1.8026835313706933,ad,
DDIT3,,-0.8764910441089233,ad,
VAMP2,,-0.8525566453371614,ad,
GLTSCR1,,0.9354911435088598,ad,
CIB1,,-0.6896727096695416,ad,
DND1,,1.3254987501174442,ad,
SHFM1,,-1.0555357008655983,ad,
FUCA1,,-0.9776978984875608,ad,
PLA2G16,,1.0664573872936502,ad,
PABPN1,,0.9449131416585725,ad,
MRPL23,,-1.160733212988645,ad,
NIFK,,0.9964580512975658,ad,
RBBP4,,-2.05317922233475,ad,
RBM15B,,-0.7461389561956615,ad,
RARS,,-1.0241946629646117,ad,
SMPD1,,-0.7198060120239198,ad,
PGBD1,,0.9762216669207531,ad,
METTL13,,-0.7889471081639039,ad,
HCG18,,1.5119064979723094,ad,
C19orf26,,1.166622982203572,ad,
RAB8A,,-1.0085237658044042,ad,
ZNF415,,-1.0357723684819398,ad,
C1GALT1,,0.5584481300433186,ad,
NAPA,,-1.4708437354794945,ad,
SNRPN,,1.3273142442054802,ad,
ZNF175,,0.7449733954186062,ad,
LZTS2,,1.5409241531432034,ad,
KCTD13,,1.3814576324005952,ad,
MBD6,,0.9354163080287252,ad,
PPP1R10,,-1.6417453663204906,ad,
PRKCSH,,1.0003393101226896,ad,
MRPS7,,-0.8496140589181174,ad,
PAGR1,,0.9368953911799673,ad,
NPRL3,,1.0751717590861114,ad,
LOC100289019,,1.1841992365699472,ad,
NOA1,,-0.8694681320566326,ad,
PCNXL4,,0.46771098588517646,ad,
NTMT1,,-1.0507907242699055,ad,
G2E3,,0.7227971176605497,ad,
COL27A1,,1.9280138333192314,ad,
SPATA7,,-1.3322414947066923,ad,
KCNK10,,0.914396127025964,ad,
CCDC112,,0.9948892104685747,ad,
PSPH,,1.1511226359134854,ad,
MAPKAP1,,0.8786070273824045,ad,
CECR2,,0.9318328077870746,ad,
RRP36,,-0.9603901502745478,ad,
TUBGCP2,,-0.5874225064406806,ad,
C1orf109,,0.768824085801322,ad,
CACNG2,,-1.3274999252127557,ad,
MAFK,,1.3159670917196582,ad,
THSD4,,1.6566706485921374,ad,
LOC285178,,1.6639445658489134,ad,
LRRC41,,-0.5611689643706459,ad,
HMGCLL1,,-0.9080447013276389,ad,
ASB8,,-0.6942557332894017,ad,
SEC23IP,,-0.753626402679,ad,
ETFDH,,-0.8533875752497089,ad,
CALCOCO1,,0.44856933408304656,ad,
ERC2-IT1,,1.491737114307507,ad,
GRIPAP1,,-1.0146135531116025,ad,
SMOX,,1.024858758551784,ad,
ZNF320,,1.3199270535059116,ad,
CALM1,,-1.598664146667316,ad,
KLC4,,1.1960241506566112,ad,
PACS1,,0.7397253684468579,ad,
SEC61A1,,-2.1117954467285784,ad,
HUNK,,-0.9684492920589314,ad,
CHPF2,,-0.4176485648205679,ad,
DERL2,,-0.7779380567381855,ad,
ZUFSP,,-0.9414152853369613,ad,
PREP,,-1.310638791119537,ad,
BRD7,,1.2909924133225168,ad,
ARF5,,-2.134423785368109,ad,
SMYD4,,0.7009333320856648,ad,
TTLL1,,-1.2742288662408416,ad,
LIG3,,0.8211171081838611,ad,
RHOBTB2,,0.9977191368663165,ad,
CSK,,0.6098179959974699,ad,
ACP2,,-0.7596102263225433,ad,
RP11-710C12.1,,-1.1354265829325483,ad,
TAP1,,0.5106356811465931,ad,
UPRT,,-1.0088300110367934,ad,
AP1AR,,0.7811468311391829,ad,
KDM6B,,1.3118517582722289,ad,
LOC340085,,1.3918301463245175,ad,
AAGAB,,-1.4804532885897768,ad,
HIST2H2BE,,-0.8958628286799586,ad,
SCAF4,,1.9499166986828484,ad,
HGH1,,0.7512338308502322,ad,
RAB5B,,-0.8307691158831823,ad,
KLF3-AS1,,1.601206437263965,ad,
LOC728061,,1.4089394911365556,ad,
TTC9B,,1.007582423442373,ad,
ZNF252P,,0.7836523270714606,ad,
RP11-348P10.2,,0.6623956072830621,ad,
WDR36,,-0.7597057650283592,ad,
SCYL3,,0.7763761601889074,ad,
FAM210A,,0.7676459558896758,ad,
RFX1,,1.3801303574620993,ad,
CCDC53,,-1.568776039399971,ad,
PPP2R5A,,-0.7463189179399059,ad,
EHMT1,,1.5705704578442035,ad,
PPP6R2,,1.5457400322712154,ad,
DTYMK,,0.7742408666834129,ad,
GMPR2,,-1.2768657670229118,ad,
ELF2,,-1.4295146754431913,ad,
RNGTT,,-0.8072222068976913,ad,
EMID1,,0.9945560682721055,ad,
KLK3,,1.2323527809776742,ad,
GPR161,,1.7082663233368267,ad,
LOC100507507,,0.9629543848627504,ad,
UCHL5,,-0.8439195840720339,ad,
HAUS3,,0.7978455359851901,ad,
PCCB,,-0.7716823415994156,ad,
VPS39,,-1.2984216337466812,ad,
SFTPB,,1.0386749736810224,ad,
TMEM19,,-0.9815158527160195,ad,
ZNF117,,0.6650882114127468,ad,
SKI,,1.4972869394815103,ad,
TMEM143,,0.7321452894541132,ad,
GSTK1,,-0.7331150471647785,ad,
LOC439911,,1.1220751320719824,ad,
ZNF777,,2.0788391928307357,ad,
EP300,,1.639504000373348,ad,
ASAH2B,,-0.7381023843572763,ad,
EXOC6B,,-1.2967797394131946,ad,
SEMA6A,,2.907685529993544,ad,
SENP2,,-1.127127629557057,ad,
LYRM2,,1.6335023593479985,ad,
DYRK4,,-1.442143908766834,ad,
GLIS1,,1.5209155069816882,ad,
AGAP2,,-1.2790375712206679,ad,
ZDBF2,,-1.3325802134750822,ad,
ELFN1,,0.760132565870939,ad,
CDAN1,,1.0312155756000756,ad,
DDX56,,-0.733352659303451,ad,
ING2,,0.8304565509573685,ad,
C1orf233,,0.6655326016332088,ad,
MRPL46,,-0.7364975723076697,ad,
CSAD,,1.3827229493834556,ad,
COPG1,,-2.082687160573278,ad,
ARHGEF1,,1.2235201381160463,ad,
TMEM87B,,-0.7896397548252736,ad,
ZNF318,,-0.7691131966554581,ad,
LOC145474,,0.6096412639385553,ad,
ACOT13,,-1.8006030899399885,ad,
ANKRD32,,-1.612914147810451,ad,
ELK2AP,,0.8768272163548083,ad,
ZNF236,,0.6549284062333918,ad,
SCAMP2,,0.9133789426716925,ad,
LOC100130987,,1.7349378012110686,ad,
LSM7,,-1.113744671741113,ad,
EXOC3L2,,0.9298867607310868,ad,
TFB2M,,-0.8178460304364084,ad,
POLD2,,-1.1720669027991057,ad,
GPR37,,1.1879214595096759,ad,
TAF3,,0.9412261840670642,ad,
TTC4,,-0.6753397560277827,ad,
SOX10,,1.460940921378577,ad,
LOC100506730,,1.0883276676544549,ad,
SNRNP48,,1.8479274769149399,ad,
TMEM41A,,-0.8522094964181113,ad,
PARP11,,2.056609821944847,ad,
PSMA3,,-2.1181398818849786,ad,
ZFP92,,1.682588144741067,ad,
DIS3L,,-1.11981151286603,ad,
LAP3,,-1.631311389928797,ad,
POLR2J4,,1.107281457955457,ad,
VPS18,,-0.6201518452564745,ad,
MOCS2,,-1.2565740296011105,ad,
TTLL3,,0.9716315717975403,ad,
RHBDD3,,1.5024383790967333,ad,
PLCL1,,-0.9401842229035653,ad,
ARRDC3,,-0.8372200189281633,ad,
GDF11,,1.2169437103246956,ad,
AAMP,,-0.622202056468514,ad,
EPHB6,,-0.9473413215284303,ad,
UGDH,,0.8931514066267763,ad,
WAS,,1.7555960777749124,ad,
ACTR8,,-0.635318184492025,ad,
CABIN1,,0.8845121984459192,ad,
COA1,,-1.6207876042204896,ad,
SMARCD1,,1.0588870800083487,ad,
ZNF883,,1.6060749391388995,ad,
SNX22,,1.1155999627815092,ad,
RNPEP,,-0.9191244872074575,ad,
CACFD1,,1.1570443936971824,ad,
NEK5,,0.8182018740954797,ad,
OXSR1,,-0.710196804064319,ad,
MCMBP,,0.5986401444666996,ad,
SSBP3-AS1,,1.3816477409533787,ad,
CADM3,,-0.9792868406133222,ad,
MIER2,,1.2170498667636913,ad,
PPP1R12B,,-1.6119750716676267,ad,
BCORL1,,1.1106832424376627,ad,
PLAGL1,,1.6973073353219865,ad,
PRRC2A,,0.8202922813664486,ad,
TOMM22,,0.7120461995777081,ad,
HHLA3,,0.9661371089251372,ad,
ZNF736,,0.5555502826887935,ad,
FUT6,,1.0536852897051698,ad,
SF3B4,,1.1404456199650816,ad,
GRIP1,,1.3648511292283692,ad,
FOXP1-IT1,,1.0961852060197144,ad,
WIZ,,1.1788924157838148,ad,
KCNG1,,1.9864339414133294,ad,
PPWD1,,-1.0477094745951767,ad,
DCAKD,,-1.4437697567768657,ad,
TNFRSF14,,1.0520532099103272,ad,
ZNF542P,,0.9523686411164389,ad,
XBP1,,1.1590233334044608,ad,
DMWD,,1.2141948683334434,ad,
SMA4,,1.3442913583627432,ad,
LINC00965,,-1.3276019838756001,ad,
NASP,,-2.708901225594543,ad,
C11orf80,,1.4107227310678603,ad,
CHID1,,-0.8321660464603582,ad,
RP11-271C24.3,,1.9218768838401346,ad,
NPR2,,0.6988608031992092,ad,
DNAJC14,,-0.631528636860688,ad,
INO80E,,0.537904797091791,ad,
SLC30A5,,-0.8181751541323861,ad,
CCDC117,,-1.0199604167860326,ad,
PIAS4,,0.933535805617562,ad,
LOC100507395,,1.141346388591411,ad,
EIF2B3,,-1.470649854111377,ad,
SLC26A6,,1.5850975054956944,ad,
CDK5R2,,0.9076728912948262,ad,
RABGGTB,,-1.789650760775042,ad,
DEAF1,,-1.2340414356601794,ad,
LSM3,,-1.900627957789223,ad,
DCHS1,,2.0809839233911935,ad,
INTS12,,-1.1384816353157596,ad,
OXA1L,,-1.5095446130980363,ad,
FAM84B,,0.7434894105179497,ad,
CGRRF1,,-0.8011871928206302,ad,
SEPT7P2,,2.788640580689907,ad,
SYS1,,0.9843737978683853,ad,
MRTO4,,-1.2864779415544652,ad,
STOML2,,-2.1115673263710324,ad,
GCNT7,,1.5399903759298024,ad,
IMP3,,-0.7533771644106908,ad,
KIAA1324L,,-0.7778806859840319,ad,
SEMA3F,,1.195276001482906,ad,
RBM48,,1.1434001823401934,ad,
PPM1G,,-1.412327806316327,ad,
SPPL2A,,1.0195670754506345,ad,
PRKDC,,-1.4090540322221106,ad,
COL5A3,,1.4052476244425467,ad,
OSBPL10,,0.9308164976607376,ad,
ZDHHC9,,0.9647175919609161,ad,
HSF2,,-0.739485263376654,ad,
CCDC177,,0.8926796953870548,ad,
ECI2,,-1.5801257097583061,ad,
NKAIN4,,1.0009820168597123,ad,
C14orf37,,1.4634645145831486,ad,
ATXN7L1,,0.9515216300169191,ad,
NYAP1,,1.1996720053938112,ad,
CACNB1,,1.2587121388602727,ad,
FASTKD2,,-0.7337213157744982,ad,
SORCS3,,-0.7036816346001773,ad,
FAM118A,,-1.271833048633817,ad,
MGC12488,,2.499339736219513,ad,
CCDC85C,,1.0532626267305298,ad,
WHAMMP2,,1.2943480735916522,ad,
OGG1,,1.0865278497902775,ad,
KDM6A,,0.9680947099098471,ad,
PET112,,-1.3907454617412638,ad,
EXOSC1,,-0.9734070809039546,ad,
PPP1CA,,-1.644989379276657,ad,
LEO1,,-0.6022565842820349,ad,
LOC100129447,,2.3141441739933537,ad,
RNASEL,,-0.799720056687077,ad,
LMAN2,,-0.9228170241191824,ad,
GLCE,,-0.9628709537743596,ad,
SNX14,,-1.8876274968362408,ad,
ISY1,,0.8372689393798991,ad,
TRIP11,,1.334390179034643,ad,
LINC00632,,1.5509044302974715,ad,
RP11-846E15.2,,1.8909998539262922,ad,
RFPL3,,0.7752250732305903,ad,
CALHM2,,0.7197498068641028,ad,
GNPDA2,,-0.9371383348295401,ad,
ACAD8,,-0.884461973263952,ad,
CTSC,,1.4474022038535104,ad,
WFDC1,,-0.8256114138505879,ad,
LINC00526,,-0.6395556449902884,ad,
PYCR1,,1.188392857666626,ad,
PSENEN,,-1.1990641016372239,ad,
SNRPF,,-1.0676379883459663,ad,
TNRC6C,,-2.2901422230020625,ad,
C5orf66,,1.1195793618569416,ad,
PRKAB1,,-0.7345698508568388,ad,
SH3BGR,,-1.214865635026614,ad,
HPS1,,0.8781188128630539,ad,
ANKRD36BP2,,-1.230995178140068,ad,
POLK,,1.4792336432946218,ad,
PQBP1,,-1.2707033157146919,ad,
PDK1,,-0.6846535169955938,ad,
ZNF385A,,0.7463072919714806,ad,
RASSF8-AS1,,0.6695235363133332,ad,
KDM4A,,1.022385970930202,ad,
SDHB,,-1.5994093759349406,ad,
TDRD3,,1.3822069383440523,ad,
SNCB,,-1.5786788667242515,ad,
HUS1,,0.5136503405007309,ad,
CLEC11A,,0.8599506815385194,ad,
PPP1R16A,,0.9837891208817791,ad,
CD9,,-3.292432398610046,ad,
OSGEP,,-1.7981178962607105,ad,
CIC,,0.8738169389796191,ad,
SLCO4A1,,1.2192547990693807,ad,
NSF,,1.466743469268609,ad,
RP11-339B21.15,,0.9326833941313089,ad,
IGF2BP2,,1.6718717685566515,ad,
SMPDL3A,,-0.6005685175850592,ad,
SH3PXD2B,,-1.4577426652675625,ad,
ELMO1,,-2.4529951629573086,ad,
LIMA1,,-1.0429233750542704,ad,
TMEM256,,-0.6783981841203142,ad,
ILF2,,-1.7915495363650429,ad,
KCTD17,,0.8909184621486581,ad,
TDRKH,,-1.030799544844644,ad,
DPH7,,-1.4213385080619565,ad,
DRAM2,,-0.8606616140949148,ad,
LOC100287896,,0.49979300583479436,ad,
H2AFY2,,1.006220391981941,ad,
ALKBH1,,-0.7968712086749186,ad,
TRIM14,,2.4082854852242734,ad,
SESN2,,1.6491457410653627,ad,
BMP2K,,1.2618601544034078,ad,
ZW10,,-0.5402955631689519,ad,
PDIA4,,-1.0331919630014879,ad,
SH2D3C,,0.8899053751127592,ad,
PTPN3,,-1.0920439436271234,ad,
ANKRD13B,,0.6670534566815611,ad,
ERAL1,,0.8324136109350739,ad,
MPV17,,-1.356581103971056,ad,
CTH,,-0.7512734249760893,ad,
WDR74,,-0.9507765712300316,ad,
LENG8,,1.3563656027729554,ad,
ELP4,,-1.1749318886377278,ad,
UBAC1,,-1.3873772284873587,ad,
DDX11,,1.3471400445112494,ad,
RAB30-AS1,,1.292928160891269,ad,
SAV1,,2.0290362129276582,ad,
DPP9,,2.000580703435447,ad,
KCNN3,,1.8895160291592923,ad,
CDK7,,-2.047248174375232,ad,
HOTTIP,,1.0751473543842023,ad,
RPS16P5,,2.2431725498054487,ad,
LOC101929112,,-0.815532777832864,ad,
PLEC,,0.8448074706991555,ad,
SGCD,,0.7815409335072294,ad,
PALD1,,0.7985555752161533,ad,
COG3,,-1.790799749618193,ad,
ADCY8,,-0.9157089550123585,ad,
KLHL17,,0.6317512318392327,ad,
PCDHB16,,1.2733612549769386,ad,
C20orf166-AS1,,1.1746011527194158,ad,
DUSP18,,1.1004942418435197,ad,
SHROOM1,,1.3738409526931212,ad,
COL11A2,,0.9741155272604223,ad,
CCM2L,,0.7946487517688308,ad,
LOH12CR1,,2.064019239448884,ad,
WDR70,,-2.320703068916359,ad,
NRG2,,1.5369383361943996,ad,
CLPP,,-1.682520140441091,ad,
RUSC1-AS1,,1.988627828439041,ad,
RBFA,,1.5443529706081494,ad,
TXLNA,,-1.2546392019277288,ad,
WDFY1,,-1.8309157174736121,ad,
SYAP1,,-1.7222530691188025,ad,
DMAP1,,-2.007053794798736,ad,
ARMC9,,1.2689432048040947,ad,
ZNF319,,1.1765339701094701,ad,
DCUN1D2,,-0.9036290285990551,ad,
ASCC3,,-0.8547163591963178,ad,
ZNF836,,1.5386259936384148,ad,
BGN,,1.0140307724667075,ad,
C19orf54,,1.0057814585495208,ad,
VTI1A,,1.786208729984141,ad,
DOK3,,1.3596587541647063,ad,
PIEZO2,,1.4476080789362715,ad,
ABCB1,,1.021067489642661,ad,
HRSP12,,-2.2158024159741236,ad,
BLVRB,,-1.985589605267787,ad,
PARP4,,0.5833096715138906,ad,
PODNL1,,1.8284467685752466,ad,
ZNF710,,1.3117439365124728,ad,
PLEKHG2,,1.314019624204784,ad,
LINC01210,,1.6140485698282294,ad,
SLC4A11,,1.6536271817604762,ad,
ITPK1-AS1,,1.4881711147424372,ad,
LOC100133130,,1.4905202421782713,ad,
ZNF584,,-0.9213410221146363,ad,
PAK4,,1.1803737415969726,ad,
WNK3,,-1.5162253735726878,ad,
SLC25A48,,0.8267057411813301,ad,
LOC283177,,0.8853959493595358,ad,
ANK1,,0.8547597147951755,ad,
DUSP12,,-1.8268897767949142,ad,
LCA5,,1.0271551998855513,ad,
SLC27A4,,-1.328187793658235,ad,
ARHGAP33,,1.0738666009050846,ad,
PNPLA3,,2.021925685335992,ad,
SLMO1,,1.6864165427417248,ad,
ZSWIM3,,-0.5187157666116233,ad,
TIMM50,,-1.8763260507224748,ad,
C17orf104,,1.5859832674621925,ad,
PHF12,,1.4824500552285196,ad,
LOC286367,,-1.4473340598503102,ad,
SMUG1,,-1.276046849041908,ad,
CNTRL,,2.2938677052875818,ad,
MICALL1,,1.2276264851523413,ad,
FLRT1,,2.0098182459070832,ad,
NUDT18,,-1.7273980743065334,ad,
CNKSR1,,0.7784884117851245,ad,
CEP104,,1.5883555262466054,ad,
ASIC2,,-1.9166030575066406,ad,
GPRIN3,,1.1800411799415418,ad,
ITPR2,,1.8710885399883503,ad,
LOC100289283,,1.540700594464485,ad,
PCYT1B,,0.5152663933449695,ad,
PSMC3,,-1.7627488223733438,ad,
SRGAP2,,1.8139475927145643,ad,
SEC14L2,,-1.1642339166234663,ad,
CRYGS,,-1.7554872500947436,ad,
AMFR,,-1.9704493094515527,ad,
AGAP4,,1.6742860823105605,ad,
ARF1,,1.575851635258152,ad,
ZNF10,,-0.9039901564288026,ad,
PIDD1,,2.0306079543706774,ad,
PIM2,,-1.2049901934580758,ad,
LOC286009,,1.159768148532181,ad,
PSMD3,,-1.0631521098362517,ad,
ARSK,,1.2903979381796757,ad,
SLC22A25,,1.3293248072561443,ad,
ZNF609,,2.2546864037504397,ad,
LOC100129034,,-2.2609196572049415,ad,
RRS1,,-1.7879047743303742,ad,
SYNGAP1,,0.9136918964717227,ad,
HPS5,,1.5606311168389775,ad,
CNGB1,,1.8455754929339054,ad,
PPIL6,,0.9242572196060017,ad,
MGMT,,-0.5060002432630348,ad,
ZBED6,,2.100132965064879,ad,
NUDT7,,-0.8443739084719599,ad,
ASCC2,,-1.176574303918339,ad,
APAF1,,1.1541286224013074,ad,
C14orf119,,-2.299570195384926,ad,
AIFM1,,-0.6544736111875631,ad,
ALMS1P,,1.9154844758478387,ad,
FUT8,,-1.6595007865279818,ad,
OSER1-AS1,,1.422194139636174,ad,
IFT122,,1.182042455141226,ad,
EFHC2,,2.498141788073478,ad,
ZDHHC18,,1.490792920467201,ad,
RP5-1039K5.17,,1.2525576877362017,ad,
PYGO2,,1.282507739347631,ad,
PRO2852,,1.2808915899256341,ad,
MFI2,,1.3671856818874257,ad,
COMMD4,,-1.2460602849574105,ad,
ZNF593,,-1.3220365137683698,ad,
SYN3,,3.008404196363614,ad,
MED6,,0.8322956916661362,ad,
TIMM8A,,1.419572079838634,ad,
LOC102724689,,1.9093907833250672,ad,
RAB11B,,1.6720543929304288,ad,
DUSP5,,-1.4291874191809182,ad,
PIGL,,-1.5188386582128457,ad,
LOC100996255,,1.6462852016461778,ad,
IKBKE,,1.2105323940829908,ad,
KRTAP5-AS1,,1.426920658653506,ad,
LINC00926,,1.588567496879599,ad,
GPS1,,-1.4112724961053411,ad,
PRF1,,1.2821648230736384,ad,
IPO4,,0.9782361936650341,ad,
NLRC5,,1.4679834458174117,ad,
NBPF20,,-1.293307402151365,ad,
C17orf67,,1.177344674877336,ad,
CYP1B1,,1.2059970106685558,ad,
CDK9,,-1.2587726319012598,ad,
SSH3,,1.1869831340207675,ad,
FCF1,,0.9307662980403695,ad,
RP11-727A23.11,,1.8960172071379038,ad,
RP11-212P7.2,,0.984618459396617,ad,
PPM1M,,1.039407437389019,ad,
HS3ST1,,2.2993005452236908,ad,
C19orf44,,1.0469614641373122,ad,
RHPN2,,1.5397171500771387,ad,
PADI1,,1.4053094469757772,ad,
RP11-559M23.1,,1.3431866855744676,ad,
PARP10,,1.724689555758756,ad,
LOC100128653,,0.7747654556339612,ad,
ICA1,,-1.3084492258188947,ad,
RP11-506O24.2,,1.3971155289111046,ad,
ZKSCAN2,,-1.316897366481708,ad,
SLC29A3,,1.1726266130864724,ad,
HOOK2,,1.5916179278452036,ad,
CAV2,,1.4425396522968024,ad,
ERF,,1.184235299652796,ad,
ZNF800,,2.0245597458250826,ad,
WNT6,,1.6386110329039179,ad,
MYZAP,,1.0782183039137934,ad,
TAMM41,,1.2130306590429702,ad,
GEMIN7,,-1.0485033271853128,ad,
NCAM2,,-0.7641600557403363,ad,
AP2A1,,1.6136936959473154,ad,
OSBP2,,2.366189314680006,ad,
ZNF516,,1.1589754563157335,ad,
C1orf204,,-1.0748959760207448,ad,
ZMYM5,,2.628338877628652,ad,
RP11-319G9.3,,1.169569253026129,ad,
MED30,,1.3021854889810678,ad,
ROBO3,,1.3594191522180479,ad,
RP11-539I5.1,,1.3642761714130254,ad,
C19orf24,,1.1554637114205812,ad,
SLC3A2,,-1.3210642641271235,ad,
KDM1B,,1.3850276238770043,ad,
SRGAP1,,2.3521082392023063,ad,
MRPL37,,-1.4608421603077337,ad,
SPRR4,,1.1925892631508725,ad,
AX747507,,2.547968261330994,ad,
PGD,,-1.5628105023781869,ad,
TFEB,,2.666896564608913,ad,
FER1L4,,1.1103698775969661,ad,
LOC100133089,,2.1499256045708206,ad,
AL590762.11,,1.2620410634390726,ad,
AKR7A3,,1.2504650720419583,ad,
ZNF510,,-1.3723057732839568,ad,
CASC7,,1.1240392003914215,ad,
LOC101060510,,1.6878574588061284,ad,
ZNF467,,1.3082768886852492,ad,
RP11-803D5.4,,1.839701596601265,ad,
ZNF446,,1.3808121526151957,ad,
NDUFB2-AS1,,1.6154083076413182,ad,
ANO8,,1.6074753156811612,ad,
RP11-454F8.2,,1.841210201928292,ad,
RPLP2,,-1.390847577826218,ad,
OBFC1,,-1.2988447024960923,ad,
DDX11L2,,1.901266465153987,ad,
RP4-593C16.3,,1.9414720734458317,ad,
RP11-680F8.4,,1.8122118478016445,ad,
WARS2,,-1.1675560577398842,ad,
DOK1,,1.4711418217994252,ad,
NSD1,,1.305932071598079,ad,
TM7SF2,,-1.3697384040445222,ad,
JPX,,1.75871144452376,ad,
RAB27A,,1.1549737250733019,ad,
DFNB31,,1.2921291225704206,ad,
STT3A,,-1.093262755454555,ad,
TMEM174,,1.3717067716426516,ad,
ATG16L1,,-1.8313405958418345,ad,
ZNF367,,0.8957562562243577,ad,
LOC100996385,,2.0194203978952947,ad,
PGBD4,,1.3144686606870009,ad,
FAM106A,,1.5664534411363382,ad,
RP11-552M11.8,,1.0270069848583248,ad,
CTXN1,,0.8462700191558525,ad,
LDB1,,2.1877146129427025,ad,
AX747652,,2.265690682031342,ad,
RP11-1114A5.4,,2.0565971650141632,ad,
FRMD6-AS1,,1.3453090963007783,ad,
ALDH1L2,,0.9827595141902874,ad,
FAM135B,,1.7515229533941188,ad,
TSGA10,,2.494687867551556,ad,
CLDN15,,1.6665168098155698,ad,
FANCM,,0.959806916877632,ad,
RDH5,,1.803395735563079,ad,
PIGN,,-0.9467930875942194,ad,
RBM41,,1.5257695928767019,ad,
LOC100130429,,2.354436843322791,ad,
CASP6,,1.2774254754923664,ad,
SEC24D,,1.2917058010850688,ad,
DUSP2,,1.9418755548920972,ad,
LOC101926918,,1.3715247974802658,ad,
NEXN,,1.3245249535921557,ad,
C1QTNF1,,1.1537222667051967,ad,
DMPK,,0.811860373196648,ad,
RP11-373D23.2,,1.9185547491738708,ad,
NVL,,-2.4879353182877715,ad,
RFX2,,1.3142031105142307,ad,
NRBP1,,-1.5112609425735126,ad,
TRIM52-AS1,,1.4546880478696016,ad,
SMPDL3B,,1.2968237948125632,ad,
NANOG,,1.9373472700465193,ad,
DOT1L,,1.750466490854449,ad,
RP11-111M22.3,,-1.6625595640102597,ad,
MCM3,,-1.57643291186778,ad,
POLR3C,,-1.5193608691479694,ad,
NR6A1,,1.6163880931388332,ad,
SHISA2,,1.5380138746493426,ad,
SCARNA17,,1.4019207036629462,ad,
ST8SIA2,,1.8910315771377704,ad,
RP11-16N11.2,,-0.9956450846374345,ad,
SNAPC1,,2.0920716006879836,ad,
PFN1,,-1.4171714159079327,ad,
METTL18,,-1.2627037572608133,ad,
LINC00597,,1.587951785428678,ad,
LOC101929681,,1.2776423487363378,ad,
RP11-194N12.2,,2.7293223965052498,ad,
LOC338620,,1.3731470509789396,ad,
STC1,,1.5105696571513372,ad,
ACPT,,1.4664722078472883,ad,
TCEB3-AS1,,-1.6931351147496922,ad,
LTBP2,,1.303131348156124,ad,
SVEP1,,1.6333985646294131,ad,
C7orf63,,-1.745754208737865,ad,
LSM14B,,1.4753138314955168,ad,
ARHGAP31,,1.3460003301961443,ad,
IRAK1BP1,,1.7053220632813666,ad,
PRR3,,-2.7888659187435554,ad,
CHIC2,,-1.2076607904908654,ad,
BC041025,,1.9376528230112156,ad,
RP11-157P1.4,,1.778288512857146,ad,
LINC00969,,1.7599134397448024,ad,
POLH,,1.830404467362305,ad,
GREM2,,2.3635761164002,ad,
PBX4,,1.3670561357420175,ad,
PRO1804,,2.3248582138309546,ad,
LINC00997,,1.7244206480914803,ad,
RASSF3,,2.089578656193858,ad,
PRKAG1,,-2.073995711473418,ad,
ABCA9,,1.687204219325884,ad,
USP39,,-2.460260294548357,ad,
NUDT2,,-2.9380618441979776,ad,
MIDN,,1.4400906476776276,ad,
MTSS1L,,2.455225046098395,ad,
SLC13A4,,1.8157427613823751,ad,
SDF2L1,,-2.2353804308874086,ad,
SLC25A15,,-1.4265500159476554,ad,
RP11-158G18.1,,1.3006318677496784,ad,
MN1,,2.004194975905734,ad,
SDR16C5,,-2.1583160654839952,ad,
POM121L12,,1.895652628391911,ad,
ZNF503-AS2,,1.448464339380596,ad,
MSL2,,-2.4000608960818264,ad,
UTP15,,-0.9708091837553825,ad,
CDC37,,-3.1239283985827866,ad,
CDKN2AIPNL,,-0.9205249898464976,ad,
CACNA1G,,1.3812066701831194,ad,
TMEM184A,,1.6112986953665986,ad,
VASN,,1.8736151713532374,ad,
CNOT10,,-1.700383594808331,ad,
NOMO3,,2.617824017136874,ad,
FLJ16734,,1.1907703755714412,ad,
HELB,,1.6237343268820075,ad,
ALKBH8,,2.1609609769844207,ad,
DHRS7B,,-2.784231943615297,ad,
NOTCH3,,1.4182970134854234,ad,
CAPN13,,2.3363562692591398,ad,
PLCD3,,1.7727877819764322,ad,
MYLK3,,0.9804632682026577,ad,
CTA-445C9.15,,1.49680270699234,ad,
RAVER2,,1.8012926247881635,ad,
DAPL1,,-1.8130864219324083,ad,
TDH,,1.2439246429923614,ad,
RUVBL1,,-1.7178372549939471,ad,
SLC23A3,,1.041109840113819,ad,
CARD14,,1.3679625892263143,ad,
NTSR2,,-2.018487660769191,ad,
PWAR5,,1.4835337544808027,ad,
ZP4,,1.2265103742232943,ad,
RP11-69I8.2,,1.541123712263448,ad,
CASC17,,1.3977331294203417,ad,
PRB1,,1.4914525849999318,ad,
LOC101927543,,1.3000236427303289,ad,
PKD1P1,,2.1250868354290695,ad,
TVP23C,,1.9561269888635398,ad,
SYCP3,,1.9017787208778376,ad,
WDR46,,-2.490067918491903,ad,
CREB3L1,,2.027755633244274,ad,
ZNF566,,2.3963554040171466,ad,
ALOX15B,,1.65212613758401,ad,
NFYC-AS1,,1.506577139801486,ad,
ABT1,,-2.2273961003571054,ad,
TNFAIP6,,1.3411491651423857,ad,
ZNF628,,1.769506726910647,ad,
LMTK3,,1.400863880328104,ad,
HLX,,-1.266249496020821,ad,
RP11-334J6.6,,2.273037450374641,ad,
SEPSECS-AS1,,1.8820736674211211,ad,
EDEM2,,-1.4906461982163233,ad,
GABRA3,,1.8670210935052873,ad,
RNASEH1-AS1,,1.2961450800287713,ad,
SSTR3,,1.4139790985074407,ad,
FLJ35934,,2.2505256719830227,ad,
SYT9,,-1.7158265402306458,ad,
C1orf220,,1.998865171556198,ad,
MAP7D3,,1.4142662812363183,ad,
TMEM37,,1.5794448615839087,ad,
HIST1H2BC,,1.5466788228205957,ad,
PUS10,,1.3463743496372453,ad,
ZNF596,,-1.3866259049023224,ad,
UBE2M,,-2.408859383003399,ad,
KIAA1614-AS1,,1.7811884139049612,ad,
HDAC7,,1.614613815204116,ad,
SCARF1,,1.7290690277296905,ad,
MAPK15,,1.5101471495659409,ad,
CLCN2,,1.285724371116756,ad,
LOC100134822,,1.9775038422578266,ad,
IL10RB,,1.3088676075285086,ad,
DQ599616,,2.020419454480865,ad,
CBLN3,,1.4285731046671133,ad,
IRF2BP1,,2.156108384629846,ad,
AC010524.4,,2.4379814313452757,ad,
LOC100130078,,2.08555880349686,ad,
AK055458,,3.127608834509289,ad,
PLA2G7,,1.6153530937397633,ad,
LURAP1,,1.3263433011459709,ad,
ADAMTS4,,1.5159231618842854,ad,
PSMB8-AS1,,1.4676658020142073,ad,
SHISA8,,1.4306499873654905,ad,
LOC100505501,,1.5124535514084876,ad,
IL2RB,,1.3052863561455856,ad,
CASP8,,1.9062339185232187,ad,
C12orf80,,1.8191942589953243,ad,
CYYR1,,2.1659291646594996,ad,
TBC1D28,,1.424771609059027,ad,
PP14571,,1.5376014154182558,ad,
C10orf82,,1.6698740884345726,ad,
DUSP15,,1.3052309120321635,ad,
PYGO1,,1.4938690378808364,ad,
ITFG2,,2.264257643629831,ad,
AGAP9,,2.4638994199572,ad,
RP11-65J3.14,,2.1666950465626567,ad,
NCK1-AS1,,1.6025624835032835,ad,
IGSF9B,,1.5135476296605903,ad,
LINC00266-1,,1.3600750576291523,ad,
LOC389831,,2.2425281347500086,ad,
CRNDE,,1.4338485694288332,ad,
PRKCDBP,,1.3376356879714857,ad,
CXCL1,,1.8164302490498088,ad,
PTPLAD2,,1.9296017412298845,ad,
C19orf47,,1.8630282626378305,ad,
DSPP,,1.2154526686673437,ad,
TNKS1BP1,,1.784477944570825,ad,
C1RL,,1.6947653100800952,ad,
PCAT6,,1.8565333059420217,ad,
LRRC69,,1.561231493451194,ad,
RNF25,,-1.9331520464967888,ad,
ASPDH,,1.8429399148786354,ad,
SAMD11,,1.9046557693953137,ad,
HAPLN3,,-1.3716255070689902,ad,
CCDC155,,1.493451233647713,ad,
KLHL34,,1.609234586734929,ad,
OR51I2,,1.9164372624835355,ad,
LOC153684,,1.6189073321480132,ad,
C10orf71,,1.7296221084169554,ad,
BC047644,,1.4530876543333209,ad,
CEL,,1.872398226586414,ad,
LOC100507311,,1.4250471488347776,ad,
MATR3,,2.0784031021551392,ad,
MTFR2,,2.1873611232645636,ad,
EIF3C,,2.331516051929871,ad,
ASB16,,1.8248536521329832,ad,
KLK4,,1.6427955011356756,ad,
PPM1N,,1.717639878011358,ad,
SSX3,,1.666035944371349,ad,
CDH15,,1.8120807733967483,ad,
UBXN7-AS1,,1.5422656161450048,ad,
TLR9,,1.7045449578781113,ad,
CLTC-IT1,,2.2707190496130774,ad,
PRO2214,,1.4041436596668104,ad,
LECT1,,1.3019767987660522,ad,
RAB6A,,1.843168394421693,ad,
LOC101927703,,2.0611366516828515,ad,
GLYAT,,1.7951780320320099,ad,
GPR32,,1.2645252257634354,ad,
KDR,,1.8758200677918815,ad,
IKZF3,,2.60211303291218,ad,
PLEKHA7,,2.0387233001309037,ad,
ZNF674-AS1,,2.081525765153803,ad,
LOC100507540,,2.0226755731414268,ad,
GATA1,,1.6520695318908922,ad,
IL11,,2.3476866488925174,ad,
RP11-635N19.1,,1.7173730368242142,ad,
GYPB,,1.6532491480055675,ad,
LOC100505498,,1.5645619858404993,ad,
GAS5,,1.7184501072975742,ad,
LINC01241,,2.1994442698818495,ad,
MKNK1-AS1,,2.2059576682704543,ad,
ROPN1L,,1.698757893100944,ad,
ASAP1-IT2,,1.6524301668486991,ad,
NLRP10,,1.330041081710723,ad,
GUCA2A,,2.019982079593648,ad,
FAM110A,,1.9513267578497215,ad,
TRIM78P,,2.0575053762273554,ad,
KIR2DL4,,1.6179470363116968,ad,
SNX31,,2.279882330286772,ad,
LOC102724156,,-2.092641098495103,ad,
MDS2,,2.0221248412327433,ad,
CCDC125,,1.5689682260757927,ad,
CST4,,1.6201134190474704,ad,
MCM8,,1.5889557872382811,ad,
KCNK6,,1.8209446098116384,ad,
DIO2-AS1,,1.8870278053076248,ad,
KRTAP7-1,,1.3382974058948562,ad,
RP11-357G3.2,,3.1769314567531923,ad,
SAMD1,,1.592483406012724,ad,
RP11-334C17.5,,3.8288361737652044,ad,
OK/SW-CL.58,,1.8848246669595325,ad,
RP11-495P10.6,,1.3373046293151925,ad,
OR2S2,,1.5686295768283949,ad,
RP11-714L20.1,,2.2971345259554035,ad,
HIC1,,1.343626916096496,ad,
WDR65,,2.3424368889612506,ad,
ADAMTS15,,1.844718040327232,ad,
SMIM6,,1.656523292782735,ad,
BNC1,,1.5675870886162087,ad,
RP5-1007H16.1,,1.8577188742979636,ad,
FLT4,,1.7805731039232824,ad,
SLITRK2,,1.8030617904875932,ad,
NME9,,1.558908716949428,ad,
CLEC2D,,2.2153607176037413,ad,
HERC2P7,,1.4484090955604514,ad,
RP11-63D14.1,,2.1497233422602826,ad,
ART4,,1.7632539649464989,ad,
UBALD1,,1.8465926332109164,ad,
CTF1,,1.3138786882466609,ad,
COL5A1,,1.8079911220459426,ad,
SCO1,,-1.8003011844198102,ad,
LINC00563,,1.5510272279486288,ad,
PCAT4,,1.7299492076256766,ad,
LOC221122,,2.1960156664071278,ad,
FAM166A,,-1.3634822901574628,ad,
TFF3,,1.8118165695966928,ad,
BMF,,1.2119435607889266,ad,
LINC00937,,2.85547954565761,ad,
MYLK-AS1,,-1.4335501851559962,ad,
LOC101927950,,1.6998010681606237,ad,
DOPEY2,,-1.775042122709146,ad,
MKRN3,,1.3692848134516282,ad,
BC045789,,1.9832655186644232,ad,
LOC101928327,,1.8124474912897552,ad,
SLC16A10,,1.3639046886793391,ad,
LOC100506895,,1.8708527434199107,ad,
RP11-421E14.2,,2.007728562939369,ad,
RP11-195M16.3,,1.6282765411687663,ad,
DKFZp451B082,,1.6288735243731596,ad,
AP000253.1,,2.0537808121122207,ad,
MUC5AC,,2.3257181108607785,ad,
LINC00454,,1.4298649912371744,ad,
FW340027,,1.7123823135307261,ad,
LINC01116,,1.5273321721517634,ad,
LINC00896,,1.4983962475936021,ad,
IGSF6,,1.8171271277799463,ad,
DKFZP434F142,,1.851783852502288,ad,
ZNF713,,2.2777045800940883,ad,
DLX5,,1.6671901608317006,ad,
SMIM10,,1.8284331312122104,ad,
CMTM8,,2.204243699110329,ad,
TEX35,,1.9731355164552684,ad,
RP3-327A19.5,,2.0404949104528574,ad,
AQP8,,1.680527711974746,ad,
ZNF76,,-1.3571961065104206,ad,
MCF2L-AS1,,1.8118196298560014,ad,
LOC284669,,2.2777677112084502,ad,
SLC2A1-AS1,,1.7905445636855113,ad,
TRPA1,,2.0594433530113117,ad,
WDR72,,1.6112279936069296,ad,
VSIG10,,1.8934784515022738,ad,
LOC101928858,,1.6443258011877804,ad,
EXD1,,2.04722296659887,ad,
TTC22,,2.340838533374012,ad,
CCDC81,,1.6461364366176903,ad,
FERMT3,,1.8981253784552465,ad,
LOC100288798,,2.3072988525219147,ad,
GTSE1-AS1,,1.7253825721368967,ad,
RP11-28F1.2,,1.8563645161129378,ad,
TLX3,,1.5615516551860829,ad,
C11orf94,,1.781435987248282,ad,
OR4D2,,1.6373714198414921,ad,
GLOD5,,1.743204368023568,ad,
LOC100506371,,2.068845619845204,ad,
RP1-272E8.1,,2.154613168806757,ad,
FPR3,,1.6949407962737508,ad,
TRPC5,,1.943639973913526,ad,
LOC100128922,,1.621371489118856,ad,
EGFLAM-AS4,,1.7324577655879252,ad,
MS4A8,,1.6609900382988942,ad,
PRB3,,1.6443663276154794,ad,
RNASE3,,1.4623236224424478,ad,
RP11-50B3.4,,1.495840157824691,ad,
BC022892,,2.962971900262732,ad,
TPRXL,,1.8914001872961572,ad,
AKNA,,2.1278471292945755,ad,
MYF6,,1.742758456771861,ad,
TRIM55,,1.8516467397353358,ad,
GRPR,,2.1453820787411817,ad,
KRT33B,,1.5817117453774312,ad,
OR5I1,,2.10348011732204,ad,
SHKBP1,,1.7376994685782376,ad,
NTM,,2.0000548263016977,ad,
GPR15,,1.4041468343696817,ad,
MS4A15,,1.8928094822323862,ad,
HOXB2,,1.8181577330433858,ad,
CD300C,,1.7106991175515067,ad,
EFNA4,,1.7252892925592231,ad,
PPP3R2,,1.952561162963347,ad,
RBPMS2,,1.965054019546765,ad,
AX748292,,1.9893442233804244,ad,
FAM83F,,1.5681461518539108,ad,
FGF16,,1.5419833732377741,ad,
LCE1B,,1.7040279213372607,ad,
LOC101928716,,1.342946239569852,ad,
CRYBA2,,-1.75925638942013,ad,
CASQ2,,1.700494218476194,ad,
AX746710,,1.9726000141772935,ad,
NPB,,0.9822513042716388,ad,
LOC101927884,,1.8307836297135132,ad,
CTD-2130O13.1,,1.746165834681992,ad,
HCRTR2,,2.0063199083932757,ad,
FLJ31945,,2.1962910190918277,ad,
PROK2,,1.656486542750594,ad,
S100A11,,1.7312586253599394,ad,
LOC253805,,2.1637159978512743,ad,
TGM6,,0.892440906678551,ad,
LOC100131756,,1.9874851090078716,ad,
LOC101927058,,1.7024658228271505,ad,
RP11-669M16.1,,1.595986221545922,ad,
ASPG,,-1.0425668733026812,ad,
LOC100131864,,1.3489519389840128,ad,
LINC00556,,1.4154072267066855,ad,
LOC101928519,,1.601137208525797,ad,
LOC101929019,,1.7464189894268993,ad,
GCM1,,1.653075975595896,ad,
CCR4,,1.6861925103394624,ad,
HMGB4,,1.567406033242042,ad,
VRTN,,0.9402822111650737,ad,
C19orf84,,1.0450055268852898,ad,
PIK3C2G,,1.7594847709749293,ad,
PSORS1C2,,1.3604100242384236,ad,
OR2L2,,1.65051100112992,ad,
RP11-85A1.3,,1.2089014856702067,ad,
FAM47E,,1.3911413140242388,ad,
RP11-330M19.1,,1.7364572843606525,ad,
GAGE1,,1.4206530508600124,ad,
C1orf87,,1.5256730415275261,ad,
TMEM52,,1.7898694189587774,ad,
PSG11,,1.3952272641786267,ad,
AGAP11,,1.7533725900822579,ad,
VSTM1,,1.8141241598422742,ad,
LINC01272,,1.8042206628768684,ad,
BARX1-AS1,,1.5056091161497753,ad,
LOC285627,,1.8109464229052836,ad,
LOC100130964,,1.5990491826628022,ad,
ALX1,,1.4417478857953152,ad,
LOC102546226,,1.7794120168341907,ad,
LOC150051,,1.520143124663461,ad,
NUP62CL,,-1.5300111990547935,ad,
RGS9BP,,1.213858024930456,ad,
RP11-847H18.2,,1.732518442405318,ad,
GPR50,,1.5679679263352,ad,
EPB42,,1.5990512532553214,ad,
HIST1H3G,,1.2398789595333208,ad,
LOC102725345,,1.5918368041733149,ad,
FAM71C,,1.3165412818516118,ad,
LINC01425,,1.5199243566866154,ad,
FAS-AS1,,1.2557191731414346,ad,
