term,library,direction,adj_p,overlap,genes
Immune System R-HSA-168256,Reactome_2022,up,3.0588101695468635e-14,45/1943,CD86;C1QB;SERPINA3;IFITM2;C1R;ITGB2;LY96;TREM2;C3;MT2A;HLA-DMA;HLA-DMB;IFI16;CLEC7A;INPP5D;C3AR1;COTL1;STOM;NCKAP1L;IL6R;TRIM22;CD99;LAIR1;IL13RA1;HAVCR2;CD74;TGFB1;FCER1G;SYK;CD300A;RNASET2;RNASE6;LY86;MSN;HLA-E;TYROBP;FCGR2A;HLA-DRA;IRF8;TAB2;DOCK2;SIGLEC8;CD44;TLR2;C1QC
Staphylococcus aureus infection,KEGG_2021_Human,up,1.195283695736856e-09,11/95,C1QB;C3;HLA-DMA;HLA-DMB;FCGR2A;C1R;ITGB2;C3AR1;HLA-DPB1;HLA-DRA;C1QC
Innate Immune System R-HSA-168249,Reactome_2022,up,1.1962403835667414e-09,28/1035,C1QB;SERPINA3;C1R;ITGB2;LY96;TREM2;C3;IFI16;CLEC7A;C3AR1;COTL1;STOM;NCKAP1L;LAIR1;FCER1G;SYK;CD300A;RNASET2;RNASE6;LY86;HLA-E;TYROBP;FCGR2A;TAB2;DOCK2;CD44;TLR2;C1QC
Leishmaniasis,KEGG_2021_Human,up,1.703792277507871e-09,10/77,C3;HLA-DMA;HLA-DMB;TGFB1;FCGR2A;ITGB2;HLA-DPB1;HLA-DRA;TAB2;TLR2
Tuberculosis,KEGG_2021_Human,up,2.042933846223845e-09,13/180,CD74;TGFB1;FCER1G;SYK;ITGB2;C3;HLA-DMA;HLA-DMB;FCGR2A;CLEC7A;HLA-DPB1;HLA-DRA;TLR2
Phagosome,KEGG_2021_Human,up,5.016033685235731e-08,11/152,C3;HLA-DMA;HLA-DMB;FCGR2A;CLEC7A;C1R;ITGB2;HLA-DPB1;HLA-DRA;HLA-E;TLR2
Allograft rejection,KEGG_2021_Human,up,5.777333774083729e-08,7/38,CD86;HLA-DMA;HLA-DMB;HLA-DPB1;FAS;HLA-DRA;HLA-E
Positive Regulation Of Tumor Necrosis Factor Superfamily Cytokine Production (GO:1903557),GO_Biological_Process_2023,up,6.690217601662842e-08,10/82,CD86;CD84;TYROBP;SYK;CLEC7A;LY96;LCP1;HAVCR2;HLA-E;TLR2
Graft-versus-host disease,KEGG_2021_Human,up,1.0095432177757157e-07,7/42,CD86;HLA-DMA;HLA-DMB;HLA-DPB1;FAS;HLA-DRA;HLA-E
Type I diabetes mellitus,KEGG_2021_Human,up,1.0286131977557069e-07,7/43,CD86;HLA-DMA;HLA-DMB;HLA-DPB1;FAS;HLA-DRA;HLA-E
Systemic lupus erythematosus,KEGG_2021_Human,up,1.1523416076076509e-07,10/135,CD86;C3;C1QB;HLA-DMA;HLA-DMB;FCGR2A;C1R;HLA-DPB1;HLA-DRA;C1QC
Positive Regulation Of Tumor Necrosis Factor Production (GO:0032760),GO_Biological_Process_2023,up,3.572304200227705e-07,9/78,CD84;TYROBP;SYK;CLEC7A;LY96;LCP1;HAVCR2;HLA-E;TLR2
Positive Regulation Of Cytokine Production (GO:0001819),GO_Biological_Process_2023,up,3.572304200227705e-07,15/320,CD86;CD74;TGFB1;FCER1G;SYK;LAPTM5;HLA-E;C3;TYROBP;IFI16;CLEC7A;LCP1;IL6R;HAVCR2;TLR2
Autoimmune thyroid disease,KEGG_2021_Human,up,3.646974121788018e-07,7/53,CD86;HLA-DMA;HLA-DMB;HLA-DPB1;FAS;HLA-DRA;HLA-E
Regulation Of Interleukin-6 Production (GO:0032675),GO_Biological_Process_2023,up,4.552119274114581e-07,10/114,CD74;CD84;TYROBP;SYK;CLEC7A;NCKAP1L;TREM2;LCP1;IL6R;TLR2
Complement and coagulation cascades,KEGG_2021_Human,up,4.843025527756407e-07,8/85,C1QB;C3;VWF;C1R;ITGB2;C3AR1;VSIG4;C1QC
Viral myocarditis,KEGG_2021_Human,up,7.228341262981429e-07,7/60,CD86;HLA-DMA;HLA-DMB;ITGB2;HLA-DPB1;HLA-DRA;HLA-E
Cell Surface Interactions At Vascular Wall R-HSA-202733,Reactome_2022,up,7.84178298941253e-07,10/134,CD74;CD84;TGFB1;FCER1G;SLC7A7;GYPC;INPP5D;ITGB2;CD99;CD44
Rheumatoid arthritis,KEGG_2021_Human,up,8.215698293080763e-07,8/93,CD86;HLA-DMA;HLA-DMB;TGFB1;ITGB2;HLA-DPB1;HLA-DRA;TLR2
Coronavirus disease,KEGG_2021_Human,up,1.2455352116618304e-06,11/232,C3;C1QB;FCGR2A;SYK;VWF;C1R;C3AR1;TAB2;IL6R;TLR2;C1QC
Neutrophil Degranulation R-HSA-6798695,Reactome_2022,up,1.3448886611306782e-06,16/468,SERPINA3;FCER1G;CD300A;RNASET2;ITGB2;C3;TYROBP;FCGR2A;C3AR1;COTL1;STOM;NCKAP1L;DOCK2;CD44;LAIR1;TLR2
Positive Regulation Of Superoxide Anion Generation (GO:0032930),GO_Biological_Process_2023,up,2.186428855604745e-06,5/13,TGFB1;TYROBP;SYK;CLEC7A;ITGB2
Adaptive Immune System R-HSA-1280218,Reactome_2022,up,2.6216058826888406e-06,19/733,CD86;CD74;SYK;CD300A;ITGB2;LY96;TREM2;HLA-E;C3;HLA-DMA;TYROBP;HLA-DMB;INPP5D;HLA-DRA;TAB2;SIGLEC8;CD99;LAIR1;TLR2
Immunoregulatory Interactions Between A Lymphoid And A non-Lymphoid Cell R-HSA-198933,Reactome_2022,up,2.6216058826888406e-06,9/123,C3;TYROBP;CD300A;ITGB2;TREM2;SIGLEC8;CD99;LAIR1;HLA-E
Hemostasis R-HSA-109582,Reactome_2022,up,2.6216058826888406e-06,17/576,SERPINA3;CD74;CD84;TGFB1;FCER1G;GYPC;SYK;VWF;ZNF160;ITGB2;SYTL4;SLC7A7;CD109;INPP5D;DOCK2;CD99;CD44
Epstein-Barr virus infection,KEGG_2021_Human,up,2.6237101821631765e-06,10/202,HLA-DMA;HLA-DMB;SYK;HLA-DPB1;HLA-DRA;FAS;TAB2;CD44;HLA-E;TLR2
Toxoplasmosis,KEGG_2021_Human,up,2.6237101821631765e-06,8/112,HLA-DMA;TGFB1;HLA-DMB;HLA-DPB1;LY96;HLA-DRA;TAB2;TLR2
Pertussis,KEGG_2021_Human,up,2.6237101821631765e-06,7/76,C1QB;C3;C1R;ITGB2;IRF8;LY96;C1QC
Regulation Of Superoxide Anion Generation (GO:0032928),GO_Biological_Process_2023,up,2.8210609903700087e-06,5/14,TGFB1;TYROBP;SYK;CLEC7A;ITGB2
Intestinal immune network for IgA production,KEGG_2021_Human,up,2.829615209794527e-06,6/48,CD86;HLA-DMA;HLA-DMB;TGFB1;HLA-DPB1;HLA-DRA
Positive Regulation Of Chemokine Production (GO:0032722),GO_Biological_Process_2023,up,4.837220823090052e-06,7/53,CD74;CD84;SYK;CLEC7A;LCP1;IL6R;TLR2
Asthma,KEGG_2021_Human,up,7.146109357356035e-06,5/31,HLA-DMA;HLA-DMB;FCER1G;HLA-DPB1;HLA-DRA
Positive Regulation Of Interleukin-4 Production (GO:0032753),GO_Biological_Process_2023,up,8.887496687365151e-06,5/18,CD86;FCER1G;SYK;HLA-E;HAVCR2
Regulation Of Tumor Necrosis Factor Production (GO:0032680),GO_Biological_Process_2023,up,9.115450188783682e-06,9/127,CD84;TYROBP;SYK;CLEC7A;LY96;LCP1;HLA-E;HAVCR2;TLR2
Synapse Pruning (GO:0098883),GO_Biological_Process_2023,up,1.0727216911252729e-05,4/8,C1QB;C3;TREM2;C1QC
Cellular Response To Copper Ion (GO:0071280),GO_Biological_Process_2023,up,1.158740393618932e-05,5/20,MT2A;MT1G;MT1H;MT1E;MT1HL1
Inflammatory bowel disease,KEGG_2021_Human,up,1.5717959714432557e-05,6/65,HLA-DMA;HLA-DMB;TGFB1;HLA-DPB1;HLA-DRA;TLR2
Metallothioneins Bind Metals R-HSA-5661231,Reactome_2022,up,1.6579628380670846e-05,4/11,MT2A;MT1G;MT1H;MT1E
Cell adhesion molecules,KEGG_2021_Human,up,1.7461699072658154e-05,8/148,CD86;HLA-DMA;HLA-DMB;ITGB2;HLA-DPB1;HLA-DRA;CD99;HLA-E
Cellular Response To Low-Density Lipoprotein Particle Stimulus (GO:0071404),GO_Biological_Process_2023,up,1.787376158124333e-05,5/22,FCER1G;SYK;ITGB2;TREM2;LCP1
Regulation Of Interleukin-4 Production (GO:0032673),GO_Biological_Process_2023,up,2.0983694530427485e-05,5/23,CD86;FCER1G;SYK;HLA-E;HAVCR2
"Regulation Of Phagocytosis, Engulfment (GO:0060099)",GO_Biological_Process_2023,up,2.2780029209314497e-05,4/10,C3;CD300A;NCKAP1L;TREM2
Response To Copper Ion (GO:0046688),GO_Biological_Process_2023,up,2.2864649843099403e-05,5/24,MT2A;MT1G;MT1H;MT1E;MT1HL1
T Cell Activation (GO:0042110),GO_Biological_Process_2023,up,2.423798089478993e-05,8/111,CD86;CD74;CD84;CLEC7A;RAB29;MSN;LCP1;CD44
Positive Regulation Of Interleukin-6 Production (GO:0032755),GO_Biological_Process_2023,up,2.423798089478993e-05,7/76,CD74;TYROBP;SYK;CLEC7A;LCP1;IL6R;TLR2
Positive Regulation Of Lymphocyte Activation (GO:0051251),GO_Biological_Process_2023,up,2.423798089478993e-05,6/47,HLA-DMA;HLA-DMB;TYROBP;CLEC7A;HLA-DRA;NCKAP1L
Cytokine Signaling In Immune System R-HSA-1280215,Reactome_2022,up,2.8786419268388584e-05,17/702,CD86;IFITM2;TGFB1;SYK;ITGB2;MSN;HLA-E;MT2A;INPP5D;HLA-DRA;IRF8;TAB2;IL6R;TRIM22;CD44;IL13RA1;HAVCR2
Response To Metal Ions R-HSA-5660526,Reactome_2022,up,3.9691250980197586e-05,4/14,MT2A;MT1G;MT1H;MT1E
Antigen processing and presentation,KEGG_2021_Human,up,4.157364467497447e-05,6/78,CD74;HLA-DMA;HLA-DMB;HLA-DPB1;HLA-DRA;HLA-E
Immunoglobulin Mediated Immune Response (GO:0016064),GO_Biological_Process_2023,up,5.88498321840762e-05,5/30,CD74;HLA-DMA;HLA-DMB;FCER1G;HLA-DRA
Regulation Of Peptidyl-Tyrosine Phosphorylation (GO:0050730),GO_Biological_Process_2023,up,6.540385698570135e-05,7/90,CD74;TGFB1;ITGB2;HCLS1;TREM2;IL6R;CD44
Antigen Processing And Presentation Of Exogenous Peptide Antigen (GO:0002478),GO_Biological_Process_2023,up,6.540385698570135e-05,5/31,HLA-DMA;HLA-DMB;FCER1G;HLA-DRA;HLA-E
Regulation Of Phagocytosis (GO:0050764),GO_Biological_Process_2023,up,7.09434849365752e-05,6/58,FCER1G;SYK;CLEC7A;TREM2;DOCK2;TLR2
Positive Regulation Of Phagocytosis (GO:0050766),GO_Biological_Process_2023,up,8.314034353554827e-05,6/60,C3;FCER1G;CLEC7A;TREM2;NCKAP1L;DOCK2
Cellular Response To Zinc Ion (GO:0071294),GO_Biological_Process_2023,up,8.444379294402414e-05,4/15,MT2A;MT1G;MT1H;MT1E
Humoral Immune Response Mediated By Circulating Immunoglobulin (GO:0002455),GO_Biological_Process_2023,up,0.00010856185801191327,3/5,C1QB;C1R;C1QC
Myeloid Cell Activation Involved In Immune Response (GO:0002275),GO_Biological_Process_2023,up,0.00012969806423678457,4/17,FCER1G;TYROBP;SYK;DOCK2
Negative Regulation Of Immune Response (GO:0050777),GO_Biological_Process_2023,up,0.00012969806423678457,6/66,SYK;IFI16;CD300A;RHBDF2;TREM2;HAVCR2
Classical Antibody-Mediated Complement Activation R-HSA-173623,Reactome_2022,up,0.00013063195037306204,3/6,C1QB;C1R;C1QC
Hematopoietic cell lineage,KEGG_2021_Human,up,0.00015670226064568046,6/99,HLA-DMA;HLA-DMB;HLA-DPB1;HLA-DRA;IL6R;CD44
Mineral absorption,KEGG_2021_Human,up,0.00015704287404748492,5/60,MT2A;MT1G;MT1H;MT1HL1;MT1E
Chagas disease,KEGG_2021_Human,up,0.00017017954878827205,6/102,C3;C1QB;TGFB1;FAS;TLR2;C1QC
Initial Triggering Of Complement R-HSA-166663,Reactome_2022,up,0.00018280250253547065,4/21,C1QB;C3;C1R;C1QC
Regulation Of Complement Cascade R-HSA-977606,Reactome_2022,up,0.00018280250253547065,5/45,C1QB;C3;C1R;C3AR1;C1QC
Positive Regulation Of Signal Transduction (GO:0009967),GO_Biological_Process_2023,up,0.000187445869924773,10/266,C3;CD74;TGFB1;VWF;LY86;BMP2K;LY96;FAS;TREM2;TLR2
Regulation Of Chemokine Production (GO:0032642),GO_Biological_Process_2023,up,0.00018838985389343845,5/41,CD74;TREM2;LCP1;IL6R;TLR2
Regulation Of B Cell Differentiation (GO:0045577),GO_Biological_Process_2023,up,0.00018838985389343845,4/19,SYK;INPP5D;NCKAP1L;ZFP36L1
Herpes simplex virus 1 infection,KEGG_2021_Human,up,0.0001943065251271724,12/498,C3;CD74;HLA-DMA;HLA-DMB;SYK;ZNF160;HLA-DPB1;HLA-DRA;FAS;TAB2;HLA-E;TLR2
Th17 cell differentiation,KEGG_2021_Human,up,0.0002058951451727527,6/107,HLA-DMA;TGFB1;HLA-DMB;HLA-DPB1;HLA-DRA;IL6R
Positive Regulation Of Leukocyte Cell-Cell Adhesion (GO:1903039),GO_Biological_Process_2023,up,0.0002575040392757264,5/44,HLA-DMA;HLA-DMB;ITGB2;HLA-DRA;CD44
Regulation Of Interleukin-2 Production (GO:0032663),GO_Biological_Process_2023,up,0.00034745579954280315,5/47,CD86;CLEC7A;LAPTM5;VSIG4;HAVCR2
Interferon Gamma Signaling R-HSA-877300,Reactome_2022,up,0.0003672614179055359,6/89,MT2A;IRF8;HLA-DRA;TRIM22;CD44;HLA-E
Positive Regulation Of Reactive Oxygen Species Metabolic Process (GO:2000379),GO_Biological_Process_2023,up,0.0003743561689041737,5/48,TGFB1;TYROBP;SYK;CLEC7A;ITGB2
Positive Regulation Of Macromolecule Metabolic Process (GO:0010604),GO_Biological_Process_2023,up,0.0003884103150256289,11/364,CD74;TYROBP;TGFB1;CLEC7A;TNC;TMEM119;RAB29;LAPTM5;MSN;TREM2;TLR2
Negative Regulation Of T Cell Activation (GO:0050868),GO_Biological_Process_2023,up,0.0003884103150256289,5/49,CD86;LAPTM5;NCKAP1L;VSIG4;HAVCR2
Negative Regulation Of Leukocyte Degranulation (GO:0043301),GO_Biological_Process_2023,up,0.0003884103150256289,3/8,CD84;CD300A;NCKAP1L
Positive Regulation Of Membrane Invagination (GO:1905155),GO_Biological_Process_2023,up,0.0003884103150256289,3/8,C3;NCKAP1L;TREM2
Positive Regulation Of Monocyte Chemotactic Protein-1 Production (GO:0071639),GO_Biological_Process_2023,up,0.0003884103150256289,3/8,CD84;SYK;CLEC7A
Mononuclear Cell Differentiation (GO:1903131),GO_Biological_Process_2023,up,0.0003884103150256289,4/24,IFI16;IRF8;MT1G;TREM2
Complement Cascade R-HSA-166658,Reactome_2022,up,0.000430570237956099,5/55,C1QB;C3;C1R;C3AR1;C1QC
Response To Zinc Ion (GO:0010043),GO_Biological_Process_2023,up,0.00044880213916559993,4/25,MT2A;MT1G;MT1H;MT1E
Positive Regulation Of Protein Phosphorylation (GO:0001934),GO_Biological_Process_2023,up,0.0004516008882076836,11/377,C3;CD74;TGFB1;APLNR;TMEM119;HCLS1;FAS;TAB2;TREM2;IL6R;CD44
Cellular Response To Cytokine Stimulus (GO:0071345),GO_Biological_Process_2023,up,0.0004516008882076836,10/308,CEBPA;MT2A;IFITM2;IFI16;HCLS1;IRF8;IL6R;IL13RA1;ZFP36L1;TLR2
DAP12 Signaling R-HSA-2424491,Reactome_2022,up,0.0004763185781505877,4/28,TYROBP;SYK;TREM2;HLA-E
Antigen Processing And Presentation Of Exogenous Peptide Antigen Via MHC Class II (GO:0019886),GO_Biological_Process_2023,up,0.0004911749501391458,4/26,HLA-DMA;HLA-DMB;FCER1G;HLA-DRA
"Positive Regulation Of Phagocytosis, Engulfment (GO:0060100)",GO_Biological_Process_2023,up,0.0005093511535969749,3/9,C3;NCKAP1L;TREM2
Osteoclast differentiation,KEGG_2021_Human,up,0.00051586282625539,6/127,TYROBP;TGFB1;FCGR2A;SYK;TAB2;TREM2
Natural killer cell mediated cytotoxicity,KEGG_2021_Human,up,0.0005835379970606271,6/131,TYROBP;FCER1G;SYK;ITGB2;FAS;HLA-E
Neutrophil extracellular trap formation,KEGG_2021_Human,up,0.0005835379970606271,7/189,C3;FCGR2A;SYK;VWF;CLEC7A;ITGB2;TLR2
Antigen Processing And Presentation Of Peptide Antigen Via MHC Class II (GO:0002495),GO_Biological_Process_2023,up,0.0006370211166115217,4/28,HLA-DMA;HLA-DMB;FCER1G;HLA-DRA
Positive Regulation Of B Cell Differentiation (GO:0045579),GO_Biological_Process_2023,up,0.0006930388091452595,3/10,SYK;INPP5D;NCKAP1L
Positive Regulation Of Protein-Containing Complex Assembly (GO:0031334),GO_Biological_Process_2023,up,0.0007142105553344962,6/98,TGFB1;SYK;CLEC7A;PIEZO1;CAPG;LCP1
Regulation Of Monocyte Chemotactic Protein-1 Production (GO:0071637),GO_Biological_Process_2023,up,0.0008558380969740895,3/11,CD84;SYK;CLEC7A
Neutrophil Activation Involved In Immune Response (GO:0002283),GO_Biological_Process_2023,up,0.0008558380969740895,3/11,FCER1G;TYROBP;SYK
Macrophage Activation Involved In Immune Response (GO:0002281),GO_Biological_Process_2023,up,0.0008558380969740895,3/11,TYROBP;SYK;TREM2
Regulation Of Cell Activation (GO:0050865),GO_Biological_Process_2023,up,0.0008558380969740895,3/11,FCER1G;SYK;TREM2
Malaria,KEGG_2021_Human,up,0.0009434943981087962,4/50,TGFB1;GYPC;ITGB2;TLR2
Positive Regulation Of Response To External Stimulus (GO:0032103),GO_Biological_Process_2023,up,0.000961617728030298,7/155,CEBPA;TGFB1;LY86;LY96;TREM2;LCP1;TLR2
Positive Regulation Of Interleukin-12 Production (GO:0032735),GO_Biological_Process_2023,up,0.0010568280035237,4/33,SYK;CLEC7A;LAPTM5;TLR2
Human T-cell leukemia virus 1 infection,KEGG_2021_Human,up,0.0013470001082177,7/219,HLA-DMA;TGFB1;HLA-DMB;ITGB2;HLA-DPB1;HLA-DRA;HLA-E
Creation Of C4 And C2 Activators R-HSA-166786,Reactome_2022,up,0.0014866696963428,3/14,C1QB;C1R;C1QC
Positive Regulation Of Intracellular Signal Transduction (GO:1902533),GO_Biological_Process_2023,up,0.0015345381926236,12/525,CD86;CD74;TGFB1;VWF;CLEC7A;LAPTM5;HCLS1;TAB2;TREM2;NUPR1;TRIM22;TLR2
Myeloid Leukocyte Differentiation (GO:0002573),GO_Biological_Process_2023,up,0.0015345381926236,5/71,CEBPA;TYROBP;IFI16;MT1G;TREM2
Regulation Of Sequestering Of Triglyceride (GO:0010889),GO_Biological_Process_2023,up,0.0016112400112452,3/14,TREM2;LCP1;OSBPL11
Peptide Antigen Assembly With MHC Class II Protein Complex (GO:0002503),GO_Biological_Process_2023,up,0.0016112400112452,3/14,HLA-DMA;HLA-DMB;HLA-DRA
Regulation Of Mast Cell Degranulation (GO:0043304),GO_Biological_Process_2023,up,0.0016112400112452,3/14,CD84;SYK;CD300A
MHC Class II Protein Complex Assembly (GO:0002399),GO_Biological_Process_2023,up,0.0016112400112452,3/14,HLA-DMA;HLA-DMB;HLA-DRA
Positive Regulation Of Lymphocyte Proliferation (GO:0050671),GO_Biological_Process_2023,up,0.0017162783519341,5/74,CD86;CD74;HLA-DMB;NCKAP1L;HLA-E
Inflammatory Response (GO:0006954),GO_Biological_Process_2023,up,0.0017342088240174,8/236,SERPINA3;TGFB1;ADORA3;ITGB2;C3AR1;TAB2;CD44;TLR2
Negative Regulation Of Lymphocyte Proliferation (GO:0050672),GO_Biological_Process_2023,up,0.0017674448534615,4/39,CD86;TYROBP;CD300A;VSIG4
Negative Regulation Of Cytokine Production (GO:0001818),GO_Biological_Process_2023,up,0.0019062930394288,7/178,CD84;TYROBP;LAPTM5;NCKAP1L;TREM2;VSIG4;HAVCR2
Positive Regulation Of Endocytosis (GO:0045807),GO_Biological_Process_2023,up,0.0021994497610688,5/79,C3;FCER1G;CLEC7A;TREM2;DOCK2
Negative Regulation Of Inflammatory Response To Antigenic Stimulus (GO:0002862),GO_Biological_Process_2023,up,0.0022308791432533,3/16,SYK;RHBDF2;TREM2
Response To Type II Interferon (GO:0034341),GO_Biological_Process_2023,up,0.0022644444278195,5/80,CD74;IFITM2;IRF8;CXCL16;TLR2
DAP12 Interactions R-HSA-2172127,Reactome_2022,up,0.0023850586112132,4/43,TYROBP;SYK;TREM2;HLA-E
Positive Regulation Of Peptidyl-Tyrosine Phosphorylation (GO:0050731),GO_Biological_Process_2023,up,0.0024391123939967,6/130,CD74;TGFB1;HCLS1;TREM2;IL6R;CD44
Negative Regulation Of Leukocyte Activation (GO:0002695),GO_Biological_Process_2023,up,0.0024559795373371,3/17,CD84;CD300A;HAVCR2
Regulation Of Inflammatory Response To Antigenic Stimulus (GO:0002861),GO_Biological_Process_2023,up,0.0024559795373371,3/17,SYK;RHBDF2;TREM2
T Cell Migration (GO:0072678),GO_Biological_Process_2023,up,0.0024559795373371,3/17,MSN;CD99;CXCL16
Positive Regulation Of Cell Adhesion Mediated By Integrin (GO:0033630),GO_Biological_Process_2023,up,0.0024559795373371,3/17,SYK;PIEZO1;NCKAP1L
Regulation Of B Cell Proliferation (GO:0030888),GO_Biological_Process_2023,up,0.0024559795373371,4/44,CD74;TYROBP;CD300A;NCKAP1L
Cellular Response To Metal Ion (GO:0071248),GO_Biological_Process_2023,up,0.0027539783313455,6/135,MT2A;ALOX5AP;MT1G;MT1H;MT1HL1;MT1E
Peptide Antigen Assembly With MHC Protein Complex (GO:0002501),GO_Biological_Process_2023,up,0.0027933308262425,3/18,HLA-DMA;HLA-DMB;HLA-DRA
Neutrophil Activation (GO:0042119),GO_Biological_Process_2023,up,0.0027933308262425,3/18,FCER1G;TYROBP;SYK
Fc epsilon RI signaling pathway,KEGG_2021_Human,up,0.0028848688402344,4/68,FCER1G;SYK;INPP5D;ALOX5AP
Cellular Response To Lectin (GO:1990858),GO_Biological_Process_2023,up,0.0030965203953303,3/19,TYROBP;SYK;CLEC7A
Immunoglobulin Production Involved In Immunoglobulin-Mediated Immune Response (GO:0002381),GO_Biological_Process_2023,up,0.0030965203953303,3/19,HLA-DMA;HLA-DMB;HLA-DRA
Stimulatory C-type Lectin Receptor Signaling Pathway (GO:0002223),GO_Biological_Process_2023,up,0.0030965203953303,3/19,TYROBP;SYK;CLEC7A
Cortical Actin Cytoskeleton Organization (GO:0030866),GO_Biological_Process_2023,up,0.0030965203953303,3/19,FMNL3;NCKAP1L;LCP1
Positive Regulation Of Alpha-Beta T Cell Activation (GO:0046635),GO_Biological_Process_2023,up,0.0030965203953303,3/19,SYK;HLA-DRA;HLA-E
Regulation Of Interleukin-12 Production (GO:0032655),GO_Biological_Process_2023,up,0.0034352663682006,4/50,SYK;CLEC7A;LAPTM5;TLR2
Negative Regulation Of B Cell Activation (GO:0050869),GO_Biological_Process_2023,up,0.0034352663682006,3/20,TYROBP;CD300A;LAPTM5
Microglial Cell Activation (GO:0001774),GO_Biological_Process_2023,up,0.0034352663682006,3/20,TYROBP;ITGB2;TREM2
Positive Regulation Of Lipid Storage (GO:0010884),GO_Biological_Process_2023,up,0.0034352663682006,3/20,C3;LCP1;OSBPL11
Defense Response To Bacterium (GO:0042742),GO_Biological_Process_2023,up,0.0034352663682006,7/204,FCER1G;SYK;RNASE6;TREM2;IL6R;HLA-E;TLR2
Interferon Signaling R-HSA-913531,Reactome_2022,up,0.0034649438438214,7/200,MT2A;IFITM2;HLA-DRA;IRF8;TRIM22;CD44;HLA-E
Response To Cadmium Ion (GO:0046686),GO_Biological_Process_2023,up,0.0038656622697555,3/21,MT1G;MT1H;MT1E
Negative Regulation Of Interleukin-2 Production (GO:0032703),GO_Biological_Process_2023,up,0.0038656622697555,3/21,LAPTM5;VSIG4;HAVCR2
Positive Regulation Of B Cell Activation (GO:0050871),GO_Biological_Process_2023,up,0.0038656622697555,4/52,CD74;SYK;INPP5D;NCKAP1L
Cellular Response To Cadmium Ion (GO:0071276),GO_Biological_Process_2023,up,0.0043673044476139,3/22,MT1G;MT1H;MT1E
Pathogenic Escherichia coli infection,KEGG_2021_Human,up,0.0044105681450938,6/197,FCGR2A;HCLS1;FAS;NCKAP1L;TAB2;MYO1F
Neuron Projection Regeneration (GO:0031102),GO_Biological_Process_2023,down,0.0045295275341761,2/9,NREP;PTN
Hemopoiesis (GO:0030097),GO_Biological_Process_2023,up,0.004908973083228,5/101,TGFBR3;CEBPA;TGFB1;IFI16;ZNF160
Positive Regulation Of Neutrophil Migration (GO:1902624),GO_Biological_Process_2023,up,0.004908973083228,3/23,CD74;NCKAP1L;CD99
Regulation Of T Cell Activation Via T Cell Receptor Contact With Antigen Bound To MHC Molecule On Antigen Presenting Cell (GO:2001188),GO_Biological_Process_2023,up,0.0050063329391523,2/5,HLA-DMB;HAVCR2
Cell Junction Disassembly (GO:0150146),GO_Biological_Process_2023,up,0.0050063329391523,2/5,C1QB;C1QC
Negative Regulation Of Myeloid Leukocyte Mediated Immunity (GO:0002887),GO_Biological_Process_2023,up,0.0050063329391523,2/5,CD84;CD300A
Positive Regulation Of Interleukin-1 Beta Production (GO:0032731),GO_Biological_Process_2023,up,0.0051085785558493,4/57,TYROBP;IFI16;CLEC7A;LCP1
Proteoglycans in cancer,KEGG_2021_Human,up,0.0052506685029979,6/205,TGFB1;MSN;HCLS1;FAS;CD44;TLR2
Positive Regulation Of T Cell Activation (GO:0050870),GO_Biological_Process_2023,up,0.0060741285085488,5/107,CD86;HLA-DMA;HLA-DMB;HLA-DRA;NCKAP1L
Positive Regulation Of Phosphorylation (GO:0042327),GO_Biological_Process_2023,up,0.0061226049037205,7/231,C3;CD74;TGFB1;TMEM119;FAS;NCKAP1L;TREM2
Signaling By Interleukins R-HSA-449147,Reactome_2022,up,0.0061780698249642,10/453,CD86;TGFB1;SYK;INPP5D;ITGB2;MSN;TAB2;IL6R;IL13RA1;HAVCR2
Positive Regulation Of Interleukin-8 Production (GO:0032757),GO_Biological_Process_2023,up,0.0064259124603887,4/61,CD74;SYK;CLEC7A;TLR2
Response To Lipid (GO:0033993),GO_Biological_Process_2023,up,0.0066875959250837,5/110,TGFB1;SYK;LY96;TAB2;TREM2
Regulation Of T Cell Activation (GO:0050863),GO_Biological_Process_2023,up,0.0067015338002646,4/62,HLA-DMA;HLA-DMB;LAPTM5;HLA-DRA
Interleukin-3-Mediated Signaling Pathway (GO:0038156),GO_Biological_Process_2023,up,0.0068271107456724,2/6,FCER1G;SYK
Gland Morphogenesis (GO:0022612),GO_Biological_Process_2023,up,0.0068271107456724,2/6,TGFB1;MSN
Positive Regulation Of Lipopolysaccharide-Mediated Signaling Pathway (GO:0031666),GO_Biological_Process_2023,up,0.0068271107456724,2/6,LY86;LY96
Cortical Cytoskeleton Organization (GO:0030865),GO_Biological_Process_2023,up,0.006882810660641,3/27,FMNL3;NCKAP1L;LCP1
T Cell Activation Involved In Immune Response (GO:0002286),GO_Biological_Process_2023,up,0.006882810660641,3/27,CD74;FCER1G;LCP1
Positive Regulation Of Gene Expression (GO:0010628),GO_Biological_Process_2023,up,0.0068980279783749,10/480,CD74;TYROBP;TGFB1;IFI16;CLEC7A;TNC;TMEM119;MSN;TREM2;TLR2
Positive Regulation Of Interleukin-1 Production (GO:0032732),GO_Biological_Process_2023,up,0.0070698126168604,4/64,TYROBP;IFI16;CLEC7A;LCP1
Positive Regulation Of T Cell Proliferation (GO:0042102),GO_Biological_Process_2023,up,0.0073943039664835,4/65,CD86;HLA-DMB;SYK;NCKAP1L
Regulation Of Bone Resorption (GO:0045124),GO_Biological_Process_2023,up,0.0073943039664835,3/28,SYK;INPP5D;TMEM119
Th1 and Th2 cell differentiation,KEGG_2021_Human,up,0.0081275751951019,4/92,HLA-DMA;HLA-DMB;HLA-DPB1;HLA-DRA
Negative Regulation Of Cellular Catabolic Process (GO:0031330),GO_Biological_Process_2023,up,0.0081850563778492,4/67,APOC1;TREM2;TAB2;NUPR1
"Positive Regulation Of CD4-positive, Alpha-Beta T Cell Differentiation (GO:0043372)",GO_Biological_Process_2023,up,0.0086787978011376,2/7,HLA-DRA;NCKAP1L
Regulation Of Activation Of Janus Kinase Activity (GO:0010533),GO_Biological_Process_2023,up,0.0086787978011376,2/7,CD300A;IL6R
Positive Regulation Of Apoptotic Cell Clearance (GO:2000427),GO_Biological_Process_2023,up,0.0086787978011376,2/7,C3;TREM2
Innate Immune Response Activating Cell Surface Receptor Signaling Pathway (GO:0002220),GO_Biological_Process_2023,up,0.0086876790006717,3/30,TYROBP;SYK;CLEC7A
Positive Regulation Of Protein Transport (GO:0051222),GO_Biological_Process_2023,up,0.0091607417338831,4/70,TGFB1;RAB29;TREM2;SYTL4
Neutrophil Chemotaxis (GO:0030593),GO_Biological_Process_2023,up,0.0091607417338831,4/70,FCER1G;SYK;ITGB2;NCKAP1L
Leukocyte Cell-Cell Adhesion (GO:0007159),GO_Biological_Process_2023,up,0.0091752382018002,3/31,SYK;ITGB2;MSN
Positive Regulation Of Proteolysis Involved In Protein Catabolic Process (GO:1903052),GO_Biological_Process_2023,up,0.0091752382018002,3/31,LAPTM5;TREM2;NUPR1
Regulation Of Macrophage Activation (GO:0043030),GO_Biological_Process_2023,up,0.0091752382018002,3/31,CEBPA;CD74;CD84
Negative Regulation Of Growth (GO:0045926),GO_Biological_Process_2023,up,0.0095129756169888,5/124,MT2A;TGFB1;MT1G;MT1H;MT1E
Response To Cytokine (GO:0034097),GO_Biological_Process_2023,up,0.0097821321316333,5/125,CD74;IFITM2;HCLS1;IL6R;CXCL16
Cellular Component Assembly (GO:0022607),GO_Biological_Process_2023,up,0.0097994167769664,7/260,CD74;TGFB1;FAM107A;FAS;NCKAP1L;CAPG;LCP1
Regulation Of Gene Expression (GO:0010468),GO_Biological_Process_2023,up,0.0099276730626597,16/1127,CEBPA;CD74;TGFB1;TNC;MSN;TREM2;ZFP36L1;TYROBP;IFI16;CLEC7A;APLNR;TMEM119;HCLS1;TRIM22;HAVCR2;TLR2
Granulocyte Chemotaxis (GO:0071621),GO_Biological_Process_2023,up,0.0100370521839443,4/73,FCER1G;SYK;ITGB2;NCKAP1L
Negative Regulation Of Long-Term Synaptic Potentiation (GO:1900272),GO_Biological_Process_2023,up,0.0101081358710925,2/8,TYROBP;FAM107A
Regulation Of Interleukin-18 Production (GO:0032661),GO_Biological_Process_2023,up,0.0101081358710925,2/8,CD84;TLR2
Vasculogenesis (GO:0001570),GO_Biological_Process_2023,up,0.0101081358710925,3/33,TGFBR3;TGFB1;APLNR
Positive Regulation Of Cytokine Production Involved In Immune Response (GO:0002720),GO_Biological_Process_2023,up,0.0101081358710925,3/33,CLEC7A;LAPTM5;HLA-E
Positive Regulation Of Sequestering Of Triglyceride (GO:0010890),GO_Biological_Process_2023,up,0.0101081358710925,2/8,LCP1;OSBPL11
"Positive Regulation Of CD8-positive, Alpha-Beta T Cell Activation (GO:2001187)",GO_Biological_Process_2023,up,0.0101081358710925,2/8,NCKAP1L;HLA-E
Regulation Of Protein Phosphorylation (GO:0001932),GO_Biological_Process_2023,up,0.0101978003385451,7/265,C3;CD74;TGFB1;ITGB2;TMEM119;FAS;TREM2
Regulation Of T Cell Receptor Signaling Pathway (GO:0050856),GO_Biological_Process_2023,up,0.0107902977110728,3/34,CD300A;RAB29;LAPTM5
Positive Regulation Of Neuron Death (GO:1901216),GO_Biological_Process_2023,up,0.0107902977110728,3/34,TYROBP;ITGB2;NUPR1
Positive Regulation Of Protein Secretion (GO:0050714),GO_Biological_Process_2023,up,0.0108019450306318,4/76,TGFB1;TREM2;SYTL4;TLR2
Synapse Organization (GO:0050808),GO_Biological_Process_2023,up,0.0108213353771409,5/131,C1QB;TNC;RAB29;GPC4;C1QC
Regulation Of T Cell Proliferation (GO:0042129),GO_Biological_Process_2023,up,0.0110141227828734,4/77,CD86;HLA-DMB;NCKAP1L;VSIG4
Neutrophil Migration (GO:1990266),GO_Biological_Process_2023,up,0.0110141227828734,4/77,FCER1G;SYK;ITGB2;NCKAP1L
Regulation Of Immune Response (GO:0050776),GO_Biological_Process_2023,up,0.0110141227828734,4/77,SYK;INPP5D;HLA-DRA;TREM2
Macrophage Activation (GO:0042116),GO_Biological_Process_2023,up,0.0112445536988048,3/35,SYK;ITGB2;TREM2
Regulation Of Granulocyte Differentiation (GO:0030852),GO_Biological_Process_2023,up,0.0117491438575327,2/9,HCLS1;C1QC
Positive Regulation Of Monocyte Differentiation (GO:0045657),GO_Biological_Process_2023,up,0.0117491438575327,2/9,CD74;ZFP36L1
Negative Regulation Of Bone Resorption (GO:0045779),GO_Biological_Process_2023,up,0.0117491438575327,2/9,INPP5D;TMEM119
Regulation Of Intracellular Protein Transport (GO:0033157),GO_Biological_Process_2023,up,0.0118730939276286,3/36,TGFB1;RAB29;LCP1
Positive Regulation Of Immune Response (GO:0050778),GO_Biological_Process_2023,up,0.0121712913860062,4/80,CD74;HLA-DMB;ITGB2;HLA-DRA
Toll-like receptor signaling pathway,KEGG_2021_Human,up,0.0123251874318864,4/104,CD86;LY96;TAB2;TLR2
Influenza A,KEGG_2021_Human,up,0.0125948087961704,5/172,HLA-DMA;HLA-DMB;HLA-DPB1;HLA-DRA;FAS
Regulation Of Interleukin-8 Production (GO:0032677),GO_Biological_Process_2023,up,0.01265846666704,4/81,CD74;SYK;CLEC7A;TLR2
Cellular Response To Organic Substance (GO:0071310),GO_Biological_Process_2023,up,0.0131574424807778,4/82,TGFB1;SYK;HCLS1;TREM2
"Platelet Activation, Signaling And Aggregation R-HSA-76002",Reactome_2022,up,0.0132011252240216,7/254,SERPINA3;TGFB1;FCER1G;SYK;VWF;CD109;SYTL4
Positive Regulation Of Production Of Molecular Mediator Of Immune Response (GO:0002702),GO_Biological_Process_2023,up,0.0135310372484316,3/38,CD86;LAPTM5;HLA-E
Monocyte Differentiation (GO:0030224),GO_Biological_Process_2023,up,0.013850037387821,2/10,IFI16;MT1G
Positive Regulation Of Lipid Localization (GO:1905954),GO_Biological_Process_2023,up,0.013850037387821,2/10,C3;LCP1
Negative Regulation Of B Cell Proliferation (GO:0030889),GO_Biological_Process_2023,up,0.013850037387821,2/10,TYROBP;CD300A
Regulation Of Interleukin-1 Beta Production (GO:0032651),GO_Biological_Process_2023,up,0.0139091510108678,4/84,TYROBP;IFI16;CLEC7A;LCP1
Regulation Of Receptor-Mediated Endocytosis (GO:0048259),GO_Biological_Process_2023,up,0.0140240957783614,3/39,C3;APOC1;BMP2K
Positive Regulation Of Lymphocyte Differentiation (GO:0045621),GO_Biological_Process_2023,up,0.0140240957783614,3/39,SYK;INPP5D;NCKAP1L
Platelet Degranulation R-HSA-114608,Reactome_2022,up,0.0143036664775807,5/125,SERPINA3;TGFB1;VWF;CD109;SYTL4
Positive Regulation Of Myeloid Leukocyte Differentiation (GO:0002763),GO_Biological_Process_2023,up,0.0149989234587401,3/40,CD74;HCLS1;ZFP36L1
Regulation Of Epithelial Cell Apoptotic Process (GO:1904035),GO_Biological_Process_2023,up,0.0161113163015126,2/11,NUPR1;ZFP36L1
"Regulation Of CD4-positive, Alpha-Beta T Cell Differentiation (GO:0043370)",GO_Biological_Process_2023,up,0.0161113163015126,2/11,HLA-DRA;NCKAP1L
Negative Regulation Of Bone Remodeling (GO:0046851),GO_Biological_Process_2023,up,0.0161113163015126,2/11,INPP5D;TMEM119
Legionellosis,KEGG_2021_Human,up,0.0162377279996613,3/57,C3;ITGB2;TLR2
Response To Elevated Platelet Cytosolic Ca2+ R-HSA-76005,Reactome_2022,up,0.0163171143134927,5/130,SERPINA3;TGFB1;VWF;CD109;SYTL4
Disease R-HSA-1643685,Reactome_2022,up,0.0164368307346863,21/1736,CD86;ABCA1;TGFB1;SYK;VWF;ZNF160;RHBDF2;LY96;MSN;HLA-E;C3;SLC7A7;FCGR2A;C3AR1;LRIG1;NCKAP1L;TAB2;GPC4;DOCK2;IL6R;TLR2
Regulation Of Epithelial Cell Proliferation (GO:0050678),GO_Biological_Process_2023,up,0.0178454014954087,4/91,TGFBR3;TGFB1;NUPR1;ZFP36L1
Positive Regulation Of Neuroinflammatory Response (GO:0150078),GO_Biological_Process_2023,up,0.0183385363646357,2/12,TREM2;NUPR1
Positive Regulation Of Protein Modification Process (GO:0031401),GO_Biological_Process_2023,up,0.0183385363646357,6/225,C3;CD74;TGFB1;TMEM119;FAS;TREM2
Negative Regulation Of Intrinsic Apoptotic Signaling Pathway In Response To DNA Damage By P53 Class Mediator (GO:1902166),GO_Biological_Process_2023,up,0.0183385363646357,2/12,CD74;CD44
"Positive Regulation Of CD4-positive, Alpha-Beta T Cell Activation (GO:2000516)",GO_Biological_Process_2023,up,0.0183385363646357,2/12,HLA-DRA;NCKAP1L
Positive Regulation Of Calcium-Mediated Signaling (GO:0050850),GO_Biological_Process_2023,up,0.0183385363646357,2/12,CLEC7A;TREM2
Positive Regulation Of Myeloid Leukocyte Mediated Immunity (GO:0002888),GO_Biological_Process_2023,up,0.0183385363646357,2/12,TYROBP;ITGB2
Regulation Of Viral Entry Into Host Cell (GO:0046596),GO_Biological_Process_2023,up,0.0183385363646357,3/44,CD74;IFITM2;TRIM22
Positive Regulation Of Chemotaxis (GO:0050921),GO_Biological_Process_2023,up,0.0183385363646357,3/44,TGFB1;TREM2;IL6R
Cellular Response To Lipid (GO:0071396),GO_Biological_Process_2023,up,0.0188747243926298,6/228,CD86;SYK;LY96;MSN;TREM2;LCP1
Kaposi sarcoma-associated herpesvirus infection,KEGG_2021_Human,up,0.0194264749683248,5/193,CD86;C3;SYK;FAS;HLA-E
"Negative Regulation Of DNA Damage Response, Signal Transduction By P53 Class Mediator (GO:0043518)",GO_Biological_Process_2023,up,0.0202268653770507,2/13,CD74;CD44
Positive Regulation Of Leukocyte Degranulation (GO:0043302),GO_Biological_Process_2023,up,0.0202268653770507,2/13,SYK;ITGB2
Regulation Of Macrophage Cytokine Production (GO:0010935),GO_Biological_Process_2023,up,0.0202268653770507,2/13,TGFB1;LAPTM5
Regulation Of Intrinsic Apoptotic Signaling Pathway In Response To DNA Damage By P53 Class Mediator (GO:1902165),GO_Biological_Process_2023,up,0.0202268653770507,2/13,CD74;CD44
Regulation Of Interleukin-10 Production (GO:0032653),GO_Biological_Process_2023,up,0.0202268653770507,3/46,TYROBP;SYK;CLEC7A
Secondary Palate Development (GO:0062009),GO_Biological_Process_2023,up,0.0202268653770507,2/13,TGFBR3;LRRC32
T Cell Differentiation (GO:0030217),GO_Biological_Process_2023,up,0.0202268653770507,3/46,FCER1G;TGFB1;ZFP36L1
Cellular Response To Transforming Growth Factor Beta Stimulus (GO:0071560),GO_Biological_Process_2023,up,0.0202268653770507,4/96,TGFBR3;TGFB1;LRRC32;ZFP36L1
B Cell Receptor Signaling Pathway (GO:0050853),GO_Biological_Process_2023,up,0.0202268653770507,3/46,LAT2;SYK;NCKAP1L
Platelet activation,KEGG_2021_Human,up,0.0207038500311695,4/124,FCER1G;FCGR2A;SYK;VWF
Toll Like Receptor 4 (TLR4) Cascade R-HSA-166016,Reactome_2022,up,0.0208806451073088,5/140,ITGB2;LY86;LY96;TAB2;TLR2
Infectious Disease R-HSA-5663205,Reactome_2022,up,0.0209827279541681,14/961,TGFB1;SYK;RHBDF2;HLA-E;C3;FCGR2A;C3AR1;LRIG1;NCKAP1L;TAB2;GPC4;DOCK2;IL6R;TLR2
Regulation Of Cholesterol Storage (GO:0010885),GO_Biological_Process_2023,up,0.0229064006542839,2/14,TREM2;LCP1
Regulation Of Leukocyte Activation (GO:0002694),GO_Biological_Process_2023,up,0.0229064006542839,2/14,CD74;CD84
Pathway-Restricted SMAD Protein Phosphorylation (GO:0060389),GO_Biological_Process_2023,up,0.0229064006542839,2/14,TGFBR3;TGFB1
Hyaluronan Metabolic Process (GO:0030212),GO_Biological_Process_2023,up,0.0229064006542839,2/14,TGFB1;CD44
Erythrocyte Differentiation (GO:0030218),GO_Biological_Process_2023,up,0.0229064006542839,3/49,TGFBR3;HCLS1;NCKAP1L
Regulation Of Protein Secretion (GO:0050708),GO_Biological_Process_2023,up,0.0234521112949516,4/102,TGFB1;RHBDF2;TREM2;SYTL4
Regulation Of ERK1 And ERK2 Cascade (GO:0070372),GO_Biological_Process_2023,up,0.0241080946014881,6/244,TGFBR3;CD74;TGFB1;SYK;TREM2;CD44
Positive Regulation Of Inflammatory Response (GO:0050729),GO_Biological_Process_2023,up,0.0245140862592657,4/104,CEBPA;NUPR1;LCP1;TLR2
Positive Regulation Of Leukocyte Mediated Cytotoxicity (GO:0001912),GO_Biological_Process_2023,up,0.0245140862592657,3/51,TYROBP;HLA-DRA;HLA-E
Receptor Internalization (GO:0031623),GO_Biological_Process_2023,up,0.0245140862592657,3/51,FCER1G;SYK;ITGB2
B Cell Mediated Immunity (GO:0019724),GO_Biological_Process_2023,up,0.0245140862592657,2/15,CD74;FCER1G
Negative Regulation Of Immune Effector Process (GO:0002698),GO_Biological_Process_2023,up,0.0245140862592657,2/15,CD300A;HAVCR2
Negative Regulation Of Phagocytosis (GO:0050765),GO_Biological_Process_2023,up,0.0245140862592657,2/15,CD300A;TLR2
T Cell Homeostasis (GO:0043029),GO_Biological_Process_2023,up,0.0245140862592657,2/15,FAS;NCKAP1L
Regulation Of Monocyte Differentiation (GO:0045655),GO_Biological_Process_2023,up,0.0245140862592657,2/15,CD74;ZFP36L1
Epiboly Involved In Wound Healing (GO:0090505),GO_Biological_Process_2023,up,0.0245140862592657,2/15,LCP1;CD44
Positive Regulation Of Syncytium Formation By Plasma Membrane Fusion (GO:0060143),GO_Biological_Process_2023,up,0.0245140862592657,2/15,TYROBP;TREM2
Cellular Response To Corticosteroid Stimulus (GO:0071384),GO_Biological_Process_2023,up,0.0245140862592657,2/15,FAM107A;ZFP36L1
Blood Vessel Morphogenesis (GO:0048514),GO_Biological_Process_2023,up,0.0264448180136426,3/53,TGFB1;SYK;APLNR
Positive Regulation Of NIK/NF-kappaB Signaling (GO:1901224),GO_Biological_Process_2023,up,0.0264448180136426,3/53,CD86;LAPTM5;TLR2
Negative Regulation Of Intrinsic Apoptotic Signaling Pathway By P53 Class Mediator (GO:1902254),GO_Biological_Process_2023,up,0.02708031305541,2/16,CD74;CD44
Negative Regulation Of Natural Killer Cell Mediated Cytotoxicity (GO:0045953),GO_Biological_Process_2023,up,0.02708031305541,2/16,TGFB1;HLA-E
Positive Regulation Of Myeloid Leukocyte Cytokine Production Involved In Immune Response (GO:0061081),GO_Biological_Process_2023,up,0.02708031305541,2/16,CD74;LAPTM5
Positive Regulation Of Cysteine-Type Endopeptidase Activity Involved In Apoptotic Process (GO:0043280),GO_Biological_Process_2023,up,0.02708031305541,4/109,SYK;CLEC7A;LAPTM5;FAS
Regulation Of Lipid Metabolic Process (GO:0019216),GO_Biological_Process_2023,up,0.0271886188129851,3/54,SERPINA3;APOC1;TREM2
Lipid and atherosclerosis,KEGG_2021_Human,up,0.0288183264344611,5/215,ABCA1;LY96;FAS;TAB2;TLR2
Interleukin-2 Family Signaling R-HSA-451927,Reactome_2022,up,0.0289045284244353,3/44,SYK;INPP5D;HAVCR2
Platelet Adhesion To Exposed Collagen R-HSA-75892,Reactome_2022,up,0.0289045284244353,2/12,FCER1G;VWF
Measles,KEGG_2021_Human,up,0.0292842954897086,4/139,MSN;FAS;TAB2;TLR2
Positive Regulation Of Macrophage Activation (GO:0043032),GO_Biological_Process_2023,up,0.0299654812796266,2/17,CEBPA;TREM2
Cellular Response To Glucocorticoid Stimulus (GO:0071385),GO_Biological_Process_2023,up,0.0299654812796266,2/17,FAM107A;ZFP36L1
Positive Regulation Of Alpha-Beta T Cell Proliferation (GO:0046641),GO_Biological_Process_2023,up,0.0299654812796266,2/17,SYK;HLA-E
Positive Regulation Of Cellular Component Organization (GO:0051130),GO_Biological_Process_2023,up,0.0300375832915265,4/113,TGFB1;SYK;CLEC7A;TREM2
Myeloid Cell Differentiation (GO:0030099),GO_Biological_Process_2023,up,0.0309001367280819,3/57,CEBPA;IFI16;HCLS1
Regulation Of Neuron Death (GO:1901214),GO_Biological_Process_2023,up,0.0322914462510337,3/58,TYROBP;ITGB2;RAB29
Positive Regulation Of Natural Killer Cell Activation (GO:0032816),GO_Biological_Process_2023,up,0.0324686904736067,2/18,TYROBP;HLA-E
Positive Regulation Of Neutrophil Chemotaxis (GO:0090023),GO_Biological_Process_2023,up,0.0324686904736067,2/18,CD74;NCKAP1L
Response To Axon Injury (GO:0048678),GO_Biological_Process_2023,up,0.0324686904736067,2/18,TYROBP;TREM2
Negative Regulation Of Signal Transduction By P53 Class Mediator (GO:1901797),GO_Biological_Process_2023,up,0.0324686904736067,2/18,CD74;CD44
FCGR Activation R-HSA-2029481,Reactome_2022,up,0.0326358113960878,2/13,FCGR2A;SYK
Toll-like Receptor Cascades R-HSA-168898,Reactome_2022,up,0.0329430965859345,5/162,ITGB2;LY86;LY96;TAB2;TLR2
Regulation Of Lymphocyte Differentiation (GO:0045619),GO_Biological_Process_2023,up,0.0358109893434537,2/19,NCKAP1L;ZFP36L1
Regulation Of Neuroinflammatory Response (GO:0150077),GO_Biological_Process_2023,up,0.0358109893434537,2/19,TREM2;NUPR1
Negative Regulation Of Autophagy (GO:0010507),GO_Biological_Process_2023,up,0.0359736064100097,3/61,TREM2;TAB2;NUPR1
MHC Class II Antigen Presentation R-HSA-2132295,Reactome_2022,up,0.0371868749715522,4/104,CD74;HLA-DMA;HLA-DMB;HLA-DRA
Leishmania Infection R-HSA-9658195,Reactome_2022,up,0.0371868749715522,6/247,C3;FCGR2A;SYK;RHBDF2;C3AR1;NCKAP1L
IRAK2 Mediated Activation Of TAK1 Complex Upon TLR7/8 Or 9 Stimulation R-HSA-975163,Reactome_2022,up,0.0371868749715522,2/15,LY96;TAB2
Defects Of Contact Activation System (CAS) And Kallikrein/Kinin System (KKS) R-HSA-9651496,Reactome_2022,up,0.0371868749715522,2/15,VWF;ZNF160
Receptor-Mediated Endocytosis (GO:0006898),GO_Biological_Process_2023,up,0.037536447153333,4/122,FCER1G;SYK;ITGB2;CXCL16
Interleukin-4 And Interleukin-13 Signaling R-HSA-6785807,Reactome_2022,up,0.0385043443310219,4/107,TGFB1;ITGB2;IL6R;IL13RA1
Response To Fibroblast Growth Factor (GO:0071774),GO_Biological_Process_2023,up,0.0385526335412006,2/20,CD44;ZFP36L1
Cell Projection Organization (GO:0030030),GO_Biological_Process_2023,up,0.0385526335412006,2/20,CAPG;NCKAP1L
Response To Ketone (GO:1901654),GO_Biological_Process_2023,up,0.0385526335412006,2/20,TGFBR3;TGFB1
Positive Regulation Of Leukocyte Activation (GO:0002696),GO_Biological_Process_2023,up,0.0385526335412006,2/20,CEBPA;CLEC7A
TRAF6-mediated Induction Of TAK1 Complex Within TLR4 Complex R-HSA-937072,Reactome_2022,up,0.0389045725766285,2/16,LY96;TAB2
Plasma Lipoprotein Assembly R-HSA-8963898,Reactome_2022,up,0.0389045725766285,2/16,ABCA1;APOC1
Positive Regulation Of Cysteine-Type Endopeptidase Activity (GO:2001056),GO_Biological_Process_2023,up,0.0399996602456268,3/64,SYK;IFI16;CLEC7A
Protein-Containing Complex Organization (GO:0043933),GO_Biological_Process_2023,up,0.0406961459298276,4/126,CD74;FAS;NCKAP1L;CAPG
Positive Regulation Of Intracellular Protein Transport (GO:0090316),GO_Biological_Process_2023,up,0.0406961459298276,4/126,TGFB1;ITGB2;RAB29;HCLS1
Regulation Of Lipid Storage (GO:0010883),GO_Biological_Process_2023,up,0.0411339968848805,2/21,C3;LCP1
Positive Regulation Of Granulocyte Chemotaxis (GO:0071624),GO_Biological_Process_2023,up,0.0411339968848805,2/21,CD74;NCKAP1L
Antigen Processing And Presentation Of Endogenous Peptide Antigen (GO:0002483),GO_Biological_Process_2023,up,0.0411339968848805,2/21,HLA-DRA;HLA-E
Regulation Of Lipopolysaccharide-Mediated Signaling Pathway (GO:0031664),GO_Biological_Process_2023,up,0.0411339968848805,2/21,LY86;LY96
Non-alcoholic fatty liver disease,KEGG_2021_Human,up,0.0413905667543817,4/155,CEBPA;TGFB1;FAS;IL6R
MyD88 Deficiency (TLR2/4) R-HSA-5602498,Reactome_2022,up,0.0427680046803719,2/17,LY96;TLR2
Negative Regulation Of Cell Population Proliferation (GO:0008285),GO_Biological_Process_2023,up,0.0429113595863905,7/379,TGFBR3;CEBPA;TGFB1;CD300A;ADORA3;TREM2;NUPR1
Regulation Of MAPK Cascade (GO:0043408),GO_Biological_Process_2023,up,0.0431269888046033,5/204,TGFBR3;CD74;SYK;LAPTM5;FAS
Fc-epsilon Receptor Signaling Pathway (GO:0038095),GO_Biological_Process_2023,up,0.0435343846981831,2/22,FCER1G;SYK
Extrinsic Apoptotic Signaling Pathway (GO:0097191),GO_Biological_Process_2023,up,0.0435343846981831,3/67,TGFB1;FAS;IL6R
Fc Receptor Mediated Stimulatory Signaling Pathway (GO:0002431),GO_Biological_Process_2023,up,0.0435343846981831,2/22,FCER1G;SYK
Cellular Response To Interferon-Beta (GO:0035458),GO_Biological_Process_2023,up,0.0435343846981831,2/22,IFITM2;IFI16
Negative Regulation Of Programmed Cell Death (GO:0043069),GO_Biological_Process_2023,up,0.0435343846981831,7/381,CD74;LAPTM5;FAS;NCKAP1L;TREM2;NUPR1;CD44
Dendritic Cell Differentiation (GO:0097028),GO_Biological_Process_2023,up,0.0435343846981831,2/22,IRF8;TREM2
Positive Regulation Of Cell Population Proliferation (GO:0008284),GO_Biological_Process_2023,up,0.0449203891226742,8/483,CD86;TGFBR3;CD74;TGFB1;CLEC7A;TMEM119;HCLS1;IL6R
IRAK4 Deficiency (TLR2/4) R-HSA-5603041,Reactome_2022,up,0.0455342720303683,2/18,LY96;TLR2
Regulation Of TLR By Endogenous Ligand R-HSA-5686938,Reactome_2022,up,0.0455342720303683,2/18,LY96;TLR2
Hepatitis B,KEGG_2021_Human,up,0.0458357483794442,4/162,TGFB1;FAS;TAB2;TLR2
ECM-receptor interaction,KEGG_2021_Human,up,0.0458357483794442,3/88,VWF;TNC;CD44
Phagocytosis (GO:0006909),GO_Biological_Process_2023,up,0.0459128571874993,3/69,TYROBP;ITGB2;TREM2
Regulation Of Myotube Differentiation (GO:0010830),GO_Biological_Process_2023,up,0.0461197286763956,2/23,TMEM119;PIEZO1
Positive Regulation Of Neuron Apoptotic Process (GO:0043525),GO_Biological_Process_2023,up,0.0461197286763956,2/23,TYROBP;NUPR1
Hepaticobiliary System Development (GO:0061008),GO_Biological_Process_2023,up,0.0461197286763956,2/23,TGFBR3;CEBPA
Immune Response-Activating Cell Surface Receptor Signaling Pathway (GO:0002429),GO_Biological_Process_2023,up,0.0461197286763956,2/23,FCER1G;C3AR1
Lymphocyte Activation Involved In Immune Response (GO:0002285),GO_Biological_Process_2023,up,0.0461197286763956,2/23,CD74;LCP1
Antigen Receptor-Mediated Signaling Pathway (GO:0050851),GO_Biological_Process_2023,up,0.04620091457833,4/134,LAT2;SYK;INPP5D;NCKAP1L
Negative Regulation Of Epithelial Cell Proliferation (GO:0050680),GO_Biological_Process_2023,up,0.04620091457833,3/70,TGFBR3;TGFB1;NUPR1
Regulation Of Actin Filament Polymerization (GO:0030833),GO_Biological_Process_2023,up,0.04620091457833,3/70,COTL1;HCLS1;NCKAP1L
Positive Regulation Of Cellular Process (GO:0048522),GO_Biological_Process_2023,up,0.0468501870322609,9/594,CD86;TGFB1;CLEC7A;HCLS1;NUPR1;IL6R;CXCL16;ZFP36L1;TLR2
Negative Regulation Of Cell Junction Assembly (GO:1901889),GO_Biological_Process_2023,up,0.0483170111428882,2/24,FAM107A;TLR2
Negative Regulation Of Antigen Receptor-Mediated Signaling Pathway (GO:0050858),GO_Biological_Process_2023,up,0.0483170111428882,2/24,CD300A;LAPTM5
Protein Kinase B Signaling (GO:0043491),GO_Biological_Process_2023,up,0.0483170111428882,2/24,TGFB1;ZFP36L1
Fc-gamma Receptor Signaling Pathway (GO:0038094),GO_Biological_Process_2023,up,0.0483170111428882,2/24,FCER1G;SYK
Positive Regulation Of Vascular Endothelial Growth Factor Production (GO:0010575),GO_Biological_Process_2023,up,0.0483170111428882,2/24,C3;TGFB1
Transforming Growth Factor Beta Receptor Signaling Pathway (GO:0007179),GO_Biological_Process_2023,up,0.048522446712428,3/72,TGFBR3;TGFB1;LRRC32
Other Semaphorin Interactions R-HSA-416700,Reactome_2022,up,0.0494610380603942,2/19,TYROBP;TREM2
Ventricular Cardiac Muscle Tissue Development (GO:0003229),GO_Biological_Process_2023,up,0.0501023946239289,2/25,TGFBR3;TGFB1
Positive Regulation Of Secretion By Cell (GO:1903532),GO_Biological_Process_2023,up,0.0501023946239289,3/73,TGFB1;TREM2;SYTL4
Negative Regulation Of Intrinsic Apoptotic Signaling Pathway In Response To DNA Damage (GO:1902230),GO_Biological_Process_2023,up,0.0501023946239289,2/25,CD74;CD44
Regulation Of Neutrophil Chemotaxis (GO:0090022),GO_Biological_Process_2023,up,0.0501023946239289,2/25,CD74;NCKAP1L
Osteoclast Differentiation (GO:0030316),GO_Biological_Process_2023,up,0.0501023946239289,2/25,TYROBP;TREM2
"Wound Healing, Spreading Of Cells (GO:0044319)",GO_Biological_Process_2023,up,0.0501023946239289,2/25,LCP1;CD44
Positive Regulation Of Interleukin-2 Production (GO:0032743),GO_Biological_Process_2023,up,0.0501023946239289,2/25,CD86;CLEC7A
Regulation Of B Cell Activation (GO:0050864),GO_Biological_Process_2023,up,0.0501023946239289,2/25,LAPTM5;ZFP36L1
Regulation Of Biomineral Tissue Development (GO:0070167),GO_Biological_Process_2023,up,0.0501023946239289,2/25,TGFB1;BMP2K
Gland Development (GO:0048732),GO_Biological_Process_2023,up,0.0501023946239289,3/74,TGFBR3;CEBPA;MSN
Positive Regulation Of Striated Muscle Cell Differentiation (GO:0051155),GO_Biological_Process_2023,up,0.0501023946239289,2/25,TGFB1;PIEZO1
O-glycan Processing (GO:0016266),GO_Biological_Process_2023,down,0.050607006102571,2/41,GALNT14;B3GNTL1
Regulation Of Actin Dynamics For Phagocytic Cup Formation R-HSA-2029482,Reactome_2022,up,0.0509924852921728,3/62,FCGR2A;SYK;NCKAP1L
Regulation Of Fat Cell Differentiation (GO:0045598),GO_Biological_Process_2023,up,0.0515772224528778,3/75,TGFB1;LCP1;ZFP36L1
Defense Response To Gram-negative Bacterium (GO:0050829),GO_Biological_Process_2023,up,0.0515772224528778,3/75,RNASE6;TREM2;IL6R
Fc Receptor Signaling Pathway (GO:0038093),GO_Biological_Process_2023,up,0.0528689612437393,2/26,FCER1G;SYK
Regulation Of Vascular Endothelial Growth Factor Production (GO:0010574),GO_Biological_Process_2023,up,0.0528689612437393,2/26,C3;TGFB1
Response To Glucocorticoid (GO:0051384),GO_Biological_Process_2023,up,0.0528689612437393,2/26,FAM107A;ZFP36L1
Actin Filament Organization (GO:0007015),GO_Biological_Process_2023,up,0.0534197736188572,4/144,HCLS1;CAPG;LCP1;MYO1F
Positive Regulation Of Oligodendrocyte Differentiation (GO:0048714),GO_Biological_Process_2023,down,0.0551797472518068,1/7,PTN
Protein Glycosylation (GO:0006486),GO_Biological_Process_2023,down,0.0551797472518068,2/147,GALNT14;B3GNTL1
Positive Regulation Of Dendrite Development (GO:1900006),GO_Biological_Process_2023,down,0.0551797472518068,1/10,PTN
Lipid Phosphorylation (GO:0046834),GO_Biological_Process_2023,down,0.0551797472518068,1/9,DGKI
Axon Regeneration (GO:0031103),GO_Biological_Process_2023,down,0.0551797472518068,1/9,NREP
Ornithine Metabolic Process (GO:0006591),GO_Biological_Process_2023,down,0.0551797472518068,1/9,AZIN2
Negative Regulation Of Long-Term Synaptic Potentiation (GO:1900272),GO_Biological_Process_2023,down,0.0551797472518068,1/8,PTN
Phagocytosis (GO:0006909),GO_Biological_Process_2023,down,0.0551797472518068,2/69,ADORA1;GULP1
Epidermis Development (GO:0008544),GO_Biological_Process_2023,down,0.0551797472518068,2/85,STS;KRT31
Protein O-linked Glycosylation (GO:0006493),GO_Biological_Process_2023,down,0.0551797472518068,2/93,GALNT14;B3GNTL1
Regulation Of Axon Regeneration (GO:0048679),GO_Biological_Process_2023,down,0.0551797472518068,1/10,PTN
Choline Metabolic Process (GO:0019695),GO_Biological_Process_2023,down,0.0551797472518068,1/5,BCHE
poly-N-acetyllactosamine Metabolic Process (GO:0030309),GO_Biological_Process_2023,down,0.0551797472518068,1/5,B3GNTL1
Regulation Of Hepatocyte Proliferation (GO:2000345),GO_Biological_Process_2023,down,0.0551797472518068,1/5,PTN
Leukocyte Chemotaxis Involved In Inflammatory Response (GO:0002232),GO_Biological_Process_2023,down,0.0551797472518068,1/5,PTN
"Nucleotide-Binding Domain, Leucine Rich Repeat Containing Receptor Signaling Pathway (GO:0035872)",GO_Biological_Process_2023,down,0.0551797472518068,1/5,MAP2K6
Dendrite Arborization (GO:0140059),GO_Biological_Process_2023,down,0.0551797472518068,1/6,PTN
Response To Auditory Stimulus (GO:0010996),GO_Biological_Process_2023,down,0.0551797472518068,1/7,PTN
Neuron Projection Arborization (GO:0140058),GO_Biological_Process_2023,down,0.0551797472518068,1/7,PTN
Negative Regulation Of Neural Precursor Cell Proliferation (GO:2000178),GO_Biological_Process_2023,down,0.0551797472518068,1/7,PTN
Transmembrane Receptor Protein Tyrosine Phosphatase Signaling Pathway (GO:0007185),GO_Biological_Process_2023,down,0.0551797472518068,1/5,PTN
p38MAPK Cascade (GO:0038066),GO_Biological_Process_2023,down,0.0551797472518068,1/8,MAP2K6
Regulation Of Innate Immune Response (GO:0045088),GO_Biological_Process_2023,up,0.0556318007416205,3/78,IFI16;TREM2;HLA-E
Regulation Of Immunoglobulin Production (GO:0002637),GO_Biological_Process_2023,up,0.0556318007416205,2/27,CD86;HLA-E
Ventricular Septum Morphogenesis (GO:0060412),GO_Biological_Process_2023,up,0.0556318007416205,2/27,TGFBR3;APLNR
Myeloid Cell Development (GO:0061515),GO_Biological_Process_2023,up,0.0556318007416205,2/27,NCKAP1L;TLR2
Regulation Of Actin Polymerization Or Depolymerization (GO:0008064),GO_Biological_Process_2023,up,0.0556318007416205,2/27,COTL1;HCLS1
Organic Cyclic Compound Catabolic Process (GO:1901361),GO_Biological_Process_2023,down,0.0560021038646094,1/11,STS
Nucleotide-Binding Oligomerization Domain Containing Signaling Pathway (GO:0070423),GO_Biological_Process_2023,down,0.0560021038646094,1/11,MAP2K6
Fc gamma R-mediated phagocytosis,KEGG_2021_Human,up,0.0571317398702226,3/97,FCGR2A;SYK;INPP5D
Defense Response To Symbiont (GO:0140546),GO_Biological_Process_2023,up,0.0573444873665335,4/148,IFITM2;IFI16;RNASE6;TLR2
Intrinsic Pathway Of Fibrin Clot Formation R-HSA-140837,Reactome_2022,up,0.0574767304182343,2/21,VWF;ZNF160
Regulation Of Platelet Activation (GO:0010543),GO_Biological_Process_2023,up,0.0577792715943446,2/28,FCER1G;SYK
Apoptotic Cell Clearance (GO:0043277),GO_Biological_Process_2023,up,0.0577792715943446,2/28,TYROBP;TREM2
Regulation Of Protein Transport (GO:0051223),GO_Biological_Process_2023,up,0.0577792715943446,2/28,RHBDF2;LCP1
Regulation Of Chemotaxis (GO:0050920),GO_Biological_Process_2023,up,0.0577792715943446,2/28,TGFB1;TREM2
Negative Regulation Of DNA-binding Transcription Factor Activity (GO:0043433),GO_Biological_Process_2023,up,0.0577792715943446,4/149,ADORA3;ID3;NUPR1;HAVCR2
Positive Regulation Of Protein Import Into Nucleus (GO:0042307),GO_Biological_Process_2023,up,0.0577792715943446,2/28,TGFB1;HCLS1
"Regulation Of DNA Damage Response, Signal Transduction By P53 Class Mediator (GO:0043516)",GO_Biological_Process_2023,up,0.0577792715943446,2/28,CD74;CD44
Negative Regulation Of Type II Interferon Production (GO:0032689),GO_Biological_Process_2023,up,0.0577792715943446,2/28,LAPTM5;HAVCR2
Regulation Of I-kappaB kinase/NF-kappaB Signaling (GO:0043122),GO_Biological_Process_2023,up,0.0585075524094183,5/232,CD74;CLEC7A;TAB2;TREM2;TRIM22
Steroid Catabolic Process (GO:0006706),GO_Biological_Process_2023,down,0.0588026030320173,1/12,STS
Response To Interferon-Beta (GO:0035456),GO_Biological_Process_2023,up,0.0607470208262834,2/29,IFITM2;IFI16
Positive Regulation Of B Cell Proliferation (GO:0030890),GO_Biological_Process_2023,up,0.0607470208262834,2/29,CD74;NCKAP1L
Response To Alcohol (GO:0097305),GO_Biological_Process_2023,up,0.0607470208262834,2/29,TGFBR3;TGFB1
Modified Amino Acid Transport (GO:0072337),GO_Biological_Process_2023,up,0.0607470208262834,2/29,SLC7A7;SLC7A2
Regulation Of NIK/NF-kappaB Signaling (GO:1901222),GO_Biological_Process_2023,up,0.0622064342236308,3/83,CD86;LAPTM5;TLR2
Regulation Of Calcium-Mediated Signaling (GO:0050848),GO_Biological_Process_2023,up,0.0632958162223312,2/30,CLEC7A;TREM2
Negative Regulation Of Carbohydrate Metabolic Process (GO:0045912),GO_Biological_Process_2023,up,0.0632958162223312,2/30,TGFB1;NUPR1
Positive Regulation Of Locomotion (GO:0040017),GO_Biological_Process_2023,up,0.0632958162223312,2/30,TGFB1;TREM2
Regulation Of Cysteine-Type Endopeptidase Activity Involved In Apoptotic Process (GO:0043281),GO_Biological_Process_2023,up,0.0632958162223312,3/84,SYK;CLEC7A;CD44
Cellular Response To Growth Factor Stimulus (GO:0071363),GO_Biological_Process_2023,up,0.0632958162223312,4/155,TGFB1;MT1G;CD44;ZFP36L1
Positive Regulation Of Interleukin-10 Production (GO:0032733),GO_Biological_Process_2023,up,0.0632958162223312,2/30,SYK;CLEC7A
Amoebiasis,KEGG_2021_Human,up,0.0637709301351107,3/102,TGFB1;ITGB2;TLR2
Regulation Of Hemopoiesis (GO:1903706),GO_Biological_Process_2023,down,0.0638112525582435,1/14,PTN
Mitotic Recombination (GO:0006312),GO_Biological_Process_2023,down,0.0638112525582435,1/14,RAD54B
Oogenesis (GO:0048477),GO_Biological_Process_2023,down,0.0639279678685003,1/15,PTN
Positive Regulation Of Transmembrane Transport (GO:0034764),GO_Biological_Process_2023,down,0.0639279678685003,1/15,AZIN2
Defense Response To Gram-positive Bacterium (GO:0050830),GO_Biological_Process_2023,up,0.0640865843993661,3/85,RNASE6;HLA-E;TLR2
Positive Regulation Of Protein Localization (GO:1903829),GO_Biological_Process_2023,up,0.0640865843993661,3/85,TYROBP;TGFB1;TREM2
Macromolecule Catabolic Process (GO:0009057),GO_Biological_Process_2023,up,0.0640865843993661,3/85,TGFB1;RNASET2;RNASE6
Negative Regulation Of Cell Cycle (GO:0045786),GO_Biological_Process_2023,up,0.0640865843993661,3/85,CEBPA;TGFB1;NUPR1
NF-kappa B signaling pathway,KEGG_2021_Human,up,0.0643353237049936,3/104,SYK;LY96;TAB2
C-type lectin receptor signaling pathway,KEGG_2021_Human,up,0.0643353237049936,3/104,FCER1G;SYK;CLEC7A
Regulation Of Autophagy (GO:0010506),GO_Biological_Process_2023,up,0.0643960066094511,5/241,IFI16;TAB2;TREM2;NUPR1;TRIM22
Regulation Of Cell Migration (GO:0030334),GO_Biological_Process_2023,up,0.0650981722387607,7/434,CD74;TGFB1;CLEC7A;ADORA3;TNC;FAM107A;CXCL16
Toll-Like Receptor Signaling Pathway (GO:0002224),GO_Biological_Process_2023,up,0.0651876663825852,2/31,LY96;TLR2
Positive Regulation Of Leukocyte Migration (GO:0002687),GO_Biological_Process_2023,up,0.0651876663825852,2/31,NCKAP1L;IL6R
Cardiac Muscle Tissue Morphogenesis (GO:0055008),GO_Biological_Process_2023,up,0.0651876663825852,2/31,TGFBR3;TGFB1
Regulation Of Long-Term Synaptic Potentiation (GO:1900271),GO_Biological_Process_2023,up,0.0651876663825852,2/31,TYROBP;FAM107A
Positive Regulation Of Glial Cell Differentiation (GO:0045687),GO_Biological_Process_2023,down,0.0659650277325157,1/17,PTN
Positive Regulation Of Stem Cell Differentiation (GO:2000738),GO_Biological_Process_2023,down,0.0659650277325157,1/17,PTN
Response To Axon Injury (GO:0048678),GO_Biological_Process_2023,down,0.0659650277325157,1/18,NREP
Regulation Of Oligodendrocyte Differentiation (GO:0048713),GO_Biological_Process_2023,down,0.0659650277325157,1/18,PTN
Regulation Of Leukocyte Chemotaxis (GO:0002688),GO_Biological_Process_2023,down,0.0659650277325157,1/17,PTN
Regulation Of Type II Interferon Production (GO:0032649),GO_Biological_Process_2023,up,0.0666349632077075,3/87,CLEC7A;LAPTM5;HAVCR2
Receptor Clustering (GO:0043113),GO_Biological_Process_2023,down,0.0677157661994026,1/19,PTN
Lipid Catabolic Process (GO:0016042),GO_Biological_Process_2023,down,0.0691648811365594,1/21,STS
Aminoglycan Biosynthetic Process (GO:0006023),GO_Biological_Process_2023,down,0.0691648811365594,1/21,B3GNTL1
Stress-Activated Protein Kinase Signaling Cascade (GO:0031098),GO_Biological_Process_2023,down,0.0691648811365594,1/20,MAP2K6
Regulation Of Cellular Response To Transforming Growth Factor Beta Stimulus (GO:1903844),GO_Biological_Process_2023,down,0.0701629496498696,1/23,NREP
Cytosolic Pattern Recognition Receptor Signaling Pathway (GO:0002753),GO_Biological_Process_2023,down,0.0701629496498696,1/23,MAP2K6
Diacylglycerol Metabolic Process (GO:0046339),GO_Biological_Process_2023,down,0.0701629496498696,1/23,DGKI
Response To Purine-Containing Compound (GO:0014074),GO_Biological_Process_2023,down,0.0701629496498696,1/24,ADORA1
Regulation Of Neuroblast Proliferation (GO:1902692),GO_Biological_Process_2023,down,0.0701629496498696,1/24,PTN
Positive Regulation Of Peptidyl-Serine Phosphorylation (GO:0033138),GO_Biological_Process_2023,up,0.0705661138402681,3/89,TGFB1;HCLS1;CD44
Negative Regulation Of Endocytosis (GO:0045806),GO_Biological_Process_2023,up,0.070895338447453,2/33,APOC1;TLR2
Regulation Of Cell Adhesion Mediated By Integrin (GO:0033628),GO_Biological_Process_2023,up,0.070895338447453,2/33,SYK;NCKAP1L
Positive Regulation Of Protein Dephosphorylation (GO:0035307),GO_Biological_Process_2023,up,0.070895338447453,2/33,TGFB1;CD300A
Ventricular Cardiac Muscle Tissue Morphogenesis (GO:0055010),GO_Biological_Process_2023,up,0.070895338447453,2/33,TGFBR3;TGFB1
Positive Regulation Of T Cell Mediated Cytotoxicity (GO:0001916),GO_Biological_Process_2023,up,0.070895338447453,2/33,HLA-DRA;HLA-E
Regulation Of Protein Polymerization (GO:0032271),GO_Biological_Process_2023,up,0.070895338447453,2/33,COTL1;HCLS1
Actin Filament Bundle Organization (GO:0061572),GO_Biological_Process_2023,up,0.070895338447453,2/33,FAM107A;LCP1
Actin Filament Bundle Assembly (GO:0051017),GO_Biological_Process_2023,up,0.070895338447453,2/33,FAM107A;LCP1
Positive Regulation Of Proteasomal Protein Catabolic Process (GO:1901800),GO_Biological_Process_2023,up,0.070895338447453,3/90,CEBPA;TREM2;NUPR1
Regulation Of Myelination (GO:0031641),GO_Biological_Process_2023,down,0.0714637154899898,1/25,PTN
Transcriptional misregulation in cancer,KEGG_2021_Human,up,0.0717485319219674,4/192,CD86;CEBPA;BMP2K;NUPR1
Negative Regulation Of Neurogenesis (GO:0050768),GO_Biological_Process_2023,down,0.072386866455253,1/27,PTN
Plasma Membrane Invagination (GO:0099024),GO_Biological_Process_2023,down,0.072386866455253,1/26,GULP1
Positive Regulation Of Response To Wounding (GO:1903036),GO_Biological_Process_2023,down,0.072386866455253,1/27,PTN
Interferon Alpha/Beta Signaling R-HSA-909733,Reactome_2022,up,0.0735893382452804,3/72,IFITM2;IRF8;HLA-E
Negative Regulation Of Interleukin-6 Production (GO:0032715),GO_Biological_Process_2023,up,0.0741006045680537,2/34,CD84;NCKAP1L
Regulation Of Interleukin-17 Production (GO:0032660),GO_Biological_Process_2023,up,0.0741006045680537,2/34,TGFB1;NCKAP1L
Positive Regulation Of Immunoglobulin Production (GO:0002639),GO_Biological_Process_2023,up,0.0741006045680537,2/34,CD86;HLA-E
Positive Regulation Of Protein Catabolic Process (GO:0045732),GO_Biological_Process_2023,up,0.0741006045680537,3/92,MSN;TREM2;NUPR1
Regulation Of Peptidyl-Serine Phosphorylation (GO:0033135),GO_Biological_Process_2023,up,0.0755891764031287,3/93,TGFB1;HCLS1;CD44
Positive Regulation Of Cellular Component Biogenesis (GO:0044089),GO_Biological_Process_2023,up,0.0755891764031287,3/93,TGFB1;SYK;CLEC7A
Regulation Of Long-Term Synaptic Potentiation (GO:1900271),GO_Biological_Process_2023,down,0.0766929697035218,1/31,PTN
Positive Regulation Of Leukocyte Migration (GO:0002687),GO_Biological_Process_2023,down,0.0766929697035218,1/31,PTN
Regulation Of Transmembrane Receptor Protein Serine/Threonine Kinase Signaling Pathway (GO:0090092),GO_Biological_Process_2023,down,0.0766929697035218,1/31,NREP
"Phagocytosis, Engulfment (GO:0006911)",GO_Biological_Process_2023,down,0.0766929697035218,1/30,GULP1
Cytokine-Mediated Signaling Pathway (GO:0019221),GO_Biological_Process_2023,up,0.0768707219472737,5/257,CEBPA;FCER1G;SYK;IL6R;IL13RA1
Cell Recruitment (Pro-Inflammatory Response) R-HSA-9664424,Reactome_2022,up,0.0770079084495712,2/25,C3;C3AR1
C-type Lectin Receptors (CLRs) R-HSA-5621481,Reactome_2022,up,0.0770079084495712,4/141,FCER1G;SYK;CLEC7A;TAB2
Liver Development (GO:0001889),GO_Biological_Process_2023,up,0.0773250195623388,2/35,TGFBR3;CEBPA
Female Gamete Generation (GO:0007292),GO_Biological_Process_2023,down,0.0776641187053069,1/32,PTN
Cytokine-cytokine receptor interaction,KEGG_2021_Human,up,0.0777863504706117,5/295,TGFB1;FAS;IL6R;CXCL16;IL13RA1
Leukocyte transendothelial migration,KEGG_2021_Human,up,0.0777863504706117,3/114,ITGB2;MSN;CD99
Heart Development (GO:0007507),GO_Biological_Process_2023,up,0.0785128856048964,4/171,TGFBR3;TGFB1;APLNR;TAB2
Cell-Cell Adhesion Via Plasma-Membrane Adhesion Molecules (GO:0098742),GO_Biological_Process_2023,up,0.0797827209820242,4/172,CD84;PALLD;ITGB2;GPC4
Role Of Phospholipids In Phagocytosis R-HSA-2029485,Reactome_2022,up,0.0798482388684618,2/26,FCGR2A;SYK
Regulation Of T Cell Mediated Cytotoxicity (GO:0001914),GO_Biological_Process_2023,up,0.0803209958500299,2/36,HLA-DRA;HLA-E
Regulation Of Erythrocyte Differentiation (GO:0045646),GO_Biological_Process_2023,up,0.0803209958500299,2/36,NCKAP1L;ZFP36L1
Negative Regulation Of T Cell Proliferation (GO:0042130),GO_Biological_Process_2023,up,0.0803209958500299,2/36,CD86;VSIG4
Positive Regulation Of Bone Mineralization (GO:0030501),GO_Biological_Process_2023,down,0.0826514231193532,1/38,PTN
Learning (GO:0007612),GO_Biological_Process_2023,down,0.0826514231193532,1/43,PTN
Positive Regulation Of Chemotaxis (GO:0050921),GO_Biological_Process_2023,down,0.0826514231193532,1/44,PTN
Regulation Of Stem Cell Differentiation (GO:2000736),GO_Biological_Process_2023,down,0.0826514231193532,1/45,PTN
Regulation Of Nervous System Development (GO:0051960),GO_Biological_Process_2023,down,0.0826514231193532,1/46,PTN
Negative Regulation Of Cold-Induced Thermogenesis (GO:0120163),GO_Biological_Process_2023,down,0.0826514231193532,1/46,MAP2K6
Response To Organonitrogen Compound (GO:0010243),GO_Biological_Process_2023,down,0.0826514231193532,1/47,ADORA1
Regulation Of Signal Transduction By P53 Class Mediator (GO:1901796),GO_Biological_Process_2023,down,0.0826514231193532,1/47,MAP2K6
Protein Monoubiquitination (GO:0006513),GO_Biological_Process_2023,down,0.0826514231193532,1/47,FANCF
DNA Recombination (GO:0006310),GO_Biological_Process_2023,down,0.0826514231193532,1/42,RAD54B
Stress-Activated MAPK Cascade (GO:0051403),GO_Biological_Process_2023,down,0.0826514231193532,1/42,MAP2K6
Dendrite Morphogenesis (GO:0048813),GO_Biological_Process_2023,down,0.0826514231193532,1/35,PTN
Acylglycerol Metabolic Process (GO:0006639),GO_Biological_Process_2023,down,0.0826514231193532,1/41,DGKI
Interstrand Cross-Link Repair (GO:0036297),GO_Biological_Process_2023,down,0.0826514231193532,1/36,FANCF
Regulation Of Dendrite Development (GO:0050773),GO_Biological_Process_2023,down,0.0826514231193532,1/41,PTN
Positive Regulation Of Ossification (GO:0045778),GO_Biological_Process_2023,down,0.0826514231193532,1/41,PTN
Regulation Of Ossification (GO:0030278),GO_Biological_Process_2023,down,0.0826514231193532,1/37,PTN
Positive Regulation Of Catalytic Activity (GO:0043085),GO_Biological_Process_2023,down,0.0826514231193532,1/40,AZIN2
Lipid Modification (GO:0030258),GO_Biological_Process_2023,down,0.0826514231193532,1/42,DGKI
Positive Regulation Of Biomineral Tissue Development (GO:0070169),GO_Biological_Process_2023,down,0.0826514231193532,1/43,PTN
Positive Regulation Of I-kappaB kinase/NF-kappaB Signaling (GO:0043123),GO_Biological_Process_2023,up,0.0833991167624371,4/175,CD74;CLEC7A;TAB2;TRIM22
Ventricular Septum Development (GO:0003281),GO_Biological_Process_2023,up,0.0838235712631795,2/37,TGFBR3;APLNR
Positive Regulation Of Immune Effector Process (GO:0002699),GO_Biological_Process_2023,up,0.0838235712631795,2/37,HLA-DMB;HLA-DRA
Integrin Signaling R-HSA-354192,Reactome_2022,up,0.0841193074025671,2/27,SYK;VWF
Regulation Of Epithelial Cell Migration (GO:0010632),GO_Biological_Process_2023,down,0.0866318553014625,1/50,PTN
Arginine and proline metabolism,KEGG_2021_Human,up,0.0872290965937335,2/50,MAOB;SMOX
Cholesterol metabolism,KEGG_2021_Human,up,0.0872290965937335,2/50,ABCA1;APOC1
Regulation Of Cell Development (GO:0060284),GO_Biological_Process_2023,down,0.0873089317263257,1/52,PTN
Negative Regulation Of Metabolic Process (GO:0009892),GO_Biological_Process_2023,down,0.0873089317263257,1/53,MAP2K6
Positive Regulation Of Leukocyte Chemotaxis (GO:0002690),GO_Biological_Process_2023,down,0.0873089317263257,1/54,PTN
Negative Regulation Of Protein Catabolic Process (GO:0042177),GO_Biological_Process_2023,down,0.0873089317263257,1/54,AZIN2
"Regulation Of Synaptic Transmission, Glutamatergic (GO:0051966)",GO_Biological_Process_2023,down,0.0873089317263257,1/55,DGKI
Regulation Of Stem Cell Population Maintenance (GO:2000036),GO_Biological_Process_2023,down,0.0873089317263257,1/56,PTN
Signal Transduction In Response To DNA Damage (GO:0042770),GO_Biological_Process_2023,down,0.0873089317263257,1/57,MAP2K6
Memory (GO:0007613),GO_Biological_Process_2023,down,0.0873089317263257,1/58,PTN
DNA Damage Response (GO:0006974),GO_Biological_Process_2023,down,0.0873089317263257,2/384,FANCF;MAP2K6
Regulation Of Bone Mineralization (GO:0030500),GO_Biological_Process_2023,down,0.0873089317263257,1/58,PTN
Response To Organic Cyclic Compound (GO:0014070),GO_Biological_Process_2023,down,0.0873089317263257,1/58,ADORA1
Response To Transforming Growth Factor Beta (GO:0071559),GO_Biological_Process_2023,up,0.0873548639866162,2/38,TGFB1;ZFP36L1
Regulation Of Protein Import Into Nucleus (GO:0042306),GO_Biological_Process_2023,up,0.0873548639866162,2/38,TGFB1;HCLS1
Negative Regulation Of Type I Interferon Production (GO:0032480),GO_Biological_Process_2023,up,0.0873548639866162,2/38,TYROBP;HAVCR2
Regulation Of Multicellular Organismal Development (GO:2000026),GO_Biological_Process_2023,down,0.087752003016031,1/59,PTN
Positive Regulation Of ERK1 And ERK2 Cascade (GO:0070374),GO_Biological_Process_2023,up,0.0881588968400809,4/179,CD74;TGFB1;TREM2;CD44
Human immunodeficiency virus 1 infection,KEGG_2021_Human,up,0.0890892302061842,4/212,FAS;TAB2;HLA-E;TLR2
Positive Regulation Of Cell Migration (GO:0030335),GO_Biological_Process_2023,up,0.0915819804949919,5/272,TGFB1;CLEC7A;FAM107A;NCKAP1L;CXCL16
L-alpha-amino Acid Transmembrane Transport (GO:1902475),GO_Biological_Process_2023,up,0.0944958707518748,2/40,SLC7A7;SLC7A2
Regulation Of Cytokine-Mediated Signaling Pathway (GO:0001959),GO_Biological_Process_2023,up,0.0944958707518748,2/40,CD74;SYK
Negative Regulation Of Mitotic Cell Cycle Phase Transition (GO:1901991),GO_Biological_Process_2023,up,0.0944958707518748,2/40,FAM107A;ZFP36L1
Negative Regulation Of Cell-Cell Adhesion (GO:0022408),GO_Biological_Process_2023,up,0.0944958707518748,2/40,TGFB1;FXYD5
Dectin-2 Family R-HSA-5621480,Reactome_2022,up,0.0945936451986918,2/29,FCER1G;SYK
Positive Regulation Of Kinase Activity (GO:0033674),GO_Biological_Process_2023,up,0.0953695984722097,3/104,CD74;TAB2;TREM2
Negative Regulation Of Apoptotic Process (GO:0043066),GO_Biological_Process_2023,up,0.0953878361805829,7/482,CD74;HCLS1;FAS;NCKAP1L;TREM2;NUPR1;CD44
Positive Regulation Of Response To Biotic Stimulus (GO:0002833),GO_Biological_Process_2023,up,0.0978167344532061,2/41,LY86;LY96
Acylglycerol Metabolic Process (GO:0006639),GO_Biological_Process_2023,up,0.0978167344532061,2/41,APOC1;LCP1
Transcriptional Regulation Of White Adipocyte Differentiation R-HSA-381340,Reactome_2022,up,0.0983741725010955,3/84,CEBPA;TGFB1;MED13L
Intermediate Filament Organization (GO:0045109),GO_Biological_Process_2023,down,0.099565298708096,1/68,KRT31
Regulation Of Resting Membrane Potential (GO:0060075),GO_Biological_Process_2023,up,0.1006554887608196,1/5,TREM2
Negative Regulation Of Lipoprotein Lipase Activity (GO:0051005),GO_Biological_Process_2023,up,0.1006554887608196,1/5,APOC1
Regulation Of Type B Pancreatic Cell Proliferation (GO:0061469),GO_Biological_Process_2023,up,0.1006554887608196,1/5,NUPR1
Chemokine (C-X-C Motif) Ligand 12 Signaling Pathway (GO:0038146),GO_Biological_Process_2023,up,0.1006554887608196,1/5,TREM2
Response To Gonadotropin (GO:0034698),GO_Biological_Process_2023,up,0.1006554887608196,1/5,TGFBR3
Positive Regulation Of Cardiac Muscle Cell Differentiation (GO:2000727),GO_Biological_Process_2023,up,0.1006554887608196,1/5,TGFB1
Response To Lipoteichoic Acid (GO:0070391),GO_Biological_Process_2023,up,0.1006554887608196,1/5,TLR2
Dermatan Sulfate Metabolic Process (GO:0030205),GO_Biological_Process_2023,up,0.1006554887608196,1/5,DSE
Dermatan Sulfate Proteoglycan Metabolic Process (GO:0050655),GO_Biological_Process_2023,up,0.1006554887608196,1/5,DSE
Response To Testosterone (GO:0033574),GO_Biological_Process_2023,up,0.1006554887608196,1/5,MSN
Positive Regulation Of Cell-Cell Adhesion Mediated By Integrin (GO:0033634),GO_Biological_Process_2023,up,0.1006554887608196,1/5,PIEZO1
Detection Of Molecule Of Bacterial Origin (GO:0032490),GO_Biological_Process_2023,up,0.1006554887608196,1/5,LY96
Positive Regulation Of Cholesterol Storage (GO:0010886),GO_Biological_Process_2023,up,0.1006554887608196,1/5,LCP1
Positive Regulation Of Granulocyte Differentiation (GO:0030854),GO_Biological_Process_2023,up,0.1006554887608196,1/5,HCLS1
"Positive Regulation Of CD4-positive, CD25-positive, Alpha-Beta Regulatory T Cell Differentiation (GO:0032831)",GO_Biological_Process_2023,up,0.1006554887608196,1/5,HLA-DRA
Positive Regulation Of Interleukin-18 Production (GO:0032741),GO_Biological_Process_2023,up,0.1006554887608196,1/5,TLR2
Positive Regulation Of Lipoprotein Particle Clearance (GO:0010986),GO_Biological_Process_2023,up,0.1006554887608196,1/5,TREM2
Positive Regulation Of Microglial Cell Activation (GO:1903980),GO_Biological_Process_2023,up,0.1006554887608196,1/5,TREM2
Positive Regulation Of Microglial Cell Migration (GO:1904141),GO_Biological_Process_2023,up,0.1006554887608196,1/5,TREM2
Ventricular Compact Myocardium Morphogenesis (GO:0003223),GO_Biological_Process_2023,up,0.1006554887608196,1/5,TGFBR3
Positive Regulation Of Osteoblast Proliferation (GO:0033690),GO_Biological_Process_2023,up,0.1006554887608196,1/5,TMEM119
Positive Regulation Of Podosome Assembly (GO:0071803),GO_Biological_Process_2023,up,0.1006554887608196,1/5,LCP1
Hydrogen Peroxide Biosynthetic Process (GO:0050665),GO_Biological_Process_2023,up,0.1006554887608196,1/5,MAOB
Protection From Natural Killer Cell Mediated Cytotoxicity (GO:0042270),GO_Biological_Process_2023,up,0.1006554887608196,1/5,HLA-E
Negative Regulation Of B Cell Receptor Signaling Pathway (GO:0050859),GO_Biological_Process_2023,up,0.1006554887608196,1/5,CD300A
Negative Regulation Of Astrocyte Differentiation (GO:0048712),GO_Biological_Process_2023,up,0.1006554887608196,1/5,TREM2
Regulation Of Blood Vessel Remodeling (GO:0060312),GO_Biological_Process_2023,up,0.1006554887608196,1/5,TGFB1
Negative Regulation Of Cardiac Muscle Cell Apoptotic Process (GO:0010667),GO_Biological_Process_2023,up,0.1006554887608196,1/5,NUPR1
Positive Regulation Of Killing Of Cells Of Another Organism (GO:0051712),GO_Biological_Process_2023,up,0.1006554887608196,1/5,SYK
Cellular Response To Lipoteichoic Acid (GO:0071223),GO_Biological_Process_2023,up,0.1006554887608196,1/5,TLR2
Regulation Of Type 2 Immune Response (GO:0002828),GO_Biological_Process_2023,up,0.1006554887608196,1/5,CD74
Ornithine Transport (GO:0015822),GO_Biological_Process_2023,up,0.1006554887608196,1/5,SLC7A2
Defense Response To Virus (GO:0051607),GO_Biological_Process_2023,up,0.1006554887608196,4/189,IFITM2;IFI16;RNASE6;TLR2
Cardiac Ventricle Morphogenesis (GO:0003208),GO_Biological_Process_2023,up,0.1006554887608196,2/42,TGFBR3;TGFB1
Positive Regulation Of Cell Differentiation (GO:0045597),GO_Biological_Process_2023,up,0.1006554887608196,5/283,TGFB1;TMEM119;LCP1;IL6R;ZFP36L1
Regulation Of Primary Metabolic Process (GO:0080090),GO_Biological_Process_2023,up,0.1006554887608196,2/43,SERPINA3;TREM2
Positive Regulation Of T Cell Mediated Immunity (GO:0002711),GO_Biological_Process_2023,up,0.1006554887608196,2/43,HLA-DRA;HLA-E
Positive Regulation Of Multicellular Organismal Process (GO:0051240),GO_Biological_Process_2023,up,0.1006554887608196,6/387,TGFB1;SYK;IFI16;TMEM119;TREM2;LCP1
Nucleobase-Containing Compound Catabolic Process (GO:0034655),GO_Biological_Process_2023,up,0.1006554887608196,2/44,RNASET2;RNASE6
Positive Regulation Of Cytokine-Mediated Signaling Pathway (GO:0001961),GO_Biological_Process_2023,up,0.1006554887608196,2/44,CD74;LAPTM5
Extracellular Matrix Disassembly (GO:0022617),GO_Biological_Process_2023,up,0.1006554887608196,2/44,CAPG;LCP1
Positive Regulation Of Nucleocytoplasmic Transport (GO:0046824),GO_Biological_Process_2023,up,0.1006554887608196,2/44,TGFB1;HCLS1
Positive Regulation Of Osteoblast Differentiation (GO:0045669),GO_Biological_Process_2023,up,0.1006554887608196,2/44,TMEM119;IL6R
Regulation Of Superoxide Metabolic Process (GO:0090322),GO_Biological_Process_2023,up,0.1006554887608196,1/5,SYK
Triglyceride Metabolic Process (GO:0006641),GO_Biological_Process_2023,up,0.1006554887608196,2/45,APOC1;LCP1
Negative Regulation Of Inflammatory Response (GO:0050728),GO_Biological_Process_2023,up,0.1006554887608196,3/111,SYK;RHBDF2;TREM2
Negative Regulation Of Erythrocyte Differentiation (GO:0045647),GO_Biological_Process_2023,up,0.1006554887608196,1/5,ZFP36L1
Regulation Of Plasma Membrane Repair (GO:1905684),GO_Biological_Process_2023,up,0.1006554887608196,1/5,SYTL4
Basic Amino Acid Transport (GO:0015802),GO_Biological_Process_2023,up,0.1006554887608196,1/5,SLC7A7
Zymogen Activation (GO:0031638),GO_Biological_Process_2023,up,0.1006554887608196,2/45,IFI16;C1R
Regulation Of Neutrophil Activation (GO:1902563),GO_Biological_Process_2023,up,0.1006554887608196,1/5,SYK
Negative Regulation Of Toll-Like Receptor 2 Signaling Pathway (GO:0034136),GO_Biological_Process_2023,up,0.1006554887608196,1/5,TREM2
Regulation Of Neutrophil Extravasation (GO:2000389),GO_Biological_Process_2023,up,0.1006554887608196,1/5,CD99
Regulation Of Keratinocyte Apoptotic Process (GO:1902172),GO_Biological_Process_2023,up,0.1006554887608196,1/5,ZFP36L1
Regulation Of Hyaluronan Biosynthetic Process (GO:1900125),GO_Biological_Process_2023,up,0.1006554887608196,1/5,TGFB1
L-ornithine Transmembrane Transport (GO:1903352),GO_Biological_Process_2023,up,0.1006554887608196,1/5,SLC7A2
Regulation Of Fat Cell Proliferation (GO:0070344),GO_Biological_Process_2023,up,0.1006554887608196,1/5,TREM2
Negative Regulation Of Mast Cell Activation (GO:0033004),GO_Biological_Process_2023,up,0.1006554887608196,1/5,CD84
Negative Regulation Of Sequestering Of Triglyceride (GO:0010891),GO_Biological_Process_2023,up,0.1006554887608196,1/5,TREM2
Positive Regulation Of Cell-Cell Adhesion (GO:0022409),GO_Biological_Process_2023,up,0.1021533191541265,2/46,PIEZO1;CD44
Regulation Of Cytokine Production Involved In Inflammatory Response (GO:1900015),GO_Biological_Process_2023,up,0.1021533191541265,2/46,CLEC7A;TREM2
Regulation Of Fibroblast Proliferation (GO:0048145),GO_Biological_Process_2023,up,0.1021533191541265,2/46,CD74;CD300A
Amino Acid Transport (GO:0006865),GO_Biological_Process_2023,up,0.1021533191541265,2/46,SLC7A7;SLC7A2
Cellular Component Disassembly (GO:0022411),GO_Biological_Process_2023,up,0.1021533191541265,2/46,CAPG;LCP1
Nervous System Development (GO:0007399),GO_Biological_Process_2023,down,0.102746895998463,2/433,ADORA1;PTN
Negative Regulation Of Catabolic Process (GO:0009895),GO_Biological_Process_2023,down,0.1028853454722091,1/72,AZIN2
Diseases Associated With TLR Signaling Cascade R-HSA-5602358,Reactome_2022,up,0.1033046813754016,2/31,LY96;TLR2
Fcgamma Receptor (FCGR) Dependent Phagocytosis R-HSA-2029480,Reactome_2022,up,0.1039081993163667,3/87,FCGR2A;SYK;NCKAP1L
Regulation Of Intracellular Signal Transduction (GO:1902531),GO_Biological_Process_2023,up,0.1046037056000023,5/297,TGFB1;VWF;CLEC7A;TREM2;DOCK2
Positive Regulation Of Smooth Muscle Cell Proliferation (GO:0048661),GO_Biological_Process_2023,up,0.1047521312457741,2/47,TGFB1;IL6R
Epithelial To Mesenchymal Transition (GO:0001837),GO_Biological_Process_2023,up,0.1047521312457741,2/47,TGFBR3;TGFB1
Cognition (GO:0050890),GO_Biological_Process_2023,up,0.1047521312457741,2/47,FAM107A;HLA-DRA
Positive Regulation Of TOR Signaling (GO:0032008),GO_Biological_Process_2023,up,0.1047521312457741,2/47,TREM2;NCKAP1L
Regulation Of Wound Healing (GO:0061041),GO_Biological_Process_2023,up,0.1047521312457741,2/47,CLEC7A;CD109
GPVI-mediated Activation Cascade R-HSA-114604,Reactome_2022,up,0.1056323098888751,2/32,FCER1G;SYK
Positive Regulation Of Natural Killer Cell Cytokine Production (GO:0002729),GO_Biological_Process_2023,up,0.1058671475095226,1/6,HLA-E
Regulation Of Tumor Necrosis Factor-Mediated Signaling Pathway (GO:0010803),GO_Biological_Process_2023,up,0.1058671475095226,2/48,SYK;LAPTM5
Cellular Response To Mechanical Stimulus (GO:0071260),GO_Biological_Process_2023,up,0.1058671475095226,2/48,PIEZO1;FAS
Cellular Defense Response (GO:0006968),GO_Biological_Process_2023,up,0.1058671475095226,2/48,TYROBP;LY96
Cellular Response To Molecule Of Bacterial Origin (GO:0071219),GO_Biological_Process_2023,up,0.1058671475095226,3/117,CD86;LY96;TLR2
Positive Regulation Of Unsaturated Fatty Acid Biosynthetic Process (GO:2001280),GO_Biological_Process_2023,up,0.1058671475095226,1/6,CD74
Regulation Of DNA Binding (GO:0051101),GO_Biological_Process_2023,up,0.1058671475095226,2/48,TGFB1;IFI16
Macrophage Derived Foam Cell Differentiation (GO:0010742),GO_Biological_Process_2023,up,0.1058671475095226,1/6,TGFB1
Macropinocytosis (GO:0044351),GO_Biological_Process_2023,up,0.1058671475095226,1/6,DOCK2
Protein Localization To Ciliary Membrane (GO:1903441),GO_Biological_Process_2023,up,0.1058671475095226,1/6,RAB29
Regulation Of T-helper Cell Differentiation (GO:0045622),GO_Biological_Process_2023,up,0.1058671475095226,1/6,HLA-DRA
Regulation Of TORC2 Signaling (GO:1903939),GO_Biological_Process_2023,up,0.1058671475095226,1/6,NCKAP1L
Regulation Of Antigen Receptor-Mediated Signaling Pathway (GO:0050854),GO_Biological_Process_2023,up,0.1058671475095226,1/6,CD300A
Positive Regulation Of Cell Death (GO:0010942),GO_Biological_Process_2023,up,0.1058671475095226,2/50,TYROBP;ITGB2
Positive Regulation Of Fat Cell Differentiation (GO:0045600),GO_Biological_Process_2023,up,0.1058671475095226,2/50,LCP1;ZFP36L1
Heart Trabecula Formation (GO:0060347),GO_Biological_Process_2023,up,0.1058671475095226,1/6,TGFBR3
Positive Regulation Of Receptor Catabolic Process (GO:2000646),GO_Biological_Process_2023,up,0.1058671475095226,1/6,LAPTM5
Cellular Response To Oxygen-Containing Compound (GO:1901701),GO_Biological_Process_2023,up,0.1058671475095226,6/406,CD86;ALOX5AP;LY96;LCP1;ZFP36L1;TLR2
SMAD Protein Complex Assembly (GO:0007183),GO_Biological_Process_2023,up,0.1058671475095226,1/6,TGFB1
Antibacterial Humoral Response (GO:0019731),GO_Biological_Process_2023,up,0.1058671475095226,2/49,RNASE6;HLA-E
Positive Regulation Of Cell Killing (GO:0031343),GO_Biological_Process_2023,up,0.1058671475095226,1/6,SYK
Positive Regulation Of Chemokine (C-X-C Motif) Ligand 2 Production (GO:2000343),GO_Biological_Process_2023,up,0.1058671475095226,1/6,LCP1
Spinal Cord Dorsal/Ventral Patterning (GO:0021513),GO_Biological_Process_2023,up,0.1058671475095226,1/6,RFX4
Regulation Of Protein-Containing Complex Assembly (GO:0043254),GO_Biological_Process_2023,up,0.1058671475095226,3/119,TGFB1;SYK;CLEC7A
Positive Regulation Of Amyloid-Beta Clearance (GO:1900223),GO_Biological_Process_2023,up,0.1058671475095226,1/6,TREM2
Positive Regulation Of Activation Of Janus Kinase Activity (GO:0010536),GO_Biological_Process_2023,up,0.1058671475095226,1/6,IL6R
Regulation Of Transforming Growth Factor Beta1 Production (GO:0032908),GO_Biological_Process_2023,up,0.1058671475095226,1/6,TYROBP
Polyamine Biosynthetic Process (GO:0006596),GO_Biological_Process_2023,up,0.1058671475095226,1/6,SMOX
Regulation Of Striated Muscle Tissue Development (GO:0016202),GO_Biological_Process_2023,up,0.1058671475095226,1/6,TGFB1
Cellular Response To Bacterial Lipopeptide (GO:0071221),GO_Biological_Process_2023,up,0.1058671475095226,1/6,TLR2
Regulation Of Prostaglandin Biosynthetic Process (GO:0031392),GO_Biological_Process_2023,up,0.1058671475095226,1/6,CD74
Definitive Hemopoiesis (GO:0060216),GO_Biological_Process_2023,up,0.1058671475095226,1/6,TGFBR3
"Nuclear-Transcribed mRNA Catabolic Process, Deadenylation-Independent Decay (GO:0031086)",GO_Biological_Process_2023,up,0.1058671475095226,1/6,ZFP36L1
Regulation Of Oxidative Stress-Induced Neuron Intrinsic Apoptotic Signaling Pathway (GO:1903376),GO_Biological_Process_2023,up,0.1058671475095226,1/6,TREM2
Regulation Of Osteoclast Development (GO:2001204),GO_Biological_Process_2023,up,0.1058671475095226,1/6,TYROBP
Regulation Of Natural Killer Cell Cytokine Production (GO:0002727),GO_Biological_Process_2023,up,0.1058671475095226,1/6,HLA-E
Regulation Of Myosin-Light-Chain-Phosphatase Activity (GO:0035507),GO_Biological_Process_2023,up,0.1058671475095226,1/6,NCKAP1L
Regulation Of Muscle Organ Development (GO:0048634),GO_Biological_Process_2023,up,0.1058671475095226,1/6,TGFB1
Antigen Processing And Presentation Of Exogenous Peptide Antigen Via MHC Class I (GO:0042590),GO_Biological_Process_2023,up,0.1058671475095226,1/6,FCER1G
Regulation Of Microglial Cell Migration (GO:1904139),GO_Biological_Process_2023,up,0.1058671475095226,1/6,TREM2
Hemostasis (GO:0007599),GO_Biological_Process_2023,up,0.1058671475095226,1/6,VWF
Negative Regulation Of p38MAPK Cascade (GO:1903753),GO_Biological_Process_2023,up,0.1058671475095226,1/6,TREM2
Regulation Of Glial Cell Apoptotic Process (GO:0034350),GO_Biological_Process_2023,up,0.1058671475095226,1/6,TREM2
Regulation Of Extracellular Matrix Assembly (GO:1901201),GO_Biological_Process_2023,up,0.1058671475095226,1/6,TGFB1
Bleb Assembly (GO:0032060),GO_Biological_Process_2023,up,0.1058671475095226,1/6,EMP3
ER-Phagosome Pathway R-HSA-1236974,Reactome_2022,up,0.1063102228227941,3/89,LY96;HLA-E;TLR2
Amino Acid Transport Across Plasma Membrane R-HSA-352230,Reactome_2022,up,0.1079485231760966,2/33,SLC7A7;SLC7A2
Positive Regulation Of MAPK Cascade (GO:0043410),GO_Biological_Process_2023,up,0.1088072941437923,5/310,CD74;TGFB1;LAPTM5;TREM2;CD44
Regulation Of Stress-Activated MAPK Cascade (GO:0032872),GO_Biological_Process_2023,up,0.1088266635206871,2/51,TGFBR3;FAS
Regulation Of Cell Population Proliferation (GO:0042127),GO_Biological_Process_2023,up,0.1088266635206871,9/766,CD86;CEBPA;TGFB1;CLEC7A;ADORA3;HCLS1;NUPR1;IL6R;ZFP36L1
Regulation Of Synapse Assembly (GO:0051963),GO_Biological_Process_2023,up,0.1088266635206871,2/51,GPC4;TLR2
Cellular Response To Lipopolysaccharide (GO:0071222),GO_Biological_Process_2023,up,0.1095974111786865,3/124,CD86;TGFB1;LY96
Positive Regulation Of Defense Response (GO:0031349),GO_Biological_Process_2023,up,0.1095974111786865,3/124,CEBPA;LCP1;TLR2
Organonitrogen Compound Catabolic Process (GO:1901565),GO_Biological_Process_2023,down,0.1099234064340721,1/78,BCHE
Regulation Of Neuron Differentiation (GO:0045664),GO_Biological_Process_2023,down,0.1100707422393705,1/79,NREP
Positive Regulation Of Fibroblast Migration (GO:0010763),GO_Biological_Process_2023,up,0.1113655748786917,1/7,TGFB1
Positive Regulation Of Glial Cell Migration (GO:1903977),GO_Biological_Process_2023,up,0.1113655748786917,1/7,TREM2
Positive Regulation Of Isomerase Activity (GO:0010912),GO_Biological_Process_2023,up,0.1113655748786917,1/7,ITGB2
Positive Regulation Of Leukocyte Differentiation (GO:1902107),GO_Biological_Process_2023,up,0.1113655748786917,1/7,NCKAP1L
Foam Cell Differentiation (GO:0090077),GO_Biological_Process_2023,up,0.1113655748786917,1/7,TGFB1
Positive Regulation Of Myotube Differentiation (GO:0010831),GO_Biological_Process_2023,up,0.1113655748786917,1/7,PIEZO1
Positive Regulation Of Natural Killer Cell Proliferation (GO:0032819),GO_Biological_Process_2023,up,0.1113655748786917,1/7,HLA-E
Venous Blood Vessel Development (GO:0060841),GO_Biological_Process_2023,up,0.1113655748786917,1/7,APLNR
Monosaccharide Biosynthetic Process (GO:0046364),GO_Biological_Process_2023,up,0.1113655748786917,1/7,DSE
Immunological Synapse Formation (GO:0001771),GO_Biological_Process_2023,up,0.1113655748786917,1/7,MSN
Leukocyte Aggregation (GO:0070486),GO_Biological_Process_2023,up,0.1113655748786917,1/7,CD44
"Regulation Of CD4-positive, Alpha-Beta T Cell Activation (GO:2000514)",GO_Biological_Process_2023,up,0.1113655748786917,1/7,HLA-DRA
"Regulation Of CD8-positive, Alpha-Beta T Cell Differentiation (GO:0043376)",GO_Biological_Process_2023,up,0.1113655748786917,1/7,NCKAP1L
Regulation Of T-helper 2 Cell Differentiation (GO:0045628),GO_Biological_Process_2023,up,0.1113655748786917,1/7,CD86
Negative Regulation Of T Cell Mediated Cytotoxicity (GO:0001915),GO_Biological_Process_2023,up,0.1113655748786917,1/7,NCKAP1L
Regulation Of Alpha-Beta T Cell Proliferation (GO:0046640),GO_Biological_Process_2023,up,0.1113655748786917,1/7,SYK
Regulation Of Apoptotic Cell Clearance (GO:2000425),GO_Biological_Process_2023,up,0.1113655748786917,1/7,C3
Very-Low-Density Lipoprotein Particle Remodeling (GO:0034372),GO_Biological_Process_2023,up,0.1113655748786917,1/7,LCP1
Dopamine Catabolic Process (GO:0042420),GO_Biological_Process_2023,up,0.1113655748786917,1/7,MAOB
Dendritic Spine Maintenance (GO:0097062),GO_Biological_Process_2023,up,0.1113655748786917,1/7,TREM2
Coronary Vasculature Morphogenesis (GO:0060977),GO_Biological_Process_2023,up,0.1113655748786917,1/7,TGFBR3
Negative Regulation Of Innate Immune Response (GO:0045824),GO_Biological_Process_2023,up,0.1113655748786917,2/52,IFI16;VSIG4
Cartilage Development (GO:0051216),GO_Biological_Process_2023,up,0.1113655748786917,2/52,TGFB1;CD44
Actin Polymerization Or Depolymerization (GO:0008154),GO_Biological_Process_2023,up,0.1113655748786917,2/53,FAM107A;CAPG
Negative Regulation Of Viral Genome Replication (GO:0045071),GO_Biological_Process_2023,up,0.1113655748786917,2/53,IFITM2;IFI16
Regulation Of Proteasomal Protein Catabolic Process (GO:0061136),GO_Biological_Process_2023,up,0.1113655748786917,2/53,TREM2;NUPR1
Negative Regulation Of Cysteine-Type Endopeptidase Activity (GO:2000117),GO_Biological_Process_2023,up,0.1113655748786917,2/53,IFI16;CD44
Regulation Of Myoblast Differentiation (GO:0045661),GO_Biological_Process_2023,up,0.1113655748786917,2/54,TGFB1;ZFP36L1
Mesenchymal Cell Differentiation (GO:0048762),GO_Biological_Process_2023,up,0.1113655748786917,2/54,TGFBR3;TGFB1
Dermatan Sulfate Proteoglycan Biosynthetic Process (GO:0050651),GO_Biological_Process_2023,up,0.1113655748786917,1/7,DSE
Negative Regulation Of Glial Cell Apoptotic Process (GO:0034351),GO_Biological_Process_2023,up,0.1113655748786917,1/7,TREM2
Regulation Of Epithelial To Mesenchymal Transition Involved In Endocardial Cushion Formation (GO:1905005),GO_Biological_Process_2023,up,0.1113655748786917,1/7,TGFB1
T Cell Apoptotic Process (GO:0070231),GO_Biological_Process_2023,up,0.1113655748786917,1/7,FAS
Regulation Of Leukocyte Degranulation (GO:0043300),GO_Biological_Process_2023,up,0.1113655748786917,1/7,SYK
Negative Regulation Of Striated Muscle Cell Apoptotic Process (GO:0010664),GO_Biological_Process_2023,up,0.1113655748786917,1/7,NUPR1
Regulation Of Natural Killer Cell Mediated Cytotoxicity Directed Against Tumor Cell Target (GO:0002858),GO_Biological_Process_2023,up,0.1113655748786917,1/7,TGFB1
Catecholamine Catabolic Process (GO:0042424),GO_Biological_Process_2023,up,0.1113655748786917,1/7,MAOB
Cellular Biogenic Amine Catabolic Process (GO:0042402),GO_Biological_Process_2023,up,0.1113655748786917,1/7,SMOX
Regulation Of Transforming Growth Factor Beta Activation (GO:1901388),GO_Biological_Process_2023,up,0.1113655748786917,1/7,LRRC32
Coronary Vasculature Development (GO:0060976),GO_Biological_Process_2023,up,0.1113655748786917,1/7,APLNR
Regulation Of Dopamine Metabolic Process (GO:0042053),GO_Biological_Process_2023,up,0.1113655748786917,1/7,ITGB2
Regulation Of Smooth Muscle Cell Proliferation (GO:0048660),GO_Biological_Process_2023,up,0.1113655748786917,2/54,TGFB1;IL6R
Transmembrane Receptor Protein Serine/Threonine Kinase Signaling Pathway (GO:0007178),GO_Biological_Process_2023,up,0.1128883677995959,3/130,TGFBR3;TGFB1;LRRC32
Positive Regulation Of Cell Motility (GO:2000147),GO_Biological_Process_2023,up,0.1128906244896351,4/221,TGFB1;CLEC7A;FAM107A;CXCL16
Cellular Response To Fibroblast Growth Factor Stimulus (GO:0044344),GO_Biological_Process_2023,up,0.1129129158881495,2/55,CD44;ZFP36L1
Positive Regulation Of Tyrosine Phosphorylation Of STAT Protein (GO:0042531),GO_Biological_Process_2023,up,0.1129129158881495,2/55,HCLS1;IL6R
Response To Peptide Hormone (GO:0043434),GO_Biological_Process_2023,up,0.1129129158881495,2/55,TGFBR3;ZFP36L1
Intracellular Protein Transport (GO:0006886),GO_Biological_Process_2023,up,0.11566398757986,5/325,CD74;TGFB1;SYK;RAB29;LAPTM5
Circulatory System Development (GO:0072359),GO_Biological_Process_2023,up,0.1157524909605343,3/132,TGFB1;APLNR;TAB2
Pattern Recognition Receptor Signaling Pathway (GO:0002221),GO_Biological_Process_2023,up,0.1157524909605343,2/56,LY96;TLR2
Cellular Response To Peptide (GO:1901653),GO_Biological_Process_2023,up,0.1157524909605343,2/56,TREM2;ZFP36L1
Actin Filament Network Formation (GO:0051639),GO_Biological_Process_2023,up,0.116351408432458,1/8,LCP1
Regulation Of Gap Junction Assembly (GO:1903596),GO_Biological_Process_2023,up,0.116351408432458,1/8,APLNR
Protein-Containing Complex Assembly (GO:0065003),GO_Biological_Process_2023,up,0.116351408432458,5/328,CD74;TGFB1;FAS;NCKAP1L;CAPG
RNA Catabolic Process (GO:0006401),GO_Biological_Process_2023,up,0.116351408432458,2/57,RNASET2;RNASE6
Regulation Of Cell Growth (GO:0001558),GO_Biological_Process_2023,up,0.116351408432458,4/227,TGFB1;TNC;FAM107A;CXCL16
Apoptotic Process (GO:0006915),GO_Biological_Process_2023,up,0.116351408432458,4/228,ITGB2;FAS;EMP3;TLR2
Regulation Of Bone Mineralization (GO:0030500),GO_Biological_Process_2023,up,0.116351408432458,2/58,BMP2K;TMEM119
CD40 Signaling Pathway (GO:0023035),GO_Biological_Process_2023,up,0.116351408432458,1/8,CD86
"Regulation Of Complement Activation, Classical Pathway (GO:0030450)",GO_Biological_Process_2023,up,0.116351408432458,1/8,TREM2
Negative Regulation Of Lipase Activity (GO:0060192),GO_Biological_Process_2023,up,0.116351408432458,1/8,APOC1
L-arginine Transmembrane Transport (GO:1903826),GO_Biological_Process_2023,up,0.116351408432458,1/8,SLC7A7
Regulation Of Neutrophil Migration (GO:1902622),GO_Biological_Process_2023,up,0.116351408432458,1/8,NCKAP1L
Basic Amino Acid Transmembrane Transport (GO:1990822),GO_Biological_Process_2023,up,0.116351408432458,1/8,SLC7A7
Regulation Of Pattern Recognition Receptor Signaling Pathway (GO:0062207),GO_Biological_Process_2023,up,0.116351408432458,1/8,TREM2
Regulation Of Protein Localization To Early Endosome (GO:1902965),GO_Biological_Process_2023,up,0.116351408432458,1/8,MSN
Regulation Of miRNA Metabolic Process (GO:2000628),GO_Biological_Process_2023,up,0.116351408432458,1/8,TGFB1
Regulation Of Podosome Assembly (GO:0071801),GO_Biological_Process_2023,up,0.116351408432458,1/8,LCP1
"Regulation Of CD8-positive, Alpha-Beta T Cell Proliferation (GO:2000564)",GO_Biological_Process_2023,up,0.116351408432458,1/8,HLA-E
p38MAPK Cascade (GO:0038066),GO_Biological_Process_2023,up,0.116351408432458,1/8,ZFP36L1
Positive Regulation Of ATP Biosynthetic Process (GO:2001171),GO_Biological_Process_2023,up,0.116351408432458,1/8,TREM2
Positive Regulation Of Blood Vessel Endothelial Cell Proliferation Involved In Sprouting Angiogenesis (GO:1903589),GO_Biological_Process_2023,up,0.116351408432458,1/8,APLNR
Positive Regulation Of Dendritic Cell Cytokine Production (GO:0002732),GO_Biological_Process_2023,up,0.116351408432458,1/8,CLEC7A
Negative Regulation Of Cholesterol Storage (GO:0010887),GO_Biological_Process_2023,up,0.116351408432458,1/8,TREM2
Endochondral Ossification (GO:0001958),GO_Biological_Process_2023,up,0.116351408432458,1/8,TMEM119
Positive Regulation Of Extracellular Matrix Assembly (GO:1901203),GO_Biological_Process_2023,up,0.116351408432458,1/8,TGFB1
tRNA Transcription (GO:0009304),GO_Biological_Process_2023,up,0.116351408432458,1/8,ZFP36L1
Positive Regulation Of Macrophage Cytokine Production (GO:0060907),GO_Biological_Process_2023,up,0.116351408432458,1/8,LAPTM5
Positive Regulation Of Mast Cell Degranulation (GO:0043306),GO_Biological_Process_2023,up,0.116351408432458,1/8,SYK
Positive Regulation Of Memory T Cell Differentiation (GO:0043382),GO_Biological_Process_2023,up,0.116351408432458,1/8,HLA-DRA
Triglyceride-Rich Lipoprotein Particle Remodeling (GO:0034370),GO_Biological_Process_2023,up,0.116351408432458,1/8,LCP1
Positive Regulation Of Early Endosome To Late Endosome Transport (GO:2000643),GO_Biological_Process_2023,up,0.116351408432458,1/8,MSN
Positive Regulation Of Protein Localization To Endosome (GO:1905668),GO_Biological_Process_2023,up,0.116351408432458,1/8,MSN
Hyaluronan Catabolic Process (GO:0030214),GO_Biological_Process_2023,up,0.116351408432458,1/8,TGFB1
Monocyte Activation (GO:0042117),GO_Biological_Process_2023,up,0.116351408432458,1/8,MT1G
Positive Regulation Of Respiratory Burst (GO:0060267),GO_Biological_Process_2023,up,0.116351408432458,1/8,CLEC7A
Positive Regulation Of Tumor Necrosis Factor-Mediated Signaling Pathway (GO:1903265),GO_Biological_Process_2023,up,0.116351408432458,1/8,LAPTM5
Positive Regulation Of Protein Localization To Early Endosome (GO:1902966),GO_Biological_Process_2023,up,0.116351408432458,1/8,MSN
Integrin-Mediated Signaling Pathway (GO:0007229),GO_Biological_Process_2023,down,0.1168269750845242,1/85,PTN
Regulation Of Type I Interferon Production (GO:0032479),GO_Biological_Process_2023,up,0.1184461197093542,2/59,TYROBP;IRF8
Downstream TCR Signaling R-HSA-202424,Reactome_2022,up,0.1184942340217783,3/94,INPP5D;HLA-DRA;TAB2
Platelet Aggregation (Plug Formation) R-HSA-76009,Reactome_2022,up,0.118714037912416,2/36,SYK;VWF
RHOH GTPase Cycle R-HSA-9013407,Reactome_2022,up,0.118714037912416,2/36,STOM;OSBPL11
NR1H3 And NR1H2 Regulate Gene Expression Linked To Cholesterol Transport And Efflux R-HSA-9029569,Reactome_2022,up,0.118714037912416,2/36,ABCA1;APOC1
O-linked Glycosylation Of Mucins R-HSA-913709,Reactome_2022,down,0.1193869781766393,2/59,GALNT14;B3GNTL1
Regulation Of Endothelial Cell Migration (GO:0010594),GO_Biological_Process_2023,down,0.1194949593962007,1/88,PTN
Homophilic Cell Adhesion Via Plasma Membrane Adhesion Molecules (GO:0007156),GO_Biological_Process_2023,up,0.1218529908991379,2/60,CD84;PALLD
Steroid Metabolic Process (GO:0008202),GO_Biological_Process_2023,down,0.1220942494638791,1/92,STS
Positive Regulation Of Neuron Projection Development (GO:0010976),GO_Biological_Process_2023,down,0.1220942494638791,1/92,PTN
Formation Of Fibrin Clot (Clotting Cascade) R-HSA-140877,Reactome_2022,up,0.1229402420867894,2/37,VWF;ZNF160
Cellular Response To Oxidised Low-Density Lipoprotein Particle Stimulus (GO:0140052),GO_Biological_Process_2023,up,0.1229584167814396,1/9,TREM2
Regulation Of Cell-Cell Adhesion Mediated By Integrin (GO:0033632),GO_Biological_Process_2023,up,0.1229584167814396,1/9,PIEZO1
Regulation Of Cardiac Muscle Cell Differentiation (GO:2000725),GO_Biological_Process_2023,up,0.1229584167814396,1/9,TGFB1
"Regulation Of CD8-positive, Alpha-Beta T Cell Activation (GO:2001185)",GO_Biological_Process_2023,up,0.1229584167814396,1/9,HLA-E
Leucine Transport (GO:0015820),GO_Biological_Process_2023,up,0.1229584167814396,1/9,SLC7A7
Positive Regulation Of Receptor Recycling (GO:0001921),GO_Biological_Process_2023,up,0.1229584167814396,1/9,RAB29
Granulocyte Migration (GO:0097530),GO_Biological_Process_2023,up,0.1229584167814396,1/9,ITGB2
Toxin Transport (GO:1901998),GO_Biological_Process_2023,up,0.1229584167814396,1/9,RAB29
Positive Regulation Of Cardiocyte Differentiation (GO:1905209),GO_Biological_Process_2023,up,0.1229584167814396,1/9,TGFB1
Chondroitin Sulfate Proteoglycan Metabolic Process (GO:0050654),GO_Biological_Process_2023,up,0.1229584167814396,1/9,DSE
Pinocytosis (GO:0006907),GO_Biological_Process_2023,up,0.1229584167814396,1/9,DOCK2
Positive Regulation Of ATP Metabolic Process (GO:1903580),GO_Biological_Process_2023,up,0.1229584167814396,1/9,TREM2
Fat Cell Differentiation (GO:0045444),GO_Biological_Process_2023,up,0.1229584167814396,2/62,CEBPA;OSBPL11
Positive Regulation Of Apoptotic Signaling Pathway (GO:2001235),GO_Biological_Process_2023,up,0.1229584167814396,2/62,FAS;NUPR1
I-kappaB Phosphorylation (GO:0007252),GO_Biological_Process_2023,up,0.1229584167814396,1/9,TLR2
BMP Signaling Pathway (GO:0030509),GO_Biological_Process_2023,up,0.1229584167814396,2/61,TGFBR3;TGFB1
B Cell Homeostasis (GO:0001782),GO_Biological_Process_2023,up,0.1229584167814396,1/9,NCKAP1L
Negative Regulation Of Leukocyte Migration (GO:0002686),GO_Biological_Process_2023,up,0.1229584167814396,1/9,CD300A
Negative Regulation Of Extracellular Matrix Organization (GO:1903054),GO_Biological_Process_2023,up,0.1229584167814396,1/9,TGFB1
Regulation Of Store-Operated Calcium Entry (GO:2001256),GO_Biological_Process_2023,up,0.1229584167814396,1/9,CD84
Positive Regulation Of Organelle Assembly (GO:1902117),GO_Biological_Process_2023,up,0.1229584167814396,2/61,CAPG;LCP1
Negative Regulation Of Phosphatidylinositol 3-Kinase Signaling (GO:0014067),GO_Biological_Process_2023,up,0.1229584167814396,1/9,TREM2
Regulation Of Mast Cell Activation Involved In Immune Response (GO:0033006),GO_Biological_Process_2023,up,0.1229584167814396,1/9,CD300A
Negative Regulation Of Toll-Like Receptor 4 Signaling Pathway (GO:0034144),GO_Biological_Process_2023,up,0.1229584167814396,1/9,TREM2
Regulation Of Memory T Cell Differentiation (GO:0043380),GO_Biological_Process_2023,up,0.1229584167814396,1/9,HLA-DRA
Negative Regulation Of Transforming Growth Factor Beta Production (GO:0071635),GO_Biological_Process_2023,up,0.1229584167814396,1/9,TYROBP
Regulation Of Myeloid Leukocyte Mediated Immunity (GO:0002886),GO_Biological_Process_2023,up,0.1229584167814396,1/9,SYK
Regulation Of Natural Killer Cell Proliferation (GO:0032817),GO_Biological_Process_2023,up,0.1229584167814396,1/9,HLA-E
Neuron Remodeling (GO:0016322),GO_Biological_Process_2023,up,0.1229584167814396,1/9,C3
Axon Regeneration (GO:0031103),GO_Biological_Process_2023,up,0.1229584167814396,1/9,TNC
Regulation Of Mast Cell Activation (GO:0033003),GO_Biological_Process_2023,up,0.1229584167814396,1/9,CD84
Negative Regulation Of Viral Process (GO:0048525),GO_Biological_Process_2023,up,0.1229584167814396,2/61,IFITM2;IFI16
Positive Regulation Of Transferase Activity (GO:0051347),GO_Biological_Process_2023,up,0.1232848082317404,3/143,CD74;TGFB1;TREM2
T Cell Receptor Signaling Pathway (GO:0050852),GO_Biological_Process_2023,down,0.1233287427372743,1/95,THEMIS
Recombinational Repair (GO:0000725),GO_Biological_Process_2023,down,0.1233287427372743,1/95,RAD54B
CLEC7A (Dectin-1) Signaling R-HSA-5607764,Reactome_2022,up,0.1246557717989208,3/99,SYK;CLEC7A;TAB2
Regulation Of Cellular Catabolic Process (GO:0031329),GO_Biological_Process_2023,up,0.1250652885024397,2/63,IFI16;NUPR1
Regulation Of Inflammatory Response (GO:0050727),GO_Biological_Process_2023,up,0.1250652885024397,4/240,CEBPA;TNC;LCP1;TLR2
FCGR3A-mediated IL10 Synthesis R-HSA-9664323,Reactome_2022,up,0.1251102897613481,2/38,FCGR2A;SYK
Axon Development (GO:0061564),GO_Biological_Process_2023,down,0.12571483992697,1/99,NREP
MAPK Cascade (GO:0000165),GO_Biological_Process_2023,down,0.12571483992697,1/98,MAP2K6
SARS-CoV Infections R-HSA-9679506,Reactome_2022,up,0.1269787180356409,6/369,SYK;TAB2;GPC4;IL6R;HLA-E;TLR2
Positive Regulation Of Cellular Respiration (GO:1901857),GO_Biological_Process_2023,up,0.1272070001753826,1/10,NUPR1
Establishment Of Epithelial Cell Apical/Basal Polarity (GO:0045198),GO_Biological_Process_2023,up,0.1272070001753826,1/10,MSN
Heme Catabolic Process (GO:0042167),GO_Biological_Process_2023,up,0.1272070001753826,1/10,SLCO2B1
Positive Regulation Of Interleukin-13 Production (GO:0032736),GO_Biological_Process_2023,up,0.1272070001753826,1/10,HLA-E
Positive Regulation Of Macrophage Differentiation (GO:0045651),GO_Biological_Process_2023,up,0.1272070001753826,1/10,TGFB1
Positive Regulation Of Nitric-Oxide Synthase Biosynthetic Process (GO:0051770),GO_Biological_Process_2023,up,0.1272070001753826,1/10,TLR2
Response To Sterol (GO:0036314),GO_Biological_Process_2023,up,0.1272070001753826,1/10,TGFB1
Very-Low-Density Lipoprotein Particle Assembly (GO:0034379),GO_Biological_Process_2023,up,0.1272070001753826,1/10,APOC1
Positive Regulation Of Voltage-Gated Potassium Channel Activity (GO:1903818),GO_Biological_Process_2023,up,0.1272070001753826,1/10,TREM2
Protein Kinase C-activating G Protein-Coupled Receptor Signaling Pathway (GO:0007205),GO_Biological_Process_2023,up,0.1272070001753826,1/10,PRKD3
Negative Regulation Of Alpha-Beta T Cell Activation (GO:0046636),GO_Biological_Process_2023,up,0.1272070001753826,1/10,CD300A
Negative Regulation Of Autophagosome Assembly (GO:1902902),GO_Biological_Process_2023,up,0.1272070001753826,1/10,NUPR1
Regulation Of Cardiac Muscle Cell Apoptotic Process (GO:0010665),GO_Biological_Process_2023,up,0.1272070001753826,1/10,NUPR1
Negative Regulation Of Cholesterol Transport (GO:0032375),GO_Biological_Process_2023,up,0.1272070001753826,1/10,APOC1
Negative Regulation Of Endopeptidase Activity (GO:0010951),GO_Biological_Process_2023,up,0.1272070001753826,2/66,SERPINA3;IFI16
Positive Regulation Of Integrin Activation (GO:0033625),GO_Biological_Process_2023,up,0.1272070001753826,1/10,PIEZO1
Response To Prostaglandin E (GO:0034695),GO_Biological_Process_2023,up,0.1272070001753826,1/10,TGFBR3
Cellular Response To BMP Stimulus (GO:0071773),GO_Biological_Process_2023,up,0.1272070001753826,2/66,TGFBR3;TGFB1
Regulation Of Toll-Like Receptor 2 Signaling Pathway (GO:0034135),GO_Biological_Process_2023,up,0.1272070001753826,1/10,TREM2
Positive Regulation Of T Cell Differentiation (GO:0045582),GO_Biological_Process_2023,up,0.1272070001753826,2/64,HLA-DRA;NCKAP1L
Regulation Of Tyrosine Phosphorylation Of STAT Protein (GO:0042509),GO_Biological_Process_2023,up,0.1272070001753826,2/65,HCLS1;IL6R
Monocarboxylic Acid Biosynthetic Process (GO:0072330),GO_Biological_Process_2023,up,0.1272070001753826,2/65,DSE;LCP1
Positive Regulation Of Programmed Cell Death (GO:0043068),GO_Biological_Process_2023,up,0.1272070001753826,4/245,SYK;CLEC7A;LAPTM5;FAS
Positive Regulation Of DNA-binding Transcription Factor Activity (GO:0051091),GO_Biological_Process_2023,up,0.1272070001753826,4/246,CLEC7A;HCLS1;TRIM22;TLR2
Regulation Of Cysteine-Type Endopeptidase Activity Involved In Apoptotic Signaling Pathway (GO:2001267),GO_Biological_Process_2023,up,0.1272070001753826,1/10,FAS
Negative Regulation Of Glycolytic Process (GO:0045820),GO_Biological_Process_2023,up,0.1272070001753826,1/10,NUPR1
Regulation Of Dendritic Cell Differentiation (GO:2001198),GO_Biological_Process_2023,up,0.1272070001753826,1/10,TMEM176B
Positive Regulation Of Bone Resorption (GO:0045780),GO_Biological_Process_2023,up,0.1272070001753826,1/10,SYK
Negative Regulation Of Interleukin-17 Production (GO:0032700),GO_Biological_Process_2023,up,0.1272070001753826,1/10,NCKAP1L
T Cell Chemotaxis (GO:0010818),GO_Biological_Process_2023,up,0.1272070001753826,1/10,CXCL16
Negative Regulation Of Programmed Necrotic Cell Death (GO:0062099),GO_Biological_Process_2023,up,0.1272070001753826,1/10,NUPR1
Regulation Of Lamellipodium Morphogenesis (GO:2000392),GO_Biological_Process_2023,up,0.1272070001753826,1/10,CD44
Regulation Of Low-Density Lipoprotein Particle Clearance (GO:0010988),GO_Biological_Process_2023,up,0.1272070001753826,1/10,TREM2
Branched-Chain Amino Acid Transport (GO:0015803),GO_Biological_Process_2023,up,0.1272070001753826,1/10,SLC7A7
Regulation Of Programmed Necrotic Cell Death (GO:0062098),GO_Biological_Process_2023,up,0.1272070001753826,1/10,NUPR1
Regulation Of Respiratory Burst (GO:0060263),GO_Biological_Process_2023,up,0.1272070001753826,1/10,CLEC7A
Cellular Response To Increased Oxygen Levels (GO:0036295),GO_Biological_Process_2023,up,0.1272070001753826,1/10,FAS
Negative Regulation Of Natural Killer Cell Mediated Immunity (GO:0002716),GO_Biological_Process_2023,up,0.1272070001753826,1/10,HLA-E
Cellular Response To Type II Interferon (GO:0071346),GO_Biological_Process_2023,up,0.1272070001753826,2/66,IRF8;TLR2
Purine Ribonucleoside Triphosphate Biosynthetic Process (GO:0009206),GO_Biological_Process_2023,up,0.1272070001753826,1/10,TGFB1
Regulation Of Viral Genome Replication (GO:0045069),GO_Biological_Process_2023,up,0.1304260840110931,2/67,IFITM2;IFI16
Positive Regulation Of NF-kappaB Transcription Factor Activity (GO:0051092),GO_Biological_Process_2023,up,0.1326955153761912,3/152,CLEC7A;TRIM22;TLR2
Cellular Response To Organic Cyclic Compound (GO:0071407),GO_Biological_Process_2023,up,0.1326955153761912,3/152,TGFB1;MSN;ZFP36L1
Positive Regulation Of Phosphatidylinositol 3-Kinase Signaling (GO:0014068),GO_Biological_Process_2023,up,0.1347296495782221,2/69,HCLS1;TREM2
Negative Regulation Of Leukocyte Apoptotic Process (GO:2000107),GO_Biological_Process_2023,up,0.1347296495782221,1/11,HCLS1
Regulation Of Adipose Tissue Development (GO:1904177),GO_Biological_Process_2023,up,0.1347296495782221,1/11,LCP1
Positive Regulation Of Vascular Permeability (GO:0043117),GO_Biological_Process_2023,up,0.1347296495782221,1/11,TGFB1
Intracellular Copper Ion Homeostasis (GO:0006878),GO_Biological_Process_2023,up,0.1347296495782221,1/11,MT2A
Erythrocyte Development (GO:0048821),GO_Biological_Process_2023,up,0.1347296495782221,1/11,NCKAP1L
Positive Regulation Of Cytoplasmic Transport (GO:1903651),GO_Biological_Process_2023,up,0.1347296495782221,1/11,MSN
Polyamine Metabolic Process (GO:0006595),GO_Biological_Process_2023,up,0.1347296495782221,1/11,SMOX
Phospholipid Efflux (GO:0033700),GO_Biological_Process_2023,up,0.1347296495782221,1/11,APOC1
Negative Regulation Of Amyloid Fibril Formation (GO:1905907),GO_Biological_Process_2023,up,0.1347296495782221,1/11,TREM2
Regulation Of mRNA 3'-End Processing (GO:0031440),GO_Biological_Process_2023,up,0.1347296495782221,1/11,ZFP36L1
Actin Crosslink Formation (GO:0051764),GO_Biological_Process_2023,up,0.1347296495782221,1/11,LCP1
Regulation Of Homotypic Cell-Cell Adhesion (GO:0034110),GO_Biological_Process_2023,up,0.1347296495782221,1/11,SYK
Negative Regulation Of Nitrogen Compound Metabolic Process (GO:0051172),GO_Biological_Process_2023,up,0.1347296495782221,1/11,TGFB1
Negative Regulation Of Myotube Differentiation (GO:0010832),GO_Biological_Process_2023,up,0.1347296495782221,1/11,TMEM119
Golgi To Lysosome Transport (GO:0090160),GO_Biological_Process_2023,up,0.1347296495782221,1/11,LAPTM5
Biogenic Amine Biosynthetic Process (GO:0042401),GO_Biological_Process_2023,up,0.1347296495782221,1/11,SMOX
Response To Molecule Of Bacterial Origin (GO:0002237),GO_Biological_Process_2023,up,0.1347296495782221,2/69,LY96;TAB2
Antigen processing-Cross Presentation R-HSA-1236975,Reactome_2022,up,0.135093831727501,3/104,LY96;HLA-E;TLR2
PI3K-Akt signaling pathway,KEGG_2021_Human,up,0.1361610994255719,5/354,SYK;VWF;TNC;IL6R;TLR2
Shigellosis,KEGG_2021_Human,up,0.1361610994255719,4/246,C3;HCLS1;TAB2;CD44
Regulation Of Transforming Growth Factor Beta Receptor Signaling Pathway (GO:0017015),GO_Biological_Process_2023,down,0.1374138158365866,1/111,NREP
Double-Strand Break Repair Via Homologous Recombination (GO:0000724),GO_Biological_Process_2023,down,0.1374138158365866,1/111,RAD54B
Salmonella infection,KEGG_2021_Human,up,0.137441389152136,4/249,LY96;NCKAP1L;TAB2;TLR2
Dendrite Self-Avoidance (GO:0070593),GO_Biological_Process_2023,up,0.1413446999373514,1/12,PALLD
Negative Regulation Of Cell Cycle Phase Transition (GO:1901988),GO_Biological_Process_2023,up,0.1413446999373514,1/12,ZFP36L1
Positive Regulation Of Viral Entry Into Host Cell (GO:0046598),GO_Biological_Process_2023,up,0.1413446999373514,1/12,CD74
Positive Regulation Of Purine Nucleotide Biosynthetic Process (GO:1900373),GO_Biological_Process_2023,up,0.1413446999373514,1/12,TREM2
Granulocyte Differentiation (GO:0030851),GO_Biological_Process_2023,up,0.1413446999373514,1/12,CEBPA
Triglyceride Catabolic Process (GO:0019433),GO_Biological_Process_2023,up,0.1413446999373514,1/12,LCP1
Endochondral Bone Morphogenesis (GO:0060350),GO_Biological_Process_2023,up,0.1413446999373514,1/12,TMEM119
Positive Regulation Of Cellular Extravasation (GO:0002693),GO_Biological_Process_2023,up,0.1413446999373514,1/12,CD99
Negative Regulation Of Complement Activation (GO:0045916),GO_Biological_Process_2023,up,0.1413446999373514,1/12,VSIG4
Defense Response To Tumor Cell (GO:0002357),GO_Biological_Process_2023,up,0.1413446999373514,1/12,LAPTM5
Positive Regulation Of Protein Localization To Cell Surface (GO:2000010),GO_Biological_Process_2023,up,0.1413446999373514,1/12,TYROBP
Positive Regulation By Symbiont Of Entry Into Host (GO:0075294),GO_Biological_Process_2023,up,0.1413446999373514,1/12,CD74
Positive Regulation Of T-helper Cell Differentiation (GO:0045624),GO_Biological_Process_2023,up,0.1413446999373514,1/12,CD86
Response To Lipopolysaccharide (GO:0032496),GO_Biological_Process_2023,up,0.1413446999373514,3/159,CD86;LY96;TAB2
Positive Regulation Of Protein Localization To Nucleus (GO:1900182),GO_Biological_Process_2023,up,0.1413446999373514,2/72,TGFB1;HCLS1
Regulation Of Chemokine (C-X-C Motif) Ligand 2 Production (GO:2000341),GO_Biological_Process_2023,up,0.1413446999373514,1/12,LCP1
Cellular Response To Hypoxia (GO:0071456),GO_Biological_Process_2023,up,0.1413446999373514,2/72,TGFB1;ZFP36L1
Regulation Of Leukocyte Adhesion To Vascular Endothelial Cell (GO:1904994),GO_Biological_Process_2023,up,0.1413446999373514,1/12,ITGB2
Negative Regulation Of Catabolic Process (GO:0009895),GO_Biological_Process_2023,up,0.1413446999373514,2/72,APOC1;NUPR1
Astrocyte Activation (GO:0048143),GO_Biological_Process_2023,up,0.1413446999373514,1/12,TREM2
Cell Projection Assembly (GO:0030031),GO_Biological_Process_2023,up,0.1413446999373514,1/12,NCKAP1L
Cellular Component Maintenance (GO:0043954),GO_Biological_Process_2023,up,0.1413446999373514,1/12,TREM2
Porphyrin-Containing Compound Catabolic Process (GO:0006787),GO_Biological_Process_2023,up,0.1413446999373514,1/12,SLCO2B1
Regulation Of Lymphocyte Migration (GO:2000401),GO_Biological_Process_2023,up,0.1413446999373514,1/12,MSN
Cellular Response To Decreased Oxygen Levels (GO:0036294),GO_Biological_Process_2023,up,0.1415093511881227,2/73,TGFB1;ZFP36L1
Positive Regulation Of Cell Projection Organization (GO:0031346),GO_Biological_Process_2023,down,0.1441878245750152,1/118,PTN
Regulation Of Macromolecule Metabolic Process (GO:0060255),GO_Biological_Process_2023,up,0.1443407955158714,3/162,APLNR;TREM2;ZFP36L1
Uptake And Actions Of Bacterial Toxins R-HSA-5339562,Reactome_2022,down,0.1449938408324378,1/29,MAP2K6
Uptake And Function Of Anthrax Toxins R-HSA-5210891,Reactome_2022,down,0.1449938408324378,1/11,MAP2K6
O-linked Glycosylation R-HSA-5173105,Reactome_2022,down,0.1449938408324378,2/107,GALNT14;B3GNTL1
PI5P Regulates TP53 Acetylation R-HSA-6811555,Reactome_2022,down,0.1449938408324378,1/9,MAP2K6
Neurotransmitter Clearance R-HSA-112311,Reactome_2022,down,0.1449938408324378,1/10,BCHE
"Synthesis, Secretion, And Deacylation Of Ghrelin R-HSA-422085",Reactome_2022,down,0.1449938408324378,1/19,BCHE
Nucleotide-like (Purinergic) Receptors R-HSA-418038,Reactome_2022,down,0.1449938408324378,1/16,ADORA1
Activated TAK1 Mediates P38 MAPK Activation R-HSA-450302,Reactome_2022,down,0.1449938408324378,1/19,MAP2K6
Signaling By ALK R-HSA-201556,Reactome_2022,down,0.1449938408324378,1/26,PTN
Synthesis Of PC R-HSA-1483191,Reactome_2022,down,0.1449938408324378,1/27,BCHE
Effects Of PIP2 Hydrolysis R-HSA-114508,Reactome_2022,down,0.1449938408324378,1/27,DGKI
Regulation Of TP53 Activity Thru Acetylation R-HSA-6804758,Reactome_2022,down,0.1449938408324378,1/29,MAP2K6
Myogenesis R-HSA-525793,Reactome_2022,down,0.1449938408324378,1/29,MAP2K6
Activation Of Arylsulfatases R-HSA-1663150,Reactome_2022,down,0.1449938408324378,1/13,STS
Myeloid Dendritic Cell Activation (GO:0001773),GO_Biological_Process_2023,up,0.1453620094889823,1/13,DOCK2
Regulation Of Cell Projection Organization (GO:0031344),GO_Biological_Process_2023,up,0.1453620094889823,1/13,TREM2
Negative Regulation Of Cell Activation (GO:0050866),GO_Biological_Process_2023,up,0.1453620094889823,1/13,TREM2
Negative Regulation Of NLRP3 Inflammasome Complex Assembly (GO:1900226),GO_Biological_Process_2023,up,0.1453620094889823,1/13,TREM2
Regulation Of T-helper 17 Type Immune Response (GO:2000316),GO_Biological_Process_2023,up,0.1453620094889823,1/13,CLEC7A
ncRNA Transcription (GO:0098781),GO_Biological_Process_2023,up,0.1453620094889823,1/13,ZFP36L1
Regulation Of ERBB Signaling Pathway (GO:1901184),GO_Biological_Process_2023,up,0.1453620094889823,1/13,RHBDF2
"Antigen Processing And Presentation Of Endogenous Peptide Antigen Via MHC Class I Via ER Pathway, TAP-independent (GO:0002486)",GO_Biological_Process_2023,up,0.1453620094889823,1/13,HLA-E
Membrane Protein Intracellular Domain Proteolysis (GO:0031293),GO_Biological_Process_2023,up,0.1453620094889823,1/13,TGFB1
Negative Regulation Of Myoblast Differentiation (GO:0045662),GO_Biological_Process_2023,up,0.1453620094889823,1/13,TGFB1
Negative Regulation Of Neuroinflammatory Response (GO:0150079),GO_Biological_Process_2023,up,0.1453620094889823,1/13,TREM2
Regulation Of Immune Effector Process (GO:0002697),GO_Biological_Process_2023,up,0.1453620094889823,1/13,HLA-DRA
Regulation Of Lamellipodium Organization (GO:1902743),GO_Biological_Process_2023,up,0.1453620094889823,1/13,CD44
Regulation Of Leukocyte Migration (GO:0002685),GO_Biological_Process_2023,up,0.1453620094889823,1/13,NCKAP1L
Acute-Phase Response (GO:0006953),GO_Biological_Process_2023,up,0.1453620094889823,1/13,IL6R
Negative Regulation Of Toll-Like Receptor Signaling Pathway (GO:0034122),GO_Biological_Process_2023,up,0.1453620094889823,1/13,CD300A
Antigen Processing And Presentation Of Endogenous Peptide Antigen Via MHC Class I Via ER Pathway (GO:0002484),GO_Biological_Process_2023,up,0.1453620094889823,1/13,HLA-E
Antigen Processing And Presentation Of Endogenous Peptide Antigen Via MHC Class Ib (GO:0002476),GO_Biological_Process_2023,up,0.1453620094889823,1/13,HLA-E
Antigen Processing And Presentation Of Peptide Antigen Via MHC Class Ib (GO:0002428),GO_Biological_Process_2023,up,0.1453620094889823,1/13,HLA-E
Atrioventricular Valve Development (GO:0003171),GO_Biological_Process_2023,up,0.1453620094889823,1/13,APLNR
Regulation Of Nitric-Oxide Synthase Biosynthetic Process (GO:0051769),GO_Biological_Process_2023,up,0.1453620094889823,1/13,TLR2
Microvillus Organization (GO:0032528),GO_Biological_Process_2023,up,0.1453620094889823,1/13,FXYD5
T Cell Differentiation In Thymus (GO:0033077),GO_Biological_Process_2023,up,0.1453620094889823,1/13,ZFP36L1
Regulation Of Response To Endoplasmic Reticulum Stress (GO:1905897),GO_Biological_Process_2023,up,0.1453620094889823,1/13,NUPR1
Positive Regulation Of T Cell Receptor Signaling Pathway (GO:0050862),GO_Biological_Process_2023,up,0.1453620094889823,1/13,RAB29
Positive Regulation Of T-helper 17 Type Immune Response (GO:2000318),GO_Biological_Process_2023,up,0.1453620094889823,1/13,CLEC7A
Positive Regulation Of Alpha-Beta T Cell Differentiation (GO:0046638),GO_Biological_Process_2023,up,0.1453620094889823,1/13,NCKAP1L
Positive Regulation Of Cardiac Muscle Cell Proliferation (GO:0060045),GO_Biological_Process_2023,up,0.1453620094889823,1/13,TGFBR3
Response To Progesterone (GO:0032570),GO_Biological_Process_2023,up,0.1453620094889823,1/13,TGFB1
Sodium-Independent Organic Anion Transport (GO:0043252),GO_Biological_Process_2023,up,0.1453620094889823,1/13,SLCO2B1
Interleukin-6-Mediated Signaling Pathway (GO:0070102),GO_Biological_Process_2023,up,0.1453620094889823,1/13,IL6R
Positive Regulation Of Type 2 Immune Response (GO:0002830),GO_Biological_Process_2023,up,0.1453620094889823,1/13,CD86
Positive Regulation Of Epithelial Cell Proliferation (GO:0050679),GO_Biological_Process_2023,down,0.1454461899838812,1/123,PTN
Regulation Of Protein Catabolic Process (GO:0042176),GO_Biological_Process_2023,down,0.1454461899838812,1/122,AZIN2
Modulation Of Chemical Synaptic Transmission (GO:0050804),GO_Biological_Process_2023,down,0.1454461899838812,1/123,DGKI
Enzyme-Linked Receptor Protein Signaling Pathway (GO:0007167),GO_Biological_Process_2023,down,0.1454461899838812,1/124,PTN
Cellular senescence,KEGG_2021_Human,up,0.1468301539990806,3/156,TGFB1;HLA-E;ZFP36L1
Regulation Of Cytokine Production (GO:0001817),GO_Biological_Process_2023,up,0.1477992564437672,3/167,IFI16;IRF8;TREM2
Cellular Response To Nutrient Levels (GO:0031669),GO_Biological_Process_2023,up,0.1509147900123202,2/78,FAM107A;LCP1
Positive Regulation Of Protein Localization To Membrane (GO:1905477),GO_Biological_Process_2023,up,0.1509839503970985,2/79,ITGB2;TREM2
Positive Regulation Of Adaptive Immune Response Based On Somatic Recombination Of Immune Receptors Built From Immunoglobulin Superfamily Domains (GO:0002824),GO_Biological_Process_2023,up,0.1509839503970985,1/14,CLEC7A
Microvillus Assembly (GO:0030033),GO_Biological_Process_2023,up,0.1509839503970985,1/14,FXYD5
Prostanoid Biosynthetic Process (GO:0046457),GO_Biological_Process_2023,up,0.1509839503970985,1/14,CD74
Positive Regulation Of Response To Cytokine Stimulus (GO:0060760),GO_Biological_Process_2023,up,0.1509839503970985,1/14,CD74
"Positive Regulation Of Nuclear-Transcribed mRNA Catabolic Process, Deadenylation-Dependent Decay (GO:1900153)",GO_Biological_Process_2023,up,0.1509839503970985,1/14,ZFP36L1
Establishment Of Apical/Basal Cell Polarity (GO:0035089),GO_Biological_Process_2023,up,0.1509839503970985,1/14,MSN
Positive Regulation Of Heterotypic Cell-Cell Adhesion (GO:0034116),GO_Biological_Process_2023,up,0.1509839503970985,1/14,CD44
Copper Ion Homeostasis (GO:0055070),GO_Biological_Process_2023,up,0.1509839503970985,1/14,MT2A
Regulation Of ATP Biosynthetic Process (GO:2001169),GO_Biological_Process_2023,up,0.1509839503970985,1/14,TREM2
Aorta Development (GO:0035904),GO_Biological_Process_2023,up,0.1509839503970985,1/14,APLNR
Polarized Epithelial Cell Differentiation (GO:0030859),GO_Biological_Process_2023,up,0.1509839503970985,1/14,MSN
Regulation Of Macrophage Differentiation (GO:0045649),GO_Biological_Process_2023,up,0.1509839503970985,1/14,C1QC
Regulation Of Integrin Activation (GO:0033623),GO_Biological_Process_2023,up,0.1509839503970985,1/14,PIEZO1
T Cell Proliferation (GO:0042098),GO_Biological_Process_2023,up,0.1509839503970985,1/14,MSN
Regulation Of Extracellular Matrix Disassembly (GO:0010715),GO_Biological_Process_2023,up,0.1509839503970985,1/14,TGFB1
Regulation Of Establishment Of Protein Localization (GO:0070201),GO_Biological_Process_2023,up,0.1509839503970985,1/14,TREM2
Negative Regulation Of Leukocyte Mediated Cytotoxicity (GO:0001911),GO_Biological_Process_2023,up,0.1509839503970985,1/14,HLA-E
Negative Regulation Of Fatty Acid Biosynthetic Process (GO:0045717),GO_Biological_Process_2023,up,0.1509839503970985,1/14,APOC1
Positive Regulation Of Catabolic Process (GO:0009896),GO_Biological_Process_2023,up,0.1509839503970985,2/79,LAPTM5;MSN
Positive Regulation Of Protein Modification By Small Protein Conjugation Or Removal (GO:1903322),GO_Biological_Process_2023,up,0.1509839503970985,2/79,FAM107A;LAPTM5
Regulation Of Microglial Cell Activation (GO:1903978),GO_Biological_Process_2023,up,0.1509839503970985,1/14,TREM2
Regulation Of Protein Localization To Plasma Membrane (GO:1903076),GO_Biological_Process_2023,up,0.1524850321253552,2/80,TGFB1;TREM2
Negative Regulation Of Protein Serine/Threonine Kinase Activity (GO:0071901),GO_Biological_Process_2023,up,0.1524850321253552,2/80,CEBPA;CD300A
Epithelial Cell Differentiation (GO:0030855),GO_Biological_Process_2023,down,0.1528235444211141,1/132,KRT31
Antigen Receptor-Mediated Signaling Pathway (GO:0050851),GO_Biological_Process_2023,down,0.1535721867279838,1/134,THEMIS
NOD1/2 Signaling Pathway R-HSA-168638,Reactome_2022,down,0.1543883770780735,1/33,MAP2K6
Negative Regulation Of NF-kappaB Transcription Factor Activity (GO:0032088),GO_Biological_Process_2023,up,0.1555559266045897,2/81,ADORA3;HAVCR2
Defective F9 Activation R-HSA-9673221,Reactome_2022,up,0.1562948176788625,1/5,ZNF160
VLDL Clearance R-HSA-8964046,Reactome_2022,up,0.1562948176788625,1/5,APOC1
Peptide Ligand-Binding Receptors R-HSA-375276,Reactome_2022,up,0.1562948176788625,4/196,C3;C3AR1;APLNR;CXCL16
MyD88:MAL(TIRAP) Cascade Initiated On Plasma Membrane R-HSA-166058,Reactome_2022,up,0.1562948176788625,3/112,LY96;TAB2;TLR2
"Interleukin-3, Interleukin-5 And GM-CSF Signaling R-HSA-512988",Reactome_2022,up,0.1562948176788625,2/44,SYK;INPP5D
Regulation Of Clathrin-Dependent Endocytosis (GO:2000369),GO_Biological_Process_2023,up,0.1568125208228706,1/15,BMP2K
Negative Regulation Of Cell-Substrate Junction Organization (GO:0150118),GO_Biological_Process_2023,up,0.1568125208228706,1/15,FAM107A
Regulation Of Amyloid-Beta Clearance (GO:1900221),GO_Biological_Process_2023,up,0.1568125208228706,1/15,TREM2
Regulation Of Amyloid Fibril Formation (GO:1905906),GO_Biological_Process_2023,up,0.1568125208228706,1/15,TREM2
Receptor Catabolic Process (GO:0032801),GO_Biological_Process_2023,up,0.1568125208228706,1/15,TGFB1
High-Density Lipoprotein Particle Remodeling (GO:0034375),GO_Biological_Process_2023,up,0.1568125208228706,1/15,APOC1
Positive Regulation Of Transmembrane Transport (GO:0034764),GO_Biological_Process_2023,up,0.1568125208228706,1/15,C3
Positive Regulation Of Isotype Switching (GO:0045830),GO_Biological_Process_2023,up,0.1568125208228706,1/15,TGFB1
Positive Regulation Of Collagen Biosynthetic Process (GO:0032967),GO_Biological_Process_2023,up,0.1568125208228706,1/15,TGFB1
Defense Response To Protozoan (GO:0042832),GO_Biological_Process_2023,up,0.1568125208228706,1/15,CLEC7A
Astrocyte Development (GO:0014002),GO_Biological_Process_2023,up,0.1568125208228706,1/15,TREM2
Alpha-Beta T Cell Activation (GO:0046631),GO_Biological_Process_2023,up,0.1568125208228706,1/15,HLA-E
Regulation Of Lipoprotein Lipase Activity (GO:0051004),GO_Biological_Process_2023,up,0.1568125208228706,1/15,APOC1
Regulation Of Interleukin-13 Production (GO:0032656),GO_Biological_Process_2023,up,0.1568125208228706,1/15,HLA-E
Regulation Of Granulocyte Macrophage Colony-Stimulating Factor Production (GO:0032645),GO_Biological_Process_2023,up,0.1568125208228706,1/15,CD84
Negative Regulation Of Focal Adhesion Assembly (GO:0051895),GO_Biological_Process_2023,up,0.1568125208228706,1/15,FAM107A
Glycosaminoglycan Catabolic Process (GO:0006027),GO_Biological_Process_2023,up,0.1568125208228706,1/15,TGFB1
3'-UTR-mediated mRNA Destabilization (GO:0061158),GO_Biological_Process_2023,up,0.1568125208228706,1/15,ZFP36L1
Extracellular Matrix Organization (GO:0030198),GO_Biological_Process_2023,up,0.1569639069382989,3/176,TGFB1;CAPG;LCP1
Vascular Transport (GO:0010232),GO_Biological_Process_2023,up,0.1576781866283702,2/83,SLCO2B1;SLC7A2
Positive Regulation Of Ubiquitin-Dependent Protein Catabolic Process (GO:2000060),GO_Biological_Process_2023,up,0.1576781866283702,2/83,CEBPA;LAPTM5
NR1H2 And NR1H3-mediated Signaling R-HSA-9024446,Reactome_2022,up,0.1582944783846003,2/46,ABCA1;APOC1
Cell Surface Receptor Signaling Pathway Involved In Heart Development (GO:0061311),GO_Biological_Process_2023,up,0.1604057831401273,1/16,TGFB1
Regulation Of Nucleocytoplasmic Transport (GO:0046822),GO_Biological_Process_2023,up,0.1604057831401273,1/16,TGFB1
Negative Regulation Of Cytokine Production Involved In Immune Response (GO:0002719),GO_Biological_Process_2023,up,0.1604057831401273,1/16,TGFB1
Regulation Of Blood Vessel Endothelial Cell Proliferation Involved In Sprouting Angiogenesis (GO:1903587),GO_Biological_Process_2023,up,0.1604057831401273,1/16,APLNR
Regulation Of B Cell Receptor Signaling Pathway (GO:0050855),GO_Biological_Process_2023,up,0.1604057831401273,1/16,CD300A
Protein Kinase A Signaling (GO:0010737),GO_Biological_Process_2023,up,0.1604057831401273,1/16,LCP1
Vasculature Development (GO:0001944),GO_Biological_Process_2023,up,0.1604057831401273,1/16,APLNR
Extrinsic Apoptotic Signaling Pathway In Absence Of Ligand (GO:0097192),GO_Biological_Process_2023,up,0.1604057831401273,1/16,FAS
Positive Regulation Of Cardiac Muscle Tissue Growth (GO:0055023),GO_Biological_Process_2023,up,0.1604057831401273,1/16,TGFBR3
Chondroitin Sulfate Metabolic Process (GO:0030204),GO_Biological_Process_2023,up,0.1604057831401273,1/16,DSE
Regulation Of Transforming Growth Factor Beta Production (GO:0071634),GO_Biological_Process_2023,up,0.1604057831401273,1/16,LRRC32
Cellular Response To Fatty Acid (GO:0071398),GO_Biological_Process_2023,up,0.1604057831401273,1/16,LCP1
Regulation Of Stem Cell Proliferation (GO:0072091),GO_Biological_Process_2023,up,0.1604057831401273,1/16,ZFP36L1
Cell Surface Toll-Like Receptor Signaling Pathway (GO:0140895),GO_Biological_Process_2023,up,0.1604057831401273,1/16,LY96
Positive Regulation Of Collagen Metabolic Process (GO:0010714),GO_Biological_Process_2023,up,0.1604057831401273,1/16,TGFB1
Regulation Of Presynapse Assembly (GO:1905606),GO_Biological_Process_2023,up,0.1604057831401273,1/16,GPC4
Regulation Of Osteoblast Proliferation (GO:0033688),GO_Biological_Process_2023,up,0.1604057831401273,1/16,TMEM119
Regulation Of Natural Killer Cell Activation (GO:0032814),GO_Biological_Process_2023,up,0.1604057831401273,1/16,TYROBP
Antifungal Innate Immune Response (GO:0061760),GO_Biological_Process_2023,up,0.1604057831401273,1/16,CLEC7A
Activation Of Cysteine-Type Endopeptidase Activity (GO:0097202),GO_Biological_Process_2023,up,0.1604057831401273,1/16,IFI16
Regulation Of Presynapse Organization (GO:0099174),GO_Biological_Process_2023,up,0.1604057831401273,1/16,GPC4
Negative Regulation Of Interleukin-10 Production (GO:0032693),GO_Biological_Process_2023,up,0.1604057831401273,1/16,TYROBP
Integrin-Mediated Signaling Pathway (GO:0007229),GO_Biological_Process_2023,up,0.1604057831401273,2/85,SYK;ITGB2
Transport Across Blood-Brain Barrier (GO:0150104),GO_Biological_Process_2023,up,0.1604057831401273,2/85,SLCO2B1;SLC7A2
Regulation Of Osteoblast Differentiation (GO:0045667),GO_Biological_Process_2023,up,0.1604057831401273,2/85,TMEM119;IL6R
Regulation Of Kinase Activity (GO:0043549),GO_Biological_Process_2023,up,0.1604057831401273,2/85,CD74;TREM2
Positive Regulation Of Protein Ubiquitination (GO:0031398),GO_Biological_Process_2023,up,0.1604057831401273,2/84,FAM107A;LAPTM5
TCR Signaling R-HSA-202403,Reactome_2022,up,0.1612299068136624,3/116,INPP5D;HLA-DRA;TAB2
Negative Regulation Of Protein Metabolic Process (GO:0051248),GO_Biological_Process_2023,down,0.1644346477412333,1/147,AZIN2
Regulation Of Cold-Induced Thermogenesis (GO:0120161),GO_Biological_Process_2023,down,0.1644346477412333,1/146,MAP2K6
Muscle Tissue Morphogenesis (GO:0060415),GO_Biological_Process_2023,up,0.1648960001507744,1/17,TGFBR3
rRNA Transcription (GO:0009303),GO_Biological_Process_2023,up,0.1648960001507744,1/17,ZFP36L1
Prostaglandin Biosynthetic Process (GO:0001516),GO_Biological_Process_2023,up,0.1648960001507744,1/17,CD74
Positive Regulation Of Regulatory T Cell Differentiation (GO:0045591),GO_Biological_Process_2023,up,0.1648960001507744,1/17,HLA-DRA
Toll-Like Receptor 4 Signaling Pathway (GO:0034142),GO_Biological_Process_2023,up,0.1648960001507744,1/17,LY96
Positive Regulation Of Macrophage Derived Foam Cell Differentiation (GO:0010744),GO_Biological_Process_2023,up,0.1648960001507744,1/17,LCP1
Filopodium Assembly (GO:0046847),GO_Biological_Process_2023,up,0.1648960001507744,1/17,FMNL3
Positive Regulation Of Leukocyte Adhesion To Vascular Endothelial Cell (GO:1904996),GO_Biological_Process_2023,up,0.1648960001507744,1/17,ITGB2
Extracellular Matrix Assembly (GO:0085029),GO_Biological_Process_2023,up,0.1648960001507744,1/17,TGFB1
Positive Regulation Of Glial Cell Differentiation (GO:0045687),GO_Biological_Process_2023,up,0.1648960001507744,1/17,TGFB1
Regulation Of Leukocyte Chemotaxis (GO:0002688),GO_Biological_Process_2023,up,0.1648960001507744,1/17,IL6R
Positive Regulation Of SMAD Protein Signal Transduction (GO:0060391),GO_Biological_Process_2023,up,0.1648960001507744,1/17,TGFB1
Phosphate-Containing Compound Metabolic Process (GO:0006796),GO_Biological_Process_2023,up,0.1648960001507744,3/184,TGFB1;INPP5D;LCP1
Positive Regulation Of Cell Adhesion (GO:0045785),GO_Biological_Process_2023,up,0.1648960001507744,2/88,SYK;NCKAP1L
Response To Interferon-Alpha (GO:0035455),GO_Biological_Process_2023,up,0.1648960001507744,1/17,IFITM2
Golgi To Vacuole Transport (GO:0006896),GO_Biological_Process_2023,up,0.1648960001507744,1/17,LAPTM5
Regulation Of Glucose Transmembrane Transport (GO:0010827),GO_Biological_Process_2023,up,0.1648960001507744,1/17,C3
Negative Regulation Of Fibroblast Proliferation (GO:0048147),GO_Biological_Process_2023,up,0.1648960001507744,1/17,CD300A
Neural Tube Development (GO:0021915),GO_Biological_Process_2023,up,0.1648960001507744,1/17,TGFB1
Neuron Maturation (GO:0042551),GO_Biological_Process_2023,up,0.1648960001507744,1/17,C3
Regulation Of Oxidative Phosphorylation (GO:0002082),GO_Biological_Process_2023,up,0.1648960001507744,1/17,NUPR1
Regulation Of Receptor Recycling (GO:0001919),GO_Biological_Process_2023,up,0.1648960001507744,1/17,RAB29
Negative Regulation Of Striated Muscle Cell Differentiation (GO:0051154),GO_Biological_Process_2023,up,0.1648960001507744,1/17,TMEM119
Regulation Of Receptor Signaling Pathway Via STAT (GO:1904892),GO_Biological_Process_2023,up,0.1648960001507744,1/17,TGFB1
Activation Of C3 And C5 R-HSA-174577,Reactome_2022,up,0.1656267405345948,1/6,C3
Chondroitin Sulfate/Dermatan Sulfate Metabolism R-HSA-1793185,Reactome_2022,up,0.1656267405345948,2/50,DSE;GPC4
SMAD2/3 Phosphorylation Motif Mutants In Cancer R-HSA-3304356,Reactome_2022,up,0.1656267405345948,1/6,TGFB1
Synthesis Of Lipoxins (LX) R-HSA-2142700,Reactome_2022,up,0.1656267405345948,1/6,ALOX5AP
FLT3 Signaling Thru SRC Family Kinases R-HSA-9706374,Reactome_2022,up,0.1656267405345948,1/6,SYK
SARS-CoV-2 Activates/Modulates Innate And Adaptive Immune Responses R-HSA-9705671,Reactome_2022,up,0.1656267405345948,3/121,TAB2;HLA-E;TLR2
Glycosaminoglycan Metabolism R-HSA-1630316,Reactome_2022,up,0.1656267405345948,3/120,DSE;GPC4;CD44
Negative Regulation Of Macromolecule Metabolic Process (GO:0010605),GO_Biological_Process_2023,up,0.166151457671705,3/186,TGFB1;APLNR;HAVCR2
Fanconi Anemia Pathway R-HSA-6783310,Reactome_2022,down,0.1669276020241645,1/38,FANCF
Aspirin ADME R-HSA-9749641,Reactome_2022,down,0.1674707668636627,1/44,BCHE
Glycosphingolipid Metabolism R-HSA-1660662,Reactome_2022,down,0.1674707668636627,1/45,STS
"Gamma Carboxylation, Hypusine Formation And Arylsulfatase Activation R-HSA-163841",Reactome_2022,down,0.1674707668636627,1/42,STS
Detection Of Mechanical Stimulus (GO:0050982),GO_Biological_Process_2023,up,0.1682660219234544,1/18,PIEZO1
Negative Regulation Of Viral Entry Into Host Cell (GO:0046597),GO_Biological_Process_2023,up,0.1682660219234544,1/18,IFITM2
Regulation Of Lymphocyte Activation (GO:0051249),GO_Biological_Process_2023,up,0.1682660219234544,1/18,CLEC7A
Actin Filament Capping (GO:0051693),GO_Biological_Process_2023,up,0.1682660219234544,1/18,CAPG
Negative Regulation Of Nervous System Development (GO:0051961),GO_Biological_Process_2023,up,0.1682660219234544,1/18,TLR2
Negative Regulation Of Lipid Storage (GO:0010888),GO_Biological_Process_2023,up,0.1682660219234544,1/18,TREM2
Negative Regulation Of Lipid Catabolic Process (GO:0050995),GO_Biological_Process_2023,up,0.1682660219234544,1/18,APOC1
Regulation Of Epidermal Cell Differentiation (GO:0045604),GO_Biological_Process_2023,up,0.1682660219234544,1/18,ZFP36L1
Barbed-End Actin Filament Capping (GO:0051016),GO_Biological_Process_2023,up,0.1682660219234544,1/18,CAPG
Regulation Of Oxidative Stress-Induced Intrinsic Apoptotic Signaling Pathway (GO:1902175),GO_Biological_Process_2023,up,0.1682660219234544,1/18,TREM2
Positive Regulation Of G Protein-Coupled Receptor Signaling Pathway (GO:0045745),GO_Biological_Process_2023,up,0.1682660219234544,1/18,C3
Regulation Of Collagen Biosynthetic Process (GO:0032965),GO_Biological_Process_2023,up,0.1682660219234544,1/18,TGFB1
Antigen Processing And Presentation Of Peptide Antigen Via MHC Class I (GO:0002474),GO_Biological_Process_2023,up,0.1682660219234544,1/18,FCER1G
Response To Cholesterol (GO:0070723),GO_Biological_Process_2023,up,0.1682660219234544,1/18,TGFB1
Regulation Of Phosphatidylinositol 3-Kinase Signaling (GO:0014066),GO_Biological_Process_2023,up,0.1682660219234544,2/90,HCLS1;TREM2
Positive Regulation Of Cytokine Production Involved In Inflammatory Response (GO:1900017),GO_Biological_Process_2023,up,0.1682660219234544,1/18,CLEC7A
Positive Regulation Of Establishment Of Protein Localization (GO:1904951),GO_Biological_Process_2023,up,0.1682660219234544,1/18,TREM2
Positive Regulation Of Extracellular Matrix Organization (GO:1903055),GO_Biological_Process_2023,up,0.1682660219234544,1/18,TGFB1
Positive Regulation Of Macrophage Migration (GO:1905523),GO_Biological_Process_2023,up,0.1682660219234544,1/18,TREM2
Heart Trabecula Morphogenesis (GO:0061384),GO_Biological_Process_2023,up,0.1682660219234544,1/18,TGFBR3
Positive Regulation Of Osteoclast Differentiation (GO:0045672),GO_Biological_Process_2023,up,0.1682660219234544,1/18,TYROBP
Vesicle Transport Along Actin Filament (GO:0030050),GO_Biological_Process_2023,up,0.1682660219234544,1/18,MYO1F
Negative Regulation Of T Cell Receptor Signaling Pathway (GO:0050860),GO_Biological_Process_2023,up,0.1682660219234544,1/18,LAPTM5
Positive Regulation Of Phosphoprotein Phosphatase Activity (GO:0032516),GO_Biological_Process_2023,up,0.1682660219234544,1/18,CD300A
Icosanoid Biosynthetic Process (GO:0046456),GO_Biological_Process_2023,up,0.1682660219234544,1/18,ALOX5AP
Maintenance Of Gastrointestinal Epithelium (GO:0030277),GO_Biological_Process_2023,up,0.1682660219234544,1/18,SERPINA3
Myoblast Fusion (GO:0007520),GO_Biological_Process_2023,up,0.1682660219234544,1/18,DOCK2
Positive Regulation Of Response To External Stimulus (GO:0032103),GO_Biological_Process_2023,down,0.1696808097411203,1/155,PTN
Epithelium Development (GO:0060429),GO_Biological_Process_2023,down,0.1696808097411203,1/154,KRT31
B Cell Activation (GO:0042113),GO_Biological_Process_2023,up,0.1696901898887254,2/92,CD86;LAT2
G Alpha (I) Signaling Events R-HSA-418594,Reactome_2022,up,0.1724155318750397,5/312,C3;ADORA3;C3AR1;APLNR;CXCL16
RUNX3 Regulates CDKN1A Transcription R-HSA-8941855,Reactome_2022,up,0.1725404120143557,1/7,TGFB1
Insulin-like Growth Factor-2 mRNA Binding Proteins (IGF2BPs/IMPs/VICKZs) Bind RNA R-HSA-428359,Reactome_2022,up,0.1725404120143557,1/7,CD44
Loss Of Function Of SMAD2/3 In Cancer R-HSA-3304349,Reactome_2022,up,0.1725404120143557,1/7,TGFB1
Loss Of Function Of TGFBR1 In Cancer R-HSA-3656534,Reactome_2022,up,0.1725404120143557,1/7,TGFB1
Defective Factor VIII Causes Hemophilia A R-HSA-9662001,Reactome_2022,up,0.1725404120143557,1/7,VWF
Modulation By Mtb Of Host Immune System R-HSA-9637628,Reactome_2022,up,0.1725404120143557,1/7,TLR2
HDL Assembly R-HSA-8963896,Reactome_2022,up,0.1725404120143557,1/7,ABCA1
RHOJ GTPase Cycle R-HSA-9013409,Reactome_2022,up,0.1725404120143557,2/54,FMNL3;STOM
Positive Regulation Of Protein Kinase B Signaling (GO:0051897),GO_Biological_Process_2023,up,0.1725763332333525,2/93,TGFB1;HCLS1
Fc Epsilon Receptor (FCERI) Signaling R-HSA-2454202,Reactome_2022,up,0.173253251831616,3/130,FCER1G;SYK;TAB2
Cardiac Epithelial To Mesenchymal Transition (GO:0060317),GO_Biological_Process_2023,up,0.1735775643306233,1/19,TGFBR3
Neuron Apoptotic Process (GO:0051402),GO_Biological_Process_2023,up,0.1735775643306233,1/19,FAS
Negative Regulation Of Leukocyte Cell-Cell Adhesion (GO:1903038),GO_Biological_Process_2023,up,0.1735775643306233,1/19,LAPTM5
Regulation Of Early Endosome To Late Endosome Transport (GO:2000641),GO_Biological_Process_2023,up,0.1735775643306233,1/19,MSN
Negative Regulation Of Fatty Acid Metabolic Process (GO:0045922),GO_Biological_Process_2023,up,0.1735775643306233,1/19,APOC1
Regulation Of Tissue Remodeling (GO:0034103),GO_Biological_Process_2023,up,0.1735775643306233,1/19,TGFB1
Negative Regulation Of Cyclin-Dependent Protein Serine/Threonine Kinase Activity (GO:0045736),GO_Biological_Process_2023,up,0.1735775643306233,1/19,CEBPA
Response To Fatty Acid (GO:0070542),GO_Biological_Process_2023,up,0.1735775643306233,1/19,LCP1
Dopamine Metabolic Process (GO:0042417),GO_Biological_Process_2023,up,0.1735775643306233,1/19,MAOB
Epithelial Structure Maintenance (GO:0010669),GO_Biological_Process_2023,up,0.1735775643306233,1/19,SERPINA3
Establishment Of Epithelial Cell Polarity (GO:0090162),GO_Biological_Process_2023,up,0.1735775643306233,1/19,MSN
tRNA Metabolic Process (GO:0006399),GO_Biological_Process_2023,up,0.1735775643306233,1/19,ZFP36L1
Intrinsic Apoptotic Signaling Pathway In Response To DNA Damage By P53 Class Mediator (GO:0042771),GO_Biological_Process_2023,up,0.1735775643306233,1/19,IFI16
Receptor Clustering (GO:0043113),GO_Biological_Process_2023,up,0.1735775643306233,1/19,ITGB2
Leukotriene Biosynthetic Process (GO:0019370),GO_Biological_Process_2023,up,0.1735775643306233,1/19,ALOX5AP
Positive Regulation Of Protein Metabolic Process (GO:0051247),GO_Biological_Process_2023,up,0.176988593976599,3/196,CD86;TGFB1;MSN
Regulation Of Cardiac Muscle Cell Proliferation (GO:0060043),GO_Biological_Process_2023,up,0.1778146688788353,1/20,TGFBR3
Negative Regulation Of miRNA Transcription (GO:1902894),GO_Biological_Process_2023,up,0.1778146688788353,1/20,TGFB1
Regulation Of Toll-Like Receptor Signaling Pathway (GO:0034121),GO_Biological_Process_2023,up,0.1778146688788353,1/20,TLR2
Positive Regulation Of Antigen Receptor-Mediated Signaling Pathway (GO:0050857),GO_Biological_Process_2023,up,0.1778146688788353,1/20,RAB29
Endothelial Cell Development (GO:0001885),GO_Biological_Process_2023,up,0.1778146688788353,1/20,MSN
Leukotriene Metabolic Process (GO:0006691),GO_Biological_Process_2023,up,0.1778146688788353,1/20,ALOX5AP
Lipopolysaccharide-Mediated Signaling Pathway (GO:0031663),GO_Biological_Process_2023,up,0.1778146688788353,1/20,TGFB1
Receptor Metabolic Process (GO:0043112),GO_Biological_Process_2023,up,0.1778146688788353,1/20,TGFB1
Actin Filament-Based Transport (GO:0099515),GO_Biological_Process_2023,up,0.1778146688788353,1/20,MYO1F
Negative Regulation Of Protein Localization To Plasma Membrane (GO:1903077),GO_Biological_Process_2023,up,0.1778146688788353,1/20,TGFB1
Negative Regulation Of Viral Life Cycle (GO:1903901),GO_Biological_Process_2023,up,0.1778146688788353,1/20,IFITM2
Negative Regulation Of Protein Localization To Cell Periphery (GO:1904376),GO_Biological_Process_2023,up,0.1778146688788353,1/20,TGFB1
Negative Regulation Of Phosphoprotein Phosphatase Activity (GO:0032515),GO_Biological_Process_2023,up,0.1778146688788353,1/20,NCKAP1L
Regulation Of Fibroblast Migration (GO:0010762),GO_Biological_Process_2023,up,0.1778146688788353,1/20,TGFB1
Negative Regulation Of Cytokine Production Involved In Inflammatory Response (GO:1900016),GO_Biological_Process_2023,up,0.1778146688788353,1/20,TREM2
Fc-gamma Receptor Signaling Pathway Involved In Phagocytosis (GO:0038096),GO_Biological_Process_2023,up,0.1778146688788353,1/20,SYK
Monocarboxylic Acid Metabolic Process (GO:0032787),GO_Biological_Process_2023,up,0.1778146688788353,2/97,DSE;LCP1
Regulation Of Defense Response (GO:0031347),GO_Biological_Process_2023,up,0.1778146688788353,2/97,TNC;TREM2
Negative Regulation Of Cyclin-Dependent Protein Kinase Activity (GO:1904030),GO_Biological_Process_2023,up,0.1778146688788353,1/20,CEBPA
Activation Of Adenylate Cyclase Activity (GO:0007190),GO_Biological_Process_2023,up,0.1778146688788353,1/20,ADORA3
Double-Strand Break Repair (GO:0006302),GO_Biological_Process_2023,down,0.1796233653795374,1/168,RAD54B
Membrane Organization (GO:0061024),GO_Biological_Process_2023,down,0.1796233653795374,1/167,AZIN2
MAPK Cascade (GO:0000165),GO_Biological_Process_2023,up,0.1802867713716358,2/98,TGFB1;ZFP36L1
Class A/1 (Rhodopsin-like Receptors) R-HSA-373076,Reactome_2022,up,0.1811637664990617,5/327,C3;ADORA3;C3AR1;APLNR;CXCL16
Signaling By TGF-beta Receptor Complex In Cancer R-HSA-3304351,Reactome_2022,up,0.1819785009778036,1/8,TGFB1
Nef And Signal Transduction R-HSA-164944,Reactome_2022,up,0.1819785009778036,1/8,DOCK2
Defective Factor IX Causes Hemophilia B R-HSA-9668250,Reactome_2022,up,0.1819785009778036,1/8,ZNF160
Ca2+ Activated K+ Channels R-HSA-1296052,Reactome_2022,up,0.1819785009778036,1/8,KCNN3
POLB-Dependent Long Patch Base Excision Repair R-HSA-110362,Reactome_2022,up,0.1819785009778036,1/8,LRIG1
Transcriptional Regulation Of Granulopoiesis R-HSA-9616222,Reactome_2022,up,0.1836361411185083,2/59,CEBPA;IL6R
Regulation Of Neuron Projection Development (GO:0010975),GO_Biological_Process_2023,down,0.1839209460992638,1/174,PTN
Positive Regulation Of Transcription Regulatory Region DNA Binding (GO:2000679),GO_Biological_Process_2023,up,0.1844849387459645,1/21,TGFB1
Positive Regulation Of Natural Killer Cell Mediated Cytotoxicity (GO:0045954),GO_Biological_Process_2023,up,0.1844849387459645,1/21,HLA-E
Modulation By Symbiont Of Entry Into Host (GO:0052372),GO_Biological_Process_2023,up,0.1844849387459645,1/21,TRIM22
Plasma Membrane Repair (GO:0001778),GO_Biological_Process_2023,up,0.1844849387459645,1/21,SYTL4
Negative Regulation Of Biomineral Tissue Development (GO:0070168),GO_Biological_Process_2023,up,0.1844849387459645,1/21,TGFB1
Negative Regulation Of miRNA Metabolic Process (GO:2000629),GO_Biological_Process_2023,up,0.1844849387459645,1/21,TGFB1
Lipid Catabolic Process (GO:0016042),GO_Biological_Process_2023,up,0.1844849387459645,1/21,LCP1
Antimicrobial Humoral Response (GO:0019730),GO_Biological_Process_2023,up,0.1846979613504692,2/100,RNASE6;HLA-E
B cell receptor signaling pathway,KEGG_2021_Human,up,0.1849670471538728,2/81,SYK;INPP5D
Atorvastatin ADME R-HSA-9754706,Reactome_2022,up,0.1862989039624728,1/9,SLCO2B1
CD163 Mediating An Anti-Inflammatory Response R-HSA-9662834,Reactome_2022,up,0.1862989039624728,1/9,RHBDF2
FCGR3A-mediated Phagocytosis R-HSA-9664422,Reactome_2022,up,0.1862989039624728,2/60,SYK;NCKAP1L
Signal Transduction R-HSA-162582,Reactome_2022,up,0.1862989039624728,21/2465,CD86;ABCA1;TGFB1;SYK;VWF;SMOX;OSBPL11;CXCL16;C3;FMNL3;ADORA3;APOC1;C3AR1;APLNR;LRIG1;ID3;STOM;NCKAP1L;TAB2;DOCK2;IL6R
GP1b-IX-V Activation Signaling R-HSA-430116,Reactome_2022,up,0.1862989039624728,1/9,VWF
MAPK1 (ERK2) Activation R-HSA-112411,Reactome_2022,up,0.1862989039624728,1/9,IL6R
Synthesis Of 5-Eicosatetraenoic Acids R-HSA-2142688,Reactome_2022,up,0.1862989039624728,1/9,ALOX5AP
TRIF-mediated Programmed Cell Death R-HSA-2562578,Reactome_2022,up,0.1862989039624728,1/9,LY96
"Nucleotide-binding Domain, Leucine Rich Repeat Containing NLR Signaling Pathways R-HSA-168643",Reactome_2022,down,0.1871424478734462,1/53,MAP2K6
GPCR Ligand Binding R-HSA-500792,Reactome_2022,up,0.1880510315384258,6/458,C3;SMOX;ADORA3;C3AR1;APLNR;CXCL16
Positive Regulation Of Phosphatase Activity (GO:0010922),GO_Biological_Process_2023,up,0.1907732817467,1/22,CD300A
Modulation By Host Of Viral Process (GO:0044788),GO_Biological_Process_2023,up,0.1907732817467,1/22,RAB29
Positive Regulation Of Viral Life Cycle (GO:1903902),GO_Biological_Process_2023,up,0.1907732817467,1/22,CD74
Negative Regulation Of Cell Communication (GO:0010648),GO_Biological_Process_2023,up,0.1907732817467,1/22,INPP5D
Positive Regulation Of Cholesterol Efflux (GO:0010875),GO_Biological_Process_2023,up,0.1907732817467,1/22,TREM2
Negative Regulation Of Macroautophagy (GO:0016242),GO_Biological_Process_2023,up,0.1907732817467,1/22,NUPR1
Regulation Of Mononuclear Cell Migration (GO:0071675),GO_Biological_Process_2023,up,0.1907732817467,1/22,MSN
Negative Regulation Of Myeloid Cell Differentiation (GO:0045638),GO_Biological_Process_2023,up,0.1907732817467,1/22,ZFP36L1
Semaphorin Interactions R-HSA-373755,Reactome_2022,up,0.1921398278556026,2/64,TYROBP;TREM2
IRAK2 Mediated Activation Of TAK1 Complex R-HSA-937042,Reactome_2022,up,0.1923375060950943,1/10,TAB2
RUNX3 Regulates p14-ARF R-HSA-8951936,Reactome_2022,up,0.1923375060950943,1/10,TGFB1
MAPK3 (ERK1) Activation R-HSA-110056,Reactome_2022,up,0.1923375060950943,1/10,IL6R
Integrin Cell Surface Interactions R-HSA-216083,Reactome_2022,up,0.1923375060950943,2/66,ITGB2;CD44
SLC-mediated Transmembrane Transport R-HSA-425407,Reactome_2022,up,0.1923375060950943,4/247,SLC14A1;SLC7A7;SLCO2B1;SLC7A2
RHOA GTPase Cycle R-HSA-8980692,Reactome_2022,up,0.1923375060950943,3/147,FMNL3;STOM;DOCK2
Metabolism Of Polyamines R-HSA-351202,Reactome_2022,down,0.1950277435964677,1/58,AZIN2
Regulation Of Toll-Like Receptor 4 Signaling Pathway (GO:0034143),GO_Biological_Process_2023,up,0.1958012142633223,1/23,TREM2
Cellular Response To Interleukin-6 (GO:0071354),GO_Biological_Process_2023,up,0.1958012142633223,1/23,IL6R
Cell-Cell Signaling By Wnt (GO:0198738),GO_Biological_Process_2023,up,0.1958012142633223,1/23,GPC4
Bile Acid And Bile Salt Transport (GO:0015721),GO_Biological_Process_2023,up,0.1958012142633223,1/23,SLCO2B1
"Regulation Of Nuclear-Transcribed mRNA Catabolic Process, Deadenylation-Dependent Decay (GO:1900151)",GO_Biological_Process_2023,up,0.1958012142633223,1/23,ZFP36L1
Regulation Of Cellular Response To Transforming Growth Factor Beta Stimulus (GO:1903844),GO_Biological_Process_2023,up,0.1958012142633223,1/23,TGFB1
Regulation Of Lipid Catabolic Process (GO:0050994),GO_Biological_Process_2023,up,0.1958012142633223,1/23,APOC1
Negative Regulation Of Lymphocyte Activation (GO:0051250),GO_Biological_Process_2023,up,0.1958012142633223,1/23,LAPTM5
Regulation Of Cholesterol Transport (GO:0032374),GO_Biological_Process_2023,up,0.1958012142633223,1/23,APOC1
Regulation Of Neuron Apoptotic Process (GO:0043523),GO_Biological_Process_2023,up,0.1958012142633223,2/105,TREM2;NUPR1
Cholesterol Efflux (GO:0033344),GO_Biological_Process_2023,up,0.1958012142633223,1/23,APOC1
Artery Development (GO:0060840),GO_Biological_Process_2023,up,0.1958012142633223,1/23,APLNR
Glial Cell Development (GO:0021782),GO_Biological_Process_2023,up,0.1958012142633223,1/23,TLR2
Positive Regulation Of Protein Targeting To Membrane (GO:0090314),GO_Biological_Process_2023,up,0.1958012142633223,1/23,ITGB2
Endocytosis (GO:0006897),GO_Biological_Process_2023,down,0.1966941373427472,1/189,ADORA1
Protein Localization To Membrane (GO:0072657),GO_Biological_Process_2023,down,0.1971152870670838,1/192,PTN
Regulation Of Cell Differentiation (GO:0045595),GO_Biological_Process_2023,down,0.1971152870670838,1/193,NREP
Endosomal/Vacuolar Pathway R-HSA-1236977,Reactome_2022,up,0.1976120039354689,1/11,HLA-E
Dermatan Sulfate Biosynthesis R-HSA-2022923,Reactome_2022,up,0.1976120039354689,1/11,DSE
Interleukin-6 Signaling R-HSA-1059683,Reactome_2022,up,0.1976120039354689,1/11,IL6R
Transport Of Organic Anions R-HSA-879518,Reactome_2022,up,0.1976120039354689,1/11,SLCO2B1
Alpha-protein Kinase 1 Signaling Pathway R-HSA-9645460,Reactome_2022,up,0.1976120039354689,1/11,TAB2
"TICAM1,TRAF6-dependent Induction Of TAK1 Complex R-HSA-9014325",Reactome_2022,up,0.1976120039354689,1/11,TAB2
Costimulation By CD28 Family R-HSA-388841,Reactome_2022,up,0.1976120039354689,2/68,CD86;HLA-DRA
MAP Kinase Activation R-HSA-450294,Reactome_2022,down,0.1990378536455121,1/62,MAP2K6
Positive Regulation Of Interleukin-17 Production (GO:0032740),GO_Biological_Process_2023,up,0.2006303301044982,1/24,TGFB1
Response To Hexose (GO:0009746),GO_Biological_Process_2023,up,0.2006303301044982,1/24,LCP1
Regulation Of Viral Life Cycle (GO:1903900),GO_Biological_Process_2023,up,0.2006303301044982,1/24,TRIM22
Regulation Of Supramolecular Fiber Organization (GO:1902903),GO_Biological_Process_2023,up,0.2006303301044982,1/24,AEBP1
Neuromuscular Junction Development (GO:0007528),GO_Biological_Process_2023,up,0.2006303301044982,1/24,TNC
Regulation Of Cysteine-Type Endopeptidase Activity (GO:2000116),GO_Biological_Process_2023,up,0.2006303301044982,1/24,IFI16
Acylglycerol Catabolic Process (GO:0046464),GO_Biological_Process_2023,up,0.2006303301044982,1/24,LCP1
Regulation Of Heterotypic Cell-Cell Adhesion (GO:0034114),GO_Biological_Process_2023,up,0.2006303301044982,1/24,CD44
ERK1 And ERK2 Cascade (GO:0070371),GO_Biological_Process_2023,up,0.2006303301044982,1/24,ZFP36L1
Regulation Of Cytokine Production Involved In Immune Response (GO:0002718),GO_Biological_Process_2023,up,0.2006303301044982,1/24,LAPTM5
Positive Regulation Of Peptidyl-Threonine Phosphorylation (GO:0010800),GO_Biological_Process_2023,up,0.2006303301044982,1/24,TGFB1
Acylglycerol Homeostasis (GO:0055090),GO_Biological_Process_2023,up,0.2006303301044982,1/24,LCP1
Multivesicular Body Sorting Pathway (GO:0071985),GO_Biological_Process_2023,up,0.2006303301044982,1/24,SYTL4
Positive Regulation Of Natural Killer Cell Mediated Immunity (GO:0002717),GO_Biological_Process_2023,up,0.2006303301044982,1/24,HLA-E
Response To Tumor Necrosis Factor (GO:0034612),GO_Biological_Process_2023,up,0.2007344885699173,2/108,CXCL16;ZFP36L1
Positive Regulation Of Metabolic Process (GO:0009893),GO_Biological_Process_2023,up,0.2007344885699173,2/108,SYK;CLEC7A
Cell-Matrix Adhesion (GO:0007160),GO_Biological_Process_2023,up,0.2032998778622816,2/109,ITGB2;CD44
Positive Regulation Of Wnt Signaling Pathway (GO:0030177),GO_Biological_Process_2023,up,0.2032998778622816,2/109,TGFB1;TLR2
"Plasma Lipoprotein Assembly, Remodeling, And Clearance R-HSA-174824",Reactome_2022,up,0.2035948434571381,2/71,ABCA1;APOC1
RHOC GTPase Cycle R-HSA-9013106,Reactome_2022,up,0.2050979461257143,2/73,FMNL3;STOM
CD28 Dependent Vav1 Pathway R-HSA-389359,Reactome_2022,up,0.2050979461257143,1/12,CD86
Interleukin-2 Signaling R-HSA-9020558,Reactome_2022,up,0.2050979461257143,1/12,SYK
PECAM1 Interactions R-HSA-210990,Reactome_2022,up,0.2050979461257143,1/12,INPP5D
Hyaluronan Uptake And Degradation R-HSA-2160916,Reactome_2022,up,0.2050979461257143,1/12,CD44
ATP Biosynthetic Process (GO:0006754),GO_Biological_Process_2023,up,0.2052698379071534,1/25,TGFB1
Negative Regulation Of Protein Localization To Membrane (GO:1905476),GO_Biological_Process_2023,up,0.2052698379071534,1/25,TGFB1
Negative Regulation Of Lipid Biosynthetic Process (GO:0051055),GO_Biological_Process_2023,up,0.2052698379071534,1/25,APOC1
Negative Regulation Of Protein Transport (GO:0051224),GO_Biological_Process_2023,up,0.2052698379071534,1/25,RHBDF2
Negative Regulation Of Response To Wounding (GO:1903035),GO_Biological_Process_2023,up,0.2052698379071534,1/25,CD109
Negative Regulation Of Smoothened Signaling Pathway (GO:0045879),GO_Biological_Process_2023,up,0.2052698379071534,1/25,RFX4
Regulation Of Platelet Aggregation (GO:0090330),GO_Biological_Process_2023,up,0.2052698379071534,1/25,SYK
Myotube Differentiation (GO:0014902),GO_Biological_Process_2023,up,0.2052698379071534,1/25,DOCK2
Regulation Of Cell Size (GO:0008361),GO_Biological_Process_2023,up,0.2052698379071534,1/25,MSN
Regulation Of Keratinocyte Proliferation (GO:0010837),GO_Biological_Process_2023,up,0.2052698379071534,1/25,ZFP36L1
RNA Metabolic Process (GO:0016070),GO_Biological_Process_2023,up,0.2064238026191951,2/111,RNASET2;RNASE6
Regulation Of Transforming Growth Factor Beta Receptor Signaling Pathway (GO:0017015),GO_Biological_Process_2023,up,0.2064238026191951,2/111,TGFB1;CD109
Cytoskeleton Organization (GO:0007010),GO_Biological_Process_2023,up,0.2064238026191951,2/111,FMNL3;PALLD
Protein Export From Nucleus (GO:0006611),GO_Biological_Process_2023,up,0.2090598194012223,1/26,TGFB1
Regulation Of Interferon-Alpha Production (GO:0032647),GO_Biological_Process_2023,up,0.2090598194012223,1/26,HAVCR2
Regulation Of Protein Ubiquitination (GO:0031396),GO_Biological_Process_2023,up,0.2090598194012223,2/113,FAM107A;LAPTM5
Protein Targeting To Lysosome (GO:0006622),GO_Biological_Process_2023,up,0.2090598194012223,1/26,LAPTM5
Positive Regulation Of Phosphatidylinositol 3-Kinase Activity (GO:0043552),GO_Biological_Process_2023,up,0.2090598194012223,1/26,TGFB1
Regulation Of Fatty Acid Biosynthetic Process (GO:0042304),GO_Biological_Process_2023,up,0.2090598194012223,1/26,APOC1
Dendritic Spine Organization (GO:0097061),GO_Biological_Process_2023,up,0.2090598194012223,1/26,TREM2
Positive Regulation Of Adenylate Cyclase Activity (GO:0045762),GO_Biological_Process_2023,up,0.2090598194012223,1/26,ADORA3
Plasma Membrane Invagination (GO:0099024),GO_Biological_Process_2023,up,0.2090598194012223,1/26,ITGB2
Positive Regulation Of Erythrocyte Differentiation (GO:0045648),GO_Biological_Process_2023,up,0.2090598194012223,1/26,NCKAP1L
Nucleic Acid Phosphodiester Bond Hydrolysis (GO:0090305),GO_Biological_Process_2023,up,0.2090598194012223,1/26,RNASE6
Negative Regulation Of Lipid Metabolic Process (GO:0045833),GO_Biological_Process_2023,up,0.2090598194012223,1/26,APOC1
Regulation Of Keratinocyte Differentiation (GO:0045616),GO_Biological_Process_2023,up,0.2090598194012223,1/26,ZFP36L1
Negative Regulation Of Receptor-Mediated Endocytosis (GO:0048261),GO_Biological_Process_2023,up,0.2090598194012223,1/26,APOC1
Acute Inflammatory Response (GO:0002526),GO_Biological_Process_2023,up,0.2090598194012223,1/26,IL6R
Interleukin-17 Signaling R-HSA-448424,Reactome_2022,down,0.2115811460745127,1/69,MAP2K6
Phenylalanine metabolism,KEGG_2021_Human,up,0.2117253620995793,1/17,MAOB
Regulation Of MAP Kinase Activity (GO:0043405),GO_Biological_Process_2023,up,0.2117968648259943,2/114,TGFB1;CD300A
Fluid shear stress and atherosclerosis,KEGG_2021_Human,down,0.2122619936297683,1/139,MAP2K6
Yersinia infection,KEGG_2021_Human,down,0.2122619936297683,1/137,MAP2K6
Estrogen signaling pathway,KEGG_2021_Human,down,0.2122619936297683,1/137,KRT31
Osteoclast differentiation,KEGG_2021_Human,down,0.2122619936297683,1/127,MAP2K6
"Growth hormone synthesis, secretion and action",KEGG_2021_Human,down,0.2122619936297683,1/119,MAP2K6
Sphingolipid signaling pathway,KEGG_2021_Human,down,0.2122619936297683,1/119,ADORA1
Toxoplasmosis,KEGG_2021_Human,down,0.2122619936297683,1/112,MAP2K6
Mucin type O-glycan biosynthesis,KEGG_2021_Human,down,0.2122619936297683,1/36,GALNT14
Homologous recombination,KEGG_2021_Human,down,0.2122619936297683,1/41,RAD54B
Fanconi anemia pathway,KEGG_2021_Human,down,0.2122619936297683,1/54,FANCF
Arginine and proline metabolism,KEGG_2021_Human,down,0.2122619936297683,1/50,AZIN2
Toll-like receptor signaling pathway,KEGG_2021_Human,down,0.2122619936297683,1/104,MAP2K6
Choline metabolism in cancer,KEGG_2021_Human,down,0.2122619936297683,1/98,DGKI
Glycerophospholipid metabolism,KEGG_2021_Human,down,0.2122619936297683,1/98,DGKI
Inflammatory mediator regulation of TRP channels,KEGG_2021_Human,down,0.2122619936297683,1/98,MAP2K6
Phosphatidylinositol signaling system,KEGG_2021_Human,down,0.2122619936297683,1/97,DGKI
Staphylococcus aureus infection,KEGG_2021_Human,down,0.2122619936297683,1/95,KRT31
Other types of O-glycan biosynthesis,KEGG_2021_Human,down,0.2122619936297683,1/47,GALNT14
GnRH signaling pathway,KEGG_2021_Human,down,0.2122619936297683,1/93,MAP2K6
PD-L1 expression and PD-1 checkpoint pathway in cancer,KEGG_2021_Human,down,0.2122619936297683,1/89,MAP2K6
Renin secretion,KEGG_2021_Human,down,0.2122619936297683,1/69,ADORA1
Fc epsilon RI signaling pathway,KEGG_2021_Human,down,0.2122619936297683,1/68,MAP2K6
Glycerolipid metabolism,KEGG_2021_Human,down,0.2122619936297683,1/61,DGKI
Steroid hormone biosynthesis,KEGG_2021_Human,down,0.2122619936297683,1/61,STS
Regulation of lipolysis in adipocytes,KEGG_2021_Human,down,0.2122619936297683,1/55,ADORA1
Morphine addiction,KEGG_2021_Human,down,0.2122619936297683,1/91,ADORA1
TNF signaling pathway,KEGG_2021_Human,down,0.2122619936297683,1/112,MAP2K6
Regulation Of SMAD Protein Signal Transduction (GO:0060390),GO_Biological_Process_2023,up,0.2135696999222844,1/27,TGFB1
Cellular Response To Epidermal Growth Factor Stimulus (GO:0071364),GO_Biological_Process_2023,up,0.2135696999222844,1/27,ZFP36L1
Activation Of Phospholipase C Activity (GO:0007202),GO_Biological_Process_2023,up,0.2135696999222844,1/27,CD86
Positive Regulation Of Immune System Process (GO:0002684),GO_Biological_Process_2023,up,0.2135696999222844,1/27,NCKAP1L
Positive Regulation Of Nitric Oxide Biosynthetic Process (GO:0045429),GO_Biological_Process_2023,up,0.2135696999222844,1/27,CLEC7A
Amino Acid Import Across Plasma Membrane (GO:0089718),GO_Biological_Process_2023,up,0.2135696999222844,1/27,SLC7A2
Cell Surface Receptor Signaling Pathway Involved In Cell-Cell Signaling (GO:1905114),GO_Biological_Process_2023,up,0.2135696999222844,1/27,GPC4
Positive Regulation Of Response To Wounding (GO:1903036),GO_Biological_Process_2023,up,0.2135696999222844,1/27,CLEC7A
Regulation Of Transcription Regulatory Region DNA Binding (GO:2000677),GO_Biological_Process_2023,up,0.2135696999222844,1/27,TGFB1
Positive Regulation Of Cytosolic Calcium Ion Concentration Involved In Phospholipase C-activating G Protein-Coupled Signaling Pathway (GO:0051482),GO_Biological_Process_2023,up,0.2135696999222844,1/27,C3AR1
Respiratory Tube Development (GO:0030323),GO_Biological_Process_2023,up,0.2135696999222844,1/27,CEBPA
Signal Regulatory Protein Family Interactions R-HSA-391160,Reactome_2022,up,0.214061391568446,1/13,TYROBP
"Defective EXT1 Causes Exostoses 1, TRPS2 And CHDS R-HSA-3656253",Reactome_2022,up,0.214061391568446,1/13,GPC4
IRF3-mediated Induction Of Type I IFN R-HSA-3270619,Reactome_2022,up,0.214061391568446,1/13,IFI16
Anti-inflammatory Response Favoring Leishmania Infection R-HSA-9662851,Reactome_2022,up,0.214061391568446,3/165,FCGR2A;SYK;RHBDF2
Phospholipase D signaling pathway,KEGG_2021_Human,down,0.217020702814052,1/148,DGKI
Positive Regulation Of Nitric Oxide Metabolic Process (GO:1904407),GO_Biological_Process_2023,up,0.2170219120109283,1/28,CLEC7A
Establishment Of Endothelial Barrier (GO:0061028),GO_Biological_Process_2023,up,0.2170219120109283,1/28,MSN
Positive Regulation Of Fibroblast Proliferation (GO:0048146),GO_Biological_Process_2023,up,0.2170219120109283,1/28,CD74
Positive Regulation Of Defense Response To Virus By Host (GO:0002230),GO_Biological_Process_2023,up,0.2170219120109283,1/28,TRIM22
Cellular Response To Osmotic Stress (GO:0071470),GO_Biological_Process_2023,up,0.2170219120109283,1/28,ZFP36L1
Transcription By RNA Polymerase III (GO:0006383),GO_Biological_Process_2023,up,0.2170219120109283,1/28,ZFP36L1
Regulation Of Sodium Ion Transmembrane Transport (GO:1902305),GO_Biological_Process_2023,up,0.2170219120109283,1/28,FXYD5
Regulation Of Plasma Membrane Bounded Cell Projection Organization (GO:0120035),GO_Biological_Process_2023,up,0.2170219120109283,1/28,TREM2
Regulation Of Protein Targeting To Membrane (GO:0090313),GO_Biological_Process_2023,up,0.2170219120109283,1/28,ITGB2
Negative Regulation Of Signaling (GO:0023057),GO_Biological_Process_2023,up,0.2170219120109283,1/28,INPP5D
Regulation Of Lipid Biosynthetic Process (GO:0046890),GO_Biological_Process_2023,up,0.2170219120109283,1/28,C3
RNA Phosphodiester Bond Hydrolysis (GO:0090501),GO_Biological_Process_2023,up,0.2170219120109283,1/28,RNASE6
Pyroptosis (GO:0070269),GO_Biological_Process_2023,up,0.2170219120109283,1/28,TREM2
Protein Processing (GO:0016485),GO_Biological_Process_2023,up,0.2170219120109283,2/117,C1R;AEBP1
Primary Neural Tube Formation (GO:0014020),GO_Biological_Process_2023,up,0.2170219120109283,1/28,TGFB1
Hematopoietic Progenitor Cell Differentiation (GO:0002244),GO_Biological_Process_2023,up,0.2170219120109283,1/28,TGFB1
Negative Regulation Of Wound Healing (GO:0061045),GO_Biological_Process_2023,up,0.2170219120109283,1/28,CD109
Hepatitis B,KEGG_2021_Human,down,0.2192346533942889,1/162,MAP2K6
Cellular senescence,KEGG_2021_Human,down,0.2192346533942889,1/156,MAP2K6
cGMP-PKG signaling pathway,KEGG_2021_Human,down,0.2192346533942889,1/167,ADORA1
Drug ADME R-HSA-9748784,Reactome_2022,down,0.2210036495215166,1/95,BCHE
Toll Like Receptor 9 (TLR9) Cascade R-HSA-168138,Reactome_2022,down,0.2210036495215166,1/106,MAP2K6
MyD88-independent TLR4 Cascade R-HSA-166166,Reactome_2022,down,0.2210036495215166,1/107,MAP2K6
Toll Like Receptor 7/8 (TLR7/8) Cascade R-HSA-168181,Reactome_2022,down,0.2210036495215166,1/103,MAP2K6
Toll Like Receptor 3 (TLR3) Cascade R-HSA-168164,Reactome_2022,down,0.2210036495215166,1/103,MAP2K6
MyD88 Dependent Cascade Initiated On Endosome R-HSA-975155,Reactome_2022,down,0.2210036495215166,1/102,MAP2K6
TRAF6 Mediated Induction Of NFkB And MAP Kinases Upon TLR7/8 Or 9 Activation R-HSA-975138,Reactome_2022,down,0.2210036495215166,1/101,MAP2K6
MyD88 Cascade Initiated On Plasma Membrane R-HSA-975871,Reactome_2022,down,0.2210036495215166,1/96,MAP2K6
Oxidative Stress Induced Senescence R-HSA-2559580,Reactome_2022,down,0.2210036495215166,1/93,MAP2K6
Peptide Hormone Metabolism R-HSA-2980736,Reactome_2022,down,0.2210036495215166,1/89,BCHE
Sphingolipid Metabolism R-HSA-428157,Reactome_2022,down,0.2210036495215166,1/89,STS
Morphogenesis Of An Epithelium (GO:0002009),GO_Biological_Process_2023,up,0.2218733224676908,1/29,TNC
Tube Closure (GO:0060606),GO_Biological_Process_2023,up,0.2218733224676908,1/29,TGFB1
Integrated Stress Response Signaling (GO:0140467),GO_Biological_Process_2023,up,0.2218733224676908,1/29,CEBPA
Heterotypic Cell-Cell Adhesion (GO:0034113),GO_Biological_Process_2023,up,0.2218733224676908,1/29,ITGB2
Positive Regulation Of Dephosphorylation (GO:0035306),GO_Biological_Process_2023,up,0.2218733224676908,1/29,TGFB1
Response To Steroid Hormone (GO:0048545),GO_Biological_Process_2023,up,0.2218733224676908,1/29,TGFB1
Negative Regulation Of DNA Binding (GO:0043392),GO_Biological_Process_2023,up,0.2218733224676908,1/29,IFI16
RNA Biosynthetic Process (GO:0032774),GO_Biological_Process_2023,up,0.2218733224676908,1/29,ZFP36L1
Defense Response To Fungus (GO:0050832),GO_Biological_Process_2023,up,0.2218733224676908,1/29,CLEC7A
Chondrocyte Differentiation (GO:0002062),GO_Biological_Process_2023,up,0.2218733224676908,1/29,TGFB1
MyD88:MAL(TIRAP) Cascade Initiated On Plasma Membrane R-HSA-166058,Reactome_2022,down,0.2220047773127068,1/112,MAP2K6
Interleukin-1 Signaling R-HSA-9020702,Reactome_2022,down,0.2220047773127068,1/114,MAP2K6
Role Of LAT2/NTAL/LAB On Calcium Mobilization R-HSA-2730905,Reactome_2022,up,0.2246025196504781,1/14,SYK
Mismatch Repair (MMR) Directed By MSH2:MSH3 (MutSbeta) R-HSA-5358606,Reactome_2022,up,0.2246025196504781,1/14,LRIG1
Mismatch Repair (MMR) Directed By MSH2:MSH6 (MutSalpha) R-HSA-5358565,Reactome_2022,up,0.2246025196504781,1/14,LRIG1
Negative Regulation Of Myeloid Leukocyte Differentiation (GO:0002762),GO_Biological_Process_2023,up,0.2270412846471428,1/30,C1QC
Negative Regulation Of Peptidyl-Tyrosine Phosphorylation (GO:0050732),GO_Biological_Process_2023,up,0.2270412846471428,1/30,CD300A
Regulation Of Macrophage Derived Foam Cell Differentiation (GO:0010743),GO_Biological_Process_2023,up,0.2270412846471428,1/30,LCP1
"Phagocytosis, Engulfment (GO:0006911)",GO_Biological_Process_2023,up,0.2270412846471428,1/30,ITGB2
Response To Epidermal Growth Factor (GO:0070849),GO_Biological_Process_2023,up,0.2270412846471428,1/30,ZFP36L1
Positive Regulation Of Lipid Kinase Activity (GO:0090218),GO_Biological_Process_2023,up,0.2270412846471428,1/30,TGFB1
Positive Regulation Of Phosphate Metabolic Process (GO:0045937),GO_Biological_Process_2023,up,0.2270412846471428,1/30,NCKAP1L
Prostaglandin Metabolic Process (GO:0006693),GO_Biological_Process_2023,up,0.2270412846471428,1/30,CD74
Regulation Of Cell Motility (GO:2000145),GO_Biological_Process_2023,up,0.2275498780486076,2/123,TGFB1;TNC
Metabolism Of Proteins R-HSA-392499,Reactome_2022,down,0.2275620823880454,4/1890,BCHE;GALNT14;STS;B3GNTL1
Positive Regulation Of Developmental Process (GO:0051094),GO_Biological_Process_2023,down,0.2297464470204425,1/233,PTN
Negative Regulation Of Multicellular Organismal Process (GO:0051241),GO_Biological_Process_2023,down,0.2297464470204425,1/231,MAP2K6
TGF-beta signaling pathway,KEGG_2021_Human,up,0.2301744644314772,2/94,TGFB1;ID3
Inflammatory Response (GO:0006954),GO_Biological_Process_2023,down,0.2304781551467239,1/236,ADORA1
Regulation Of Response To Biotic Stimulus (GO:0002831),GO_Biological_Process_2023,up,0.2309392140701028,1/31,TREM2
Regulation Of Protein Localization To Cell Surface (GO:2000008),GO_Biological_Process_2023,up,0.2309392140701028,1/31,TYROBP
Actin Filament Polymerization (GO:0030041),GO_Biological_Process_2023,up,0.2309392140701028,1/31,FAM107A
Response To Estradiol (GO:0032355),GO_Biological_Process_2023,up,0.2309392140701028,1/31,TGFB1
Positive Regulation Of Cholesterol Transport (GO:0032376),GO_Biological_Process_2023,up,0.2309392140701028,1/31,TREM2
Endodermal Cell Differentiation (GO:0035987),GO_Biological_Process_2023,up,0.2309392140701028,1/31,ITGB2
Regulation Of Transmembrane Receptor Protein Serine/Threonine Kinase Signaling Pathway (GO:0090092),GO_Biological_Process_2023,up,0.2309392140701028,1/31,TGFB1
Positive Regulation Of Glucose Transmembrane Transport (GO:0010828),GO_Biological_Process_2023,up,0.2309392140701028,1/31,C3
Triglyceride Homeostasis (GO:0070328),GO_Biological_Process_2023,up,0.2309392140701028,1/31,LCP1
Cellular Response To cAMP (GO:0071320),GO_Biological_Process_2023,up,0.2309392140701028,1/31,ZFP36L1
Negative Regulation Of Cell-Matrix Adhesion (GO:0001953),GO_Biological_Process_2023,up,0.2309392140701028,1/31,FAM107A
Regulation Of Cell Morphogenesis (GO:0022604),GO_Biological_Process_2023,up,0.2309392140701028,1/31,CD44
cAMP signaling pathway,KEGG_2021_Human,down,0.2322413663384947,1/216,ADORA1
Lipid and atherosclerosis,KEGG_2021_Human,down,0.2322413663384947,1/215,MAP2K6
Human immunodeficiency virus 1 infection,KEGG_2021_Human,down,0.2322413663384947,1/212,MAP2K6
Rap1 signaling pathway,KEGG_2021_Human,down,0.2322413663384947,1/210,MAP2K6
Epstein-Barr virus infection,KEGG_2021_Human,down,0.2322413663384947,1/202,MAP2K6
Kaposi sarcoma-associated herpesvirus infection,KEGG_2021_Human,down,0.2322413663384947,1/193,MAP2K6
p130Cas Linkage To MAPK Signaling For Integrins R-HSA-372708,Reactome_2022,up,0.2322805722075777,1/15,VWF
Mismatch Repair R-HSA-5358508,Reactome_2022,up,0.2322805722075777,1/15,LRIG1
SARS-CoV-2 Infection R-HSA-9694516,Reactome_2022,up,0.2322805722075777,4/283,TAB2;GPC4;HLA-E;TLR2
GRB2:SOS Provides Linkage To MAPK Signaling For Integrins R-HSA-354194,Reactome_2022,up,0.2322805722075777,1/15,VWF
Processive Synthesis On Lagging Strand R-HSA-69183,Reactome_2022,up,0.2322805722075777,1/15,LRIG1
Glycerophospholipid Biosynthesis R-HSA-1483206,Reactome_2022,down,0.2332148382387736,1/127,BCHE
Cellular Response To Starvation (GO:0009267),GO_Biological_Process_2023,up,0.2332168987906737,2/126,IFI16;FAS
Caspase Activation Via Death Receptors In Presence Of Ligand R-HSA-140534,Reactome_2022,up,0.2338036075304852,1/16,LY96
Nucleotide-like (Purinergic) Receptors R-HSA-418038,Reactome_2022,up,0.2338036075304852,1/16,ADORA3
TGF-beta Receptor Signaling In EMT (Epithelial To Mesenchymal Transition) R-HSA-2173791,Reactome_2022,up,0.2338036075304852,1/16,TGFB1
Heme Degradation R-HSA-189483,Reactome_2022,up,0.2338036075304852,1/16,SLCO2B1
Early Phase Of HIV Life Cycle R-HSA-162594,Reactome_2022,up,0.2338036075304852,1/16,LRIG1
STING Mediated Induction Of Host Immune Responses R-HSA-1834941,Reactome_2022,up,0.2338036075304852,1/16,IFI16
Hyaluronan Metabolism R-HSA-2142845,Reactome_2022,up,0.2338036075304852,1/16,CD44
Human cytomegalovirus infection,KEGG_2021_Human,down,0.2345746822752575,1/225,MAP2K6
Cytosolic Transport (GO:0016482),GO_Biological_Process_2023,up,0.2349284958255408,2/127,RAB29;LAPTM5
Regulation Of Cholesterol Efflux (GO:0010874),GO_Biological_Process_2023,up,0.2349284958255408,1/32,TREM2
Respiratory System Development (GO:0060541),GO_Biological_Process_2023,up,0.2349284958255408,1/32,CEBPA
Negative Regulation Of G1/S Transition Of Mitotic Cell Cycle (GO:2000134),GO_Biological_Process_2023,up,0.2349284958255408,1/32,FAM107A
NIK/NF-kappaB Signaling (GO:0038061),GO_Biological_Process_2023,up,0.2349284958255408,1/32,TAB2
Neural Tube Closure (GO:0001843),GO_Biological_Process_2023,up,0.2349284958255408,1/32,TGFB1
Regulation Of Natural Killer Cell Mediated Cytotoxicity (GO:0042269),GO_Biological_Process_2023,up,0.2349284958255408,1/32,HLA-E
Phosphatidylinositol 3-Kinase Signaling (GO:0014065),GO_Biological_Process_2023,up,0.2349284958255408,1/32,ZFP36L1
Negative Regulation Of Fat Cell Differentiation (GO:0045599),GO_Biological_Process_2023,up,0.2349284958255408,1/32,TGFB1
Amide Transport (GO:0042886),GO_Biological_Process_2023,up,0.2349284958255408,1/32,SLC14A1
Regulation Of Response To External Stimulus (GO:0032101),GO_Biological_Process_2023,up,0.2349284958255408,2/127,TNC;TREM2
RAC2 GTPase Cycle R-HSA-9013404,Reactome_2022,up,0.2387062960731374,2/87,NCKAP1L;DOCK2
Lung Development (GO:0030324),GO_Biological_Process_2023,up,0.2394809593461897,1/33,CEBPA
Negative Regulation Of Blood Vessel Endothelial Cell Migration (GO:0043537),GO_Biological_Process_2023,up,0.2394809593461897,1/33,TGFB1
Regulation Of NLRP3 Inflammasome Complex Assembly (GO:1900225),GO_Biological_Process_2023,up,0.2394809593461897,1/33,TREM2
Positive Regulation Of Release Of Sequestered Calcium Ion Into Cytosol (GO:0051281),GO_Biological_Process_2023,up,0.2394809593461897,1/33,APLNR
Positive Regulation Of Nitrogen Compound Metabolic Process (GO:0051173),GO_Biological_Process_2023,up,0.2394809593461897,1/33,TGFB1
Signal Transduction By P53 Class Mediator (GO:0072331),GO_Biological_Process_2023,up,0.2394809593461897,1/33,IFI16
Positive Regulation Of Notch Signaling Pathway (GO:0045747),GO_Biological_Process_2023,up,0.2394809593461897,1/33,BMP2K
Negative Regulation Of Small Molecule Metabolic Process (GO:0062014),GO_Biological_Process_2023,up,0.2394809593461897,1/33,NUPR1
Positive Regulation Of DNA Binding (GO:0043388),GO_Biological_Process_2023,up,0.2394809593461897,1/33,TGFB1
GPCR Downstream Signaling R-HSA-388396,Reactome_2022,down,0.2395348812078576,2/619,ADORA1;DGKI
Butyrate Response Factor 1 Binds And Destabilizes mRNA R-HSA-450385,Reactome_2022,up,0.2409657444903825,1/17,ZFP36L1
Activation Of IRF3/IRF7 Mediated By TBK1/IKK Epsilon R-HSA-936964,Reactome_2022,up,0.2409657444903825,1/17,LY96
Translocation Of ZAP-70 To Immunological Synapse R-HSA-202430,Reactome_2022,up,0.2409657444903825,1/17,HLA-DRA
Antimicrobial Peptides R-HSA-6803157,Reactome_2022,up,0.2413322744348477,2/89,RNASE6;TLR2
Toll Like Receptor 4 (TLR4) Cascade R-HSA-166016,Reactome_2022,down,0.2430656319406881,1/140,MAP2K6
Regulation Of Blood Circulation (GO:1903522),GO_Biological_Process_2023,up,0.2436826018767369,1/34,ADORA3
Negative Regulation Of Mitotic Cell Cycle (GO:0045930),GO_Biological_Process_2023,up,0.2436826018767369,1/34,ZFP36L1
ATP Metabolic Process (GO:0046034),GO_Biological_Process_2023,up,0.2436826018767369,1/34,TGFB1
Cellular Response To Amyloid-Beta (GO:1904646),GO_Biological_Process_2023,up,0.2436826018767369,1/34,TREM2
Cellular Response To Vascular Endothelial Growth Factor Stimulus (GO:0035924),GO_Biological_Process_2023,up,0.2436826018767369,1/34,MT1G
Positive Regulation Of Organelle Organization (GO:0010638),GO_Biological_Process_2023,up,0.2436826018767369,1/34,TREM2
Membrane Protein Proteolysis (GO:0033619),GO_Biological_Process_2023,up,0.2436826018767369,1/34,TGFB1
Protein Targeting To Vacuole (GO:0006623),GO_Biological_Process_2023,up,0.2436826018767369,1/34,LAPTM5
Regulation Of calcineurin-NFAT Signaling Cascade (GO:0070884),GO_Biological_Process_2023,up,0.2436826018767369,1/34,CLEC7A
Regulation Of Phosphatidylinositol 3-Kinase Activity (GO:0043551),GO_Biological_Process_2023,up,0.2436826018767369,1/34,TGFB1
Negative Regulation Of Cell Motility (GO:2000146),GO_Biological_Process_2023,up,0.2459367572049679,2/133,CD74;ADORA3
Positive Regulation Of Transcription By RNA Polymerase II (GO:0045944),GO_Biological_Process_2023,up,0.2470642060738916,8/938,CEBPA;TGFB1;IFI16;RFX4;GLIS3;HCLS1;IRF8;TLR2
Activation Of SMO R-HSA-5635838,Reactome_2022,up,0.2476720040988183,1/18,SMOX
Regulation Of Signaling By CBL R-HSA-912631,Reactome_2022,up,0.2476720040988183,1/18,SYK
JNK (c-Jun Kinases) Phosphorylation And Activation Mediated By Activated Human TAK1 R-HSA-450321,Reactome_2022,up,0.2476720040988183,1/18,TAB2
Positive Regulation Of Cell Development (GO:0010720),GO_Biological_Process_2023,up,0.2477669605882604,1/35,CLEC7A
Response To Nutrient Levels (GO:0031667),GO_Biological_Process_2023,up,0.2477669605882604,1/35,FAM107A
One-Carbon Compound Transport (GO:0019755),GO_Biological_Process_2023,up,0.2477669605882604,1/35,SLC14A1
Intrinsic Apoptotic Signaling Pathway By P53 Class Mediator (GO:0072332),GO_Biological_Process_2023,up,0.2477669605882604,1/35,IFI16
Negative Regulation Of Cell Cycle G1/S Phase Transition (GO:1902807),GO_Biological_Process_2023,up,0.2477669605882604,1/35,FAM107A
Neutral Amino Acid Transport (GO:0015804),GO_Biological_Process_2023,up,0.2477669605882604,1/35,SLC7A7
Regulation Of mRNA Processing (GO:0050684),GO_Biological_Process_2023,up,0.2477669605882604,1/35,ZFP36L1
Endoderm Formation (GO:0001706),GO_Biological_Process_2023,up,0.2477669605882604,1/35,ITGB2
Salmonella infection,KEGG_2021_Human,down,0.250157375192293,1/249,MAP2K6
Viral carcinogenesis,KEGG_2021_Human,up,0.2512937099520375,3/203,C3;SYK;HLA-E
Regulation Of Protein Kinase B Signaling (GO:0051896),GO_Biological_Process_2023,up,0.2520195150211353,2/136,TGFB1;HCLS1
Cellular Senescence R-HSA-2559583,Reactome_2022,down,0.252374537451885,1/165,MAP2K6
Toll-like Receptor Cascades R-HSA-168898,Reactome_2022,down,0.252374537451885,1/162,MAP2K6
Signaling By GPCR R-HSA-372790,Reactome_2022,down,0.252374537451885,2/689,ADORA1;DGKI
Regulation Of TP53 Activity R-HSA-5633007,Reactome_2022,down,0.252374537451885,1/157,MAP2K6
Interleukin-1 Family Signaling R-HSA-446652,Reactome_2022,down,0.252374537451885,1/152,MAP2K6
Positive Regulation Of Interferon-Beta Production (GO:0032728),GO_Biological_Process_2023,up,0.2526893107439476,1/36,TLR2
Positive Regulation Of Myeloid Cell Differentiation (GO:0045639),GO_Biological_Process_2023,up,0.2526893107439476,1/36,NCKAP1L
Positive Regulation Of Phospholipase C Activity (GO:0010863),GO_Biological_Process_2023,up,0.2526893107439476,1/36,CD86
Negative Regulation Of Organelle Assembly (GO:1902116),GO_Biological_Process_2023,up,0.2526893107439476,1/36,NUPR1
Regulation Of Peptidyl-Threonine Phosphorylation (GO:0010799),GO_Biological_Process_2023,up,0.2526893107439476,1/36,TGFB1
Positive Regulation Of DNA-templated Transcription (GO:0045893),GO_Biological_Process_2023,up,0.2535009424215447,10/1243,CD86;CEBPA;CD74;TGFB1;IFI16;RFX4;GLIS3;HCLS1;IRF8;TLR2
Post-translational Protein Modification R-HSA-597592,Reactome_2022,down,0.2535318622842539,3/1383,GALNT14;STS;B3GNTL1
Syndecan Interactions R-HSA-3000170,Reactome_2022,up,0.2550440312374633,1/20,TGFB1
Phosphorylation Of CD3 And TCR Zeta Chains R-HSA-202427,Reactome_2022,up,0.2550440312374633,1/20,HLA-DRA
Lagging Strand Synthesis R-HSA-69186,Reactome_2022,up,0.2550440312374633,1/20,LRIG1
Defective B3GALT6 Causes EDSP2 And SEMDJL1 R-HSA-4420332,Reactome_2022,up,0.2550440312374633,1/20,GPC4
Defective B3GAT3 Causes JDSSDHD R-HSA-3560801,Reactome_2022,up,0.2550440312374633,1/20,GPC4
Activated TAK1 Mediates P38 MAPK Activation R-HSA-450302,Reactome_2022,up,0.2550440312374633,1/19,TAB2
Biosynthesis Of Specialized Proresolving Mediators (SPMs) R-HSA-9018678,Reactome_2022,up,0.2550440312374633,1/19,ALOX5AP
Processive Synthesis On C-strand Of Telomere R-HSA-174414,Reactome_2022,up,0.2550440312374633,1/19,LRIG1
SARS-CoV-2-host Interactions R-HSA-9705683,Reactome_2022,up,0.2550440312374633,3/196,TAB2;HLA-E;TLR2
Potential Therapeutics For SARS R-HSA-9679191,Reactome_2022,up,0.2550440312374633,2/97,SYK;IL6R
"Defective B4GALT7 Causes EDS, Progeroid Type R-HSA-3560783",Reactome_2022,up,0.2550440312374633,1/20,GPC4
Regulation Of Defense Response To Virus By Host (GO:0050691),GO_Biological_Process_2023,up,0.2553595911114111,1/37,TRIM22
Negative Regulation Of Endothelial Cell Migration (GO:0010596),GO_Biological_Process_2023,up,0.2553595911114111,1/37,TGFB1
Regulation Of Cellular Component Biogenesis (GO:0044087),GO_Biological_Process_2023,up,0.2553595911114111,1/37,MSN
Melanosome Organization (GO:0032438),GO_Biological_Process_2023,up,0.2553595911114111,1/37,RAB29
Positive Regulation Of Signaling (GO:0023056),GO_Biological_Process_2023,up,0.2553595911114111,1/37,RAB29
Positive Regulation Of Receptor Signaling Pathway Via STAT (GO:1904894),GO_Biological_Process_2023,up,0.2553595911114111,1/37,TGFB1
Type I Interferon-Mediated Signaling Pathway (GO:0060337),GO_Biological_Process_2023,up,0.2553595911114111,1/37,IFITM2
Regulation Of p38MAPK Cascade (GO:1900744),GO_Biological_Process_2023,up,0.2553595911114111,1/37,TREM2
Regulation Of Sodium Ion Transmembrane Transporter Activity (GO:2000649),GO_Biological_Process_2023,up,0.2553595911114111,1/37,FXYD5
Regulation Of Phosphoprotein Phosphatase Activity (GO:0043666),GO_Biological_Process_2023,up,0.2553595911114111,1/37,CD300A
Regulation Of Ossification (GO:0030278),GO_Biological_Process_2023,up,0.2553595911114111,1/37,BMP2K
Aortic Valve Morphogenesis (GO:0003180),GO_Biological_Process_2023,up,0.2553595911114111,1/37,TGFB1
Positive Regulation Of Exocytosis (GO:0045921),GO_Biological_Process_2023,up,0.2553595911114111,1/37,SYTL4
Negative Regulation Of Stress-Activated MAPK Cascade (GO:0032873),GO_Biological_Process_2023,up,0.2553595911114111,1/37,TREM2
Histidine metabolism,KEGG_2021_Human,up,0.25745214706141,1/22,MAOB
Negative Regulation Of MET Activity R-HSA-6807004,Reactome_2022,up,0.2574965297927905,1/21,LRIG1
CTLA4 Inhibitory Signaling R-HSA-389513,Reactome_2022,up,0.2574965297927905,1/21,CD86
HS-GAG Degradation R-HSA-2024096,Reactome_2022,up,0.2574965297927905,1/21,GPC4
Synthesis Of Leukotrienes (LT) And Eoxins (EX) R-HSA-2142691,Reactome_2022,up,0.2574965297927905,1/21,ALOX5AP
PD-1 Signaling R-HSA-389948,Reactome_2022,up,0.2574965297927905,1/21,HLA-DRA
PCNA-Dependent Long Patch Base Excision Repair R-HSA-5651801,Reactome_2022,up,0.2574965297927905,1/21,LRIG1
RHO GTPase Cycle R-HSA-9012999,Reactome_2022,up,0.258060704289135,5/441,FMNL3;STOM;NCKAP1L;OSBPL11;DOCK2
TRAF6 Mediated Induction Of NFkB And MAP Kinases Upon TLR7/8 Or 9 Activation R-HSA-975138,Reactome_2022,up,0.2592502548498727,2/101,LY96;TAB2
Positive Regulation Of Bone Mineralization (GO:0030501),GO_Biological_Process_2023,up,0.2593509409236927,1/38,TMEM119
Negative Regulation Of Epithelial Cell Apoptotic Process (GO:1904036),GO_Biological_Process_2023,up,0.2593509409236927,1/38,NUPR1
Regulation Of Intracellular Transport (GO:0032386),GO_Biological_Process_2023,up,0.2593509409236927,1/38,LCP1
Connective Tissue Development (GO:0061448),GO_Biological_Process_2023,up,0.2593509409236927,1/38,CD44
Response To cAMP (GO:0051591),GO_Biological_Process_2023,up,0.2593509409236927,1/38,ZFP36L1
Lymphocyte Proliferation (GO:0046651),GO_Biological_Process_2023,up,0.2593509409236927,1/38,MSN
Import Into Cell (GO:0098657),GO_Biological_Process_2023,up,0.2593509409236927,1/38,TREM2
Cellular Response To Type I Interferon (GO:0071357),GO_Biological_Process_2023,up,0.2593509409236927,1/38,IFITM2
Heart Looping (GO:0001947),GO_Biological_Process_2023,up,0.2593509409236927,1/38,APLNR
MyD88 Dependent Cascade Initiated On Endosome R-HSA-975155,Reactome_2022,up,0.2608758366902294,2/102,LY96;TAB2
Transport Of Small Molecules R-HSA-382551,Reactome_2022,up,0.2608758366902294,7/706,ABCA1;SLC14A1;SLC7A7;SLCO2B1;APOC1;STOM;SLC7A2
Metabolism Of Lipids R-HSA-556833,Reactome_2022,down,0.2614315167328604,2/732,BCHE;STS
Toll Like Receptor 7/8 (TLR7/8) Cascade R-HSA-168181,Reactome_2022,up,0.263060960720536,2/103,LY96;TAB2
Phase I - Functionalization Of Compounds R-HSA-211945,Reactome_2022,up,0.2631855795553758,2/104,MAOB;SMOX
Transport Of Inorganic Cations/Anions And Amino Acids/Oligopeptides R-HSA-425393,Reactome_2022,up,0.2631855795553758,2/104,SLC7A7;SLC7A2
BBSome-mediated Cargo-Targeting To Cilium R-HSA-5620922,Reactome_2022,up,0.2631855795553758,1/23,SMOX
RAF-independent MAPK1/3 Activation R-HSA-112409,Reactome_2022,up,0.2631855795553758,1/23,IL6R
IKK Complex Recruitment Mediated By RIP1 R-HSA-937041,Reactome_2022,up,0.2631855795553758,1/23,LY96
CD28 Dependent PI3K/Akt Signaling R-HSA-389357,Reactome_2022,up,0.2631855795553758,1/23,CD86
RNA Transport (GO:0050658),GO_Biological_Process_2023,up,0.263482700889387,1/39,ZFP36L1
Positive Regulation Of Intracellular Transport (GO:0032388),GO_Biological_Process_2023,up,0.263482700889387,1/39,RAB29
Negative Regulation Of Protein Secretion (GO:0050709),GO_Biological_Process_2023,up,0.263482700889387,1/39,RHBDF2
Positive Regulation Of Intrinsic Apoptotic Signaling Pathway (GO:2001244),GO_Biological_Process_2023,up,0.263482700889387,1/39,NUPR1
Regulation Of Nitric Oxide Biosynthetic Process (GO:0045428),GO_Biological_Process_2023,up,0.263482700889387,1/39,CLEC7A
Carboxylic Acid Transmembrane Transport (GO:1905039),GO_Biological_Process_2023,up,0.263482700889387,1/39,SLC7A7
Positive Regulation Of Pattern Recognition Receptor Signaling Pathway (GO:0062208),GO_Biological_Process_2023,up,0.263482700889387,1/39,TLR2
Vesicle Cytoskeletal Trafficking (GO:0099518),GO_Biological_Process_2023,up,0.263482700889387,1/39,MYO1F
Toll Like Receptor 9 (TLR9) Cascade R-HSA-168138,Reactome_2022,up,0.2649240668960777,2/106,LY96;TAB2
Negative Regulation Of Cellular Process (GO:0048523),GO_Biological_Process_2023,up,0.2655579171556466,5/537,CEBPA;TGFB1;ADORA3;TREM2;NUPR1
Regulation Of Glycolytic Process (GO:0006110),GO_Biological_Process_2023,up,0.2667905000228613,1/40,NUPR1
Negative Regulation Of Secretion By Cell (GO:1903531),GO_Biological_Process_2023,up,0.2667905000228613,1/40,RHBDF2
Regulation Of Microtubule Cytoskeleton Organization (GO:0070507),GO_Biological_Process_2023,up,0.2667905000228613,1/40,FAM107A
Aortic Valve Development (GO:0003176),GO_Biological_Process_2023,up,0.2667905000228613,1/40,TGFB1
Regulation Of Protein Dephosphorylation (GO:0035304),GO_Biological_Process_2023,up,0.2667905000228613,1/40,TGFB1
Establishment Or Maintenance Of Epithelial Cell Apical/Basal Polarity (GO:0045197),GO_Biological_Process_2023,up,0.2667905000228613,1/40,MSN
Positive Regulation Of Wound Healing (GO:0090303),GO_Biological_Process_2023,up,0.2667905000228613,1/40,CLEC7A
Protein Localization To Cilium (GO:0061512),GO_Biological_Process_2023,up,0.2667905000228613,1/40,RAB29
Regulation Of Autophagosome Assembly (GO:2000785),GO_Biological_Process_2023,up,0.2667905000228613,1/40,NUPR1
Positive Regulation Of Protein Kinase Activity (GO:0045860),GO_Biological_Process_2023,up,0.2667905000228613,2/145,TAB2;IL6R
MyD88-independent TLR4 Cascade R-HSA-166166,Reactome_2022,up,0.2674993090832967,2/107,LY96;TAB2
Positive Regulation Of Cellular Catabolic Process (GO:0031331),GO_Biological_Process_2023,up,0.2676383877321259,2/146,LAPTM5;TRIM22
Negative Regulation Of Response To External Stimulus (GO:0032102),GO_Biological_Process_2023,up,0.2676383877321259,2/146,IFI16;CD109
Positive Regulation Of Cell Differentiation (GO:0045597),GO_Biological_Process_2023,down,0.2682749576476755,1/283,PTN
Interleukin-6 Family Signaling R-HSA-6783589,Reactome_2022,up,0.2693344284442702,1/24,IL6R
Negative Regulation Of Protein Metabolic Process (GO:0051248),GO_Biological_Process_2023,up,0.2701158698495518,2/147,CD84;TREM2
Visual System Development (GO:0150063),GO_Biological_Process_2023,up,0.2702416993162474,1/41,C3
Lymphocyte Migration (GO:0072676),GO_Biological_Process_2023,up,0.2702416993162474,1/41,MSN
Protein Localization To Lysosome (GO:0061462),GO_Biological_Process_2023,up,0.2702416993162474,1/41,LAPTM5
Response To Amino Acid Starvation (GO:1990928),GO_Biological_Process_2023,up,0.2702416993162474,1/41,FAS
Regulation Of Microtubule-Based Process (GO:0032886),GO_Biological_Process_2023,up,0.2702416993162474,1/41,FAM107A
Positive Regulation Of Ossification (GO:0045778),GO_Biological_Process_2023,up,0.2702416993162474,1/41,TMEM119
Positive Regulation Of Actin Filament Polymerization (GO:0030838),GO_Biological_Process_2023,up,0.2702416993162474,1/41,NCKAP1L
Human papillomavirus infection,KEGG_2021_Human,up,0.2708794691807007,4/331,VWF;TNC;FAS;HLA-E
Substantia Nigra Development (GO:0021762),GO_Biological_Process_2023,up,0.2723827044558174,1/42,MAOB
Monocyte Chemotaxis (GO:0002548),GO_Biological_Process_2023,up,0.2723827044558174,1/42,IL6R
Negative Regulation Of I-kappaB kinase/NF-kappaB Signaling (GO:0043124),GO_Biological_Process_2023,up,0.2723827044558174,1/42,TREM2
Plasma Membrane Bounded Cell Projection Assembly (GO:0120031),GO_Biological_Process_2023,up,0.2723827044558174,3/275,FMNL3;FXYD5;EMP3
Amino Acid Transmembrane Transport (GO:0003333),GO_Biological_Process_2023,up,0.2723827044558174,1/42,SLC7A7
Cellular Response To Amino Acid Starvation (GO:0034198),GO_Biological_Process_2023,up,0.2723827044558174,1/42,FAS
Stress-Activated MAPK Cascade (GO:0051403),GO_Biological_Process_2023,up,0.2723827044558174,1/42,ZFP36L1
Regulation Of Ubiquitin-Dependent Protein Catabolic Process (GO:2000058),GO_Biological_Process_2023,up,0.2723827044558174,1/42,LAPTM5
Cellular Response To Glucose Starvation (GO:0042149),GO_Biological_Process_2023,up,0.2723827044558174,1/42,IFI16
Determination Of Heart Left/Right Asymmetry (GO:0061371),GO_Biological_Process_2023,up,0.2723827044558174,1/42,APLNR
Lysosome Localization (GO:0032418),GO_Biological_Process_2023,up,0.2723827044558174,1/42,SYTL4
Modulation By Host Of Symbiont Process (GO:0051851),GO_Biological_Process_2023,up,0.2723827044558174,1/42,RAB29
Embryonic Heart Tube Morphogenesis (GO:0003143),GO_Biological_Process_2023,up,0.2723827044558174,1/42,APLNR
Monoatomic Cation Transport (GO:0006812),GO_Biological_Process_2023,up,0.2723827044558174,1/42,PIEZO1
Positive Regulation Of Calcium Ion Transmembrane Transport (GO:1904427),GO_Biological_Process_2023,up,0.2723827044558174,1/42,APLNR
DNA Repair (GO:0006281),GO_Biological_Process_2023,down,0.2726337636211215,1/291,FANCF
Resolution Of AP Sites Via Multiple-Nucleotide Patch Replacement Pathway R-HSA-110373,Reactome_2022,up,0.2737442462780622,1/25,LRIG1
Gap-filling DNA Repair Synthesis And Ligation In GG-NER R-HSA-5696397,Reactome_2022,up,0.2737442462780622,1/25,LRIG1
Basigin Interactions R-HSA-210991,Reactome_2022,up,0.2737442462780622,1/25,SLC7A7
Inactivation Of CSF3 (G-CSF) Signaling R-HSA-9705462,Reactome_2022,up,0.2737442462780622,1/25,SYK
Regulation Of Cell Cycle (GO:0051726),GO_Biological_Process_2023,down,0.2738821969042355,1/298,MAP2K6
Regulation Of Intracellular Signal Transduction (GO:1902531),GO_Biological_Process_2023,down,0.2738821969042355,1/297,MAP2K6
Caspase Activation Via Extrinsic Apoptotic Signaling Pathway R-HSA-5357769,Reactome_2022,up,0.2750154897637799,1/26,LY96
Downregulation Of TGF-beta Receptor Signaling R-HSA-2173788,Reactome_2022,up,0.2750154897637799,1/26,TGFB1
GAG Synthesis Requires Tetrasaccharide Linker Sequence R-HSA-1971475,Reactome_2022,up,0.2750154897637799,1/26,GPC4
TNFR1-induced NFkappaB Signaling Pathway R-HSA-5357956,Reactome_2022,up,0.2750154897637799,1/26,TAB2
Synthesis Of IP3 And IP4 In Cytosol R-HSA-1855204,Reactome_2022,up,0.2750154897637799,1/26,INPP5D
Infection With Mycobacterium Tuberculosis R-HSA-9635486,Reactome_2022,up,0.2750154897637799,1/26,TLR2
Regulation Of Cell-Cell Adhesion (GO:0022407),GO_Biological_Process_2023,up,0.2761285275073977,1/43,TGFB1
mRNA Destabilization (GO:0061157),GO_Biological_Process_2023,up,0.2761285275073977,1/43,ZFP36L1
Learning (GO:0007612),GO_Biological_Process_2023,up,0.2761285275073977,1/43,TLR2
Positive Regulation Of Receptor-Mediated Endocytosis (GO:0048260),GO_Biological_Process_2023,up,0.2761285275073977,1/43,C3
Positive Regulation Of miRNA Transcription (GO:1902895),GO_Biological_Process_2023,up,0.2761285275073977,1/43,TGFB1
Positive Regulation Of Biomineral Tissue Development (GO:0070169),GO_Biological_Process_2023,up,0.2761285275073977,1/43,TMEM119
Response To Amyloid-Beta (GO:1904645),GO_Biological_Process_2023,up,0.2761285275073977,1/43,TREM2
Regulation Of Cellular Component Size (GO:0032535),GO_Biological_Process_2023,up,0.2761285275073977,1/43,MSN
Regulation Of Cellular Component Organization (GO:0051128),GO_Biological_Process_2023,up,0.2786643017871058,2/153,TNC;FAM107A
Neuroactive ligand-receptor interaction,KEGG_2021_Human,up,0.2796806919936462,4/341,C3;ADORA3;C3AR1;APLNR
TNF signaling pathway,KEGG_2021_Human,up,0.2796806919936462,2/112,FAS;TAB2
Regulation of actin cytoskeleton,KEGG_2021_Human,up,0.2796806919936462,3/218,ITGB2;MSN;NCKAP1L
Epithelium Development (GO:0060429),GO_Biological_Process_2023,up,0.2802800169204167,2/154,TGFB1;TNC
Negative Regulation Of Immune System Process (GO:0002683),GO_Biological_Process_2023,up,0.2802800169204167,1/44,TREM2
Cellular Response To Ketone (GO:1901655),GO_Biological_Process_2023,up,0.2802800169204167,1/44,MSN
Lymphocyte Chemotaxis (GO:0048247),GO_Biological_Process_2023,up,0.2802800169204167,1/44,CXCL16
Positive Regulation Of Biosynthetic Process (GO:0009891),GO_Biological_Process_2023,up,0.2802800169204167,1/44,TGFB1
Interleukin Receptor SHC Signaling R-HSA-912526,Reactome_2022,up,0.2818482583065179,1/27,INPP5D
Role Of Nef In HIV-1 Replication And Disease Pathogenesis R-HSA-164952,Reactome_2022,up,0.2818482583065179,1/27,DOCK2
MAPK signaling pathway,KEGG_2021_Human,down,0.2820984669122153,1/294,MAP2K6
PPARA Activates Gene Expression R-HSA-1989781,Reactome_2022,up,0.2826084452911621,2/116,ABCA1;MED13L
Regulation Of Lipid Metabolism By PPARalpha R-HSA-400206,Reactome_2022,up,0.2831031158853613,2/118,ABCA1;MED13L
Recycling Pathway Of L1 R-HSA-437239,Reactome_2022,up,0.2831031158853613,1/28,MSN
"Antigen Presentation: Folding, Assembly, Peptide Loading Of Class I MHC R-HSA-983170",Reactome_2022,up,0.2831031158853613,1/28,HLA-E
Molecules Associated With Elastic Fibres R-HSA-2129379,Reactome_2022,up,0.2831031158853613,1/28,TGFB1
Metabolism Of Porphyrins R-HSA-189445,Reactome_2022,up,0.2831031158853613,1/28,SLCO2B1
I-kappaB kinase/NF-kappaB Signaling (GO:0007249),GO_Biological_Process_2023,up,0.2841077138098397,1/45,TLR2
Negative Regulation Of Response To Biotic Stimulus (GO:0002832),GO_Biological_Process_2023,up,0.2841077138098397,1/45,IFI16
Organic Hydroxy Compound Transport (GO:0015850),GO_Biological_Process_2023,up,0.2841077138098397,1/45,SLCO2B1
Epidermal Growth Factor Receptor Signaling Pathway (GO:0007173),GO_Biological_Process_2023,up,0.2841077138098397,1/45,TGFB1
Positive Regulation Of Innate Immune Response (GO:0045089),GO_Biological_Process_2023,up,0.2841077138098397,1/45,HLA-E
Regulation Of Apoptotic Signaling Pathway (GO:2001233),GO_Biological_Process_2023,up,0.2841077138098397,1/45,FAS
Positive Regulation Of mRNA Catabolic Process (GO:0061014),GO_Biological_Process_2023,up,0.2841077138098397,1/45,ZFP36L1
Supramolecular Fiber Organization (GO:0097435),GO_Biological_Process_2023,down,0.2857804971048238,1/316,KRT31
G Alpha (Q) Signaling Events R-HSA-416476,Reactome_2022,down,0.2861654619714364,1/212,DGKI
Phospholipid Metabolism R-HSA-1483257,Reactome_2022,down,0.2861654619714364,1/208,BCHE
Keratinization R-HSA-6805567,Reactome_2022,down,0.2861654619714364,1/208,KRT31
Human cytomegalovirus infection,KEGG_2021_Human,up,0.2863207305344958,3/225,FAS;IL6R;HLA-E
Regulation Of mRNA Catabolic Process (GO:0061013),GO_Biological_Process_2023,up,0.28810663456453,1/46,ZFP36L1
Negative Regulation Of Cellular Metabolic Process (GO:0031324),GO_Biological_Process_2023,up,0.28810663456453,1/46,NUPR1
Regulation Of Epidermal Growth Factor Receptor Signaling Pathway (GO:0042058),GO_Biological_Process_2023,up,0.28810663456453,1/46,RHBDF2
Homotypic Cell-Cell Adhesion (GO:0034109),GO_Biological_Process_2023,up,0.28810663456453,1/46,CD99
Response To Glucose (GO:0009749),GO_Biological_Process_2023,up,0.28810663456453,1/46,LCP1
Positive Regulation Of Blood Vessel Endothelial Cell Migration (GO:0043536),GO_Biological_Process_2023,up,0.28810663456453,1/46,TGFB1
FCERI Mediated MAPK Activation R-HSA-2871796,Reactome_2022,up,0.2890946620313055,1/29,SYK
FCERI Mediated Ca+2 Mobilization R-HSA-2871809,Reactome_2022,up,0.2890946620313055,1/29,SYK
Positive Regulation Of Epithelial To Mesenchymal Transition (GO:0010718),GO_Biological_Process_2023,up,0.2930438422708176,1/47,TGFB1
Negative Regulation Of Tumor Necrosis Factor Production (GO:0032720),GO_Biological_Process_2023,up,0.2930438422708176,1/47,HAVCR2
HS-GAG Biosynthesis R-HSA-2022928,Reactome_2022,up,0.2952951880949697,1/30,GPC4
Signaling By CSF3 (G-CSF) R-HSA-9674555,Reactome_2022,up,0.2952951880949697,1/30,SYK
Regulation Of Intrinsic Apoptotic Signaling Pathway (GO:2001242),GO_Biological_Process_2023,up,0.2979324320264663,1/48,NUPR1
Cellular Response To Radiation (GO:0071478),GO_Biological_Process_2023,up,0.2979324320264663,1/48,IFI16
Sphingolipid signaling pathway,KEGG_2021_Human,up,0.2988755873599705,2/119,FCER1G;ADORA3
Negative Regulation Of Cell Migration (GO:0030336),GO_Biological_Process_2023,up,0.2992901408146323,2/163,CD74;ADORA3
Negative Regulation Of Cysteine-Type Endopeptidase Activity Involved In Apoptotic Process (GO:0043154),GO_Biological_Process_2023,up,0.3009551613251658,1/49,CD44
Regulation Of Cell Communication (GO:0010646),GO_Biological_Process_2023,up,0.3009551613251658,1/49,LRRC32
Intrinsic Apoptotic Signaling Pathway In Response To DNA Damage (GO:0008630),GO_Biological_Process_2023,up,0.3009551613251658,1/49,IFI16
Positive Regulation Of Pathway-Restricted SMAD Protein Phosphorylation (GO:0010862),GO_Biological_Process_2023,up,0.3009551613251658,1/49,TGFB1
Interferon-Mediated Signaling Pathway (GO:0140888),GO_Biological_Process_2023,up,0.3009551613251658,1/49,IFITM2
Nuclear Export (GO:0051168),GO_Biological_Process_2023,up,0.3009551613251658,1/49,TGFB1
Negative Regulation Of Tumor Necrosis Factor Superfamily Cytokine Production (GO:1903556),GO_Biological_Process_2023,up,0.3009551613251658,1/49,HAVCR2
Positive Regulation Of miRNA Metabolic Process (GO:2000630),GO_Biological_Process_2023,up,0.3009551613251658,1/49,TGFB1
Antigen Activates B Cell Receptor Leading To Second Messenger Generation R-HSA-983695,Reactome_2022,up,0.3013233447172079,1/31,SYK
DNA Strand Elongation R-HSA-69190,Reactome_2022,up,0.3013233447172079,1/31,LRIG1
Blood Circulation (GO:0008015),GO_Biological_Process_2023,up,0.3049389665293356,1/50,C3AR1
Regulation Of Mitochondrion Organization (GO:0010821),GO_Biological_Process_2023,up,0.3049389665293356,1/50,TREM2
Regulation Of Interferon-Beta Production (GO:0032648),GO_Biological_Process_2023,up,0.3049389665293356,1/50,TLR2
Plasma Membrane Bounded Cell Projection Morphogenesis (GO:0120039),GO_Biological_Process_2023,up,0.3049389665293356,1/50,NCKAP1L
Negative Regulation Of Cell Projection Organization (GO:0031345),GO_Biological_Process_2023,up,0.3049389665293356,1/50,RAB29
Generation Of Second Messenger Molecules R-HSA-202433,Reactome_2022,up,0.3071844005586041,1/32,HLA-DRA
Nuclear Signaling By ERBB4 R-HSA-1251985,Reactome_2022,up,0.3071844005586041,1/32,TAB2
SMAD Protein Signal Transduction (GO:0060395),GO_Biological_Process_2023,up,0.3085959786779175,1/51,TGFB1
Regulation Of Release Of Sequestered Calcium Ion Into Cytosol (GO:0051279),GO_Biological_Process_2023,up,0.3085959786779175,1/51,APLNR
Cholesterol Transport (GO:0030301),GO_Biological_Process_2023,up,0.3085959786779175,1/51,APOC1
Negative Regulation Of MAP Kinase Activity (GO:0043407),GO_Biological_Process_2023,up,0.3085959786779175,1/51,CD300A
Positive Regulation Of Protein Localization To Plasma Membrane (GO:1903078),GO_Biological_Process_2023,up,0.3085959786779175,1/51,TREM2
Positive Regulation Of Protein Localization To Cell Periphery (GO:1904377),GO_Biological_Process_2023,up,0.3085959786779175,1/51,TREM2
beta-Alanine metabolism,KEGG_2021_Human,up,0.3093558017787577,1/30,SMOX
Telomere C-strand (Lagging Strand) Synthesis R-HSA-174417,Reactome_2022,up,0.3114005619876328,1/33,LRIG1
NOD1/2 Signaling Pathway R-HSA-168638,Reactome_2022,up,0.3114005619876328,1/33,TAB2
Signaling By High-Kinase Activity BRAF Mutants R-HSA-6802948,Reactome_2022,up,0.3114005619876328,1/33,VWF
Neuroactive ligand-receptor interaction,KEGG_2021_Human,down,0.3124485950993391,1/341,ADORA1
Negative Regulation Of Response To Stimulus (GO:0048585),GO_Biological_Process_2023,up,0.3127144252393153,1/52,INPP5D
Regulation Of Protein Localization To Nucleus (GO:1900180),GO_Biological_Process_2023,up,0.3127144252393153,1/52,TGFB1
Cellular Response To Ionizing Radiation (GO:0071479),GO_Biological_Process_2023,up,0.3127144252393153,1/52,IFI16
Sprouting Angiogenesis (GO:0002040),GO_Biological_Process_2023,up,0.3127144252393153,1/52,TGFB1
Carboxylic Acid Transport (GO:0046942),GO_Biological_Process_2023,up,0.3173106875658226,1/53,SLC7A2
Negative Regulation Of Metabolic Process (GO:0009892),GO_Biological_Process_2023,up,0.3173106875658226,1/53,APOC1
CD28 Co-Stimulation R-HSA-389356,Reactome_2022,up,0.3184252818792071,1/34,CD86
Negative Regulation Of Neuron Projection Development (GO:0010977),GO_Biological_Process_2023,up,0.3202402123110636,1/54,RAB29
Positive Regulation Of Leukocyte Chemotaxis (GO:0002690),GO_Biological_Process_2023,up,0.3202402123110636,1/54,IL6R
Regulation Of Focal Adhesion Assembly (GO:0051893),GO_Biological_Process_2023,up,0.3202402123110636,1/54,FAM107A
Regulation Of Exocytosis (GO:0017157),GO_Biological_Process_2023,up,0.3202402123110636,1/54,SYTL4
ERBB Signaling Pathway (GO:0038127),GO_Biological_Process_2023,up,0.3202402123110636,1/54,TGFB1
Protein K63-linked Ubiquitination (GO:0070534),GO_Biological_Process_2023,up,0.3202402123110636,1/54,TRIM22
Regulation Of Blood Vessel Endothelial Cell Migration (GO:0043535),GO_Biological_Process_2023,up,0.3202402123110636,1/54,TGFB1
Peptidyl-Tyrosine Modification (GO:0018212),GO_Biological_Process_2023,up,0.3202402123110636,1/54,SYK
Transmission Across Chemical Synapses R-HSA-112315,Reactome_2022,down,0.3206054220680308,1/246,BCHE
Amyotrophic lateral sclerosis,KEGG_2021_Human,down,0.3222020439131315,1/364,MAP2K6
Plasma Lipoprotein Clearance R-HSA-8964043,Reactome_2022,up,0.3223085556431932,1/35,APOC1
Beta Defensins R-HSA-1461957,Reactome_2022,up,0.3223085556431932,1/35,TLR2
Gene And Protein Expression By JAK-STAT Signaling After Interleukin-12 Stimulation R-HSA-8950505,Reactome_2022,up,0.3223085556431932,1/35,MSN
"Platelet Activation, Signaling And Aggregation R-HSA-76002",Reactome_2022,down,0.3235925513586141,1/254,DGKI
Purine Ribonucleotide Biosynthetic Process (GO:0009152),GO_Biological_Process_2023,up,0.3249988154098202,1/55,TGFB1
Protein Transport (GO:0015031),GO_Biological_Process_2023,up,0.3259868075812818,3/313,CD74;RAB29;LAPTM5
Negative Regulation Of Nucleic Acid-Templated Transcription (GO:1903507),GO_Biological_Process_2023,up,0.326294262452849,4/456,CEBPA;TGFB1;IFI16;ID3
RHO GTPases Activate WASPs And WAVEs R-HSA-5663213,Reactome_2022,up,0.32905610152889,1/36,NCKAP1L
Peptide Metabolic Process (GO:0006518),GO_Biological_Process_2023,up,0.3291683938905355,1/56,AEBP1
FLT3 Signaling R-HSA-9607240,Reactome_2022,up,0.3326281054326799,1/37,SYK
MAP2K And MAPK Activation R-HSA-5674135,Reactome_2022,up,0.3326281054326799,1/37,VWF
Early SARS-CoV-2 Infection Events R-HSA-9772572,Reactome_2022,up,0.3326281054326799,1/37,GPC4
Membrane Lipid Biosynthetic Process (GO:0046467),GO_Biological_Process_2023,up,0.3335666015999737,1/57,PRKD3
Regulation Of Calcium Ion Transport (GO:0051924),GO_Biological_Process_2023,up,0.3335666015999737,1/57,CD84
Positive Regulation Of Mitochondrion Organization (GO:0010822),GO_Biological_Process_2023,up,0.3362388066057762,1/58,TREM2
Glycosaminoglycan Biosynthetic Process (GO:0006024),GO_Biological_Process_2023,up,0.3362388066057762,1/58,DSE
Positive Regulation Of Type II Interferon Production (GO:0032729),GO_Biological_Process_2023,up,0.3362388066057762,1/58,CLEC7A
mRNA Transport (GO:0051028),GO_Biological_Process_2023,up,0.3362388066057762,1/58,ZFP36L1
Selective Autophagy (GO:0061912),GO_Biological_Process_2023,up,0.3362388066057762,1/58,TGFB1
Response To Organic Cyclic Compound (GO:0014070),GO_Biological_Process_2023,up,0.3362388066057762,1/58,TGFB1
Memory (GO:0007613),GO_Biological_Process_2023,up,0.3362388066057762,1/58,TREM2
Negative Regulation Of Transcription By RNA Polymerase II (GO:0000122),GO_Biological_Process_2023,up,0.3362388066057762,6/763,CEBPA;IFI16;GLIS3;ID3;IRF8;AEBP1
Positive Regulation Of Multicellular Organismal Process (GO:0051240),GO_Biological_Process_2023,down,0.3362472134090647,1/387,PTN
Resolution Of Abasic Sites (AP Sites) R-HSA-73933,Reactome_2022,up,0.3375778756047302,1/38,LRIG1
Signaling By RAF1 Mutants R-HSA-9656223,Reactome_2022,up,0.3375778756047302,1/38,VWF
Negative Regulation Of Protein-Containing Complex Assembly (GO:0031333),GO_Biological_Process_2023,up,0.338847525989784,1/59,TREM2
Chordate Embryonic Development (GO:0043009),GO_Biological_Process_2023,up,0.338847525989784,1/59,TGFB1
Regulation Of Cell Death (GO:0010941),GO_Biological_Process_2023,up,0.338847525989784,1/59,RAB29
Heart Morphogenesis (GO:0003007),GO_Biological_Process_2023,up,0.338847525989784,1/59,TGFBR3
Phospholipid Transport (GO:0015914),GO_Biological_Process_2023,up,0.338847525989784,1/59,APOC1
Regulation Of miRNA Transcription (GO:1902893),GO_Biological_Process_2023,up,0.338847525989784,1/59,TGFB1
Negative Regulation Of Cytokine-Mediated Signaling Pathway (GO:0001960),GO_Biological_Process_2023,up,0.338847525989784,1/59,TREM2
DNA-templated Transcription Initiation (GO:0006352),GO_Biological_Process_2023,up,0.338847525989784,1/59,ZFP36L1
Elastic Fibre Formation R-HSA-1566948,Reactome_2022,up,0.3423930197641763,1/39,TGFB1
NGF-stimulated Transcription R-HSA-9031628,Reactome_2022,up,0.3423930197641763,1/39,ID3
Negative Regulation Of Peptidase Activity (GO:0010466),GO_Biological_Process_2023,up,0.3433626694249388,1/60,SERPINA3
Regulation Of Pathway-Restricted SMAD Protein Phosphorylation (GO:0060393),GO_Biological_Process_2023,up,0.3478425131124454,1/61,TGFB1
Diseases Associated With Glycosaminoglycan Metabolism R-HSA-3560782,Reactome_2022,up,0.3486268424036775,1/40,GPC4
Endocytosis (GO:0006897),GO_Biological_Process_2023,up,0.3499686278433399,2/189,ITGB2;CXCL16
Phosphatidylinositol-Mediated Signaling (GO:0048015),GO_Biological_Process_2023,up,0.3517088362699166,1/62,ZFP36L1
Cell Junction Organization (GO:0034330),GO_Biological_Process_2023,up,0.3517088362699166,1/62,TGFB1
Non-integrin membrane-ECM Interactions R-HSA-3000171,Reactome_2022,up,0.3531906058501406,1/41,TGFB1
Paradoxical Activation Of RAF Signaling By Kinase Inactive BRAF R-HSA-6802955,Reactome_2022,up,0.3531906058501406,1/41,VWF
Signaling By GPCR R-HSA-372790,Reactome_2022,up,0.3547379472194438,6/689,C3;SMOX;ADORA3;C3AR1;APLNR;CXCL16
CDC42 GTPase Cycle R-HSA-9013148,Reactome_2022,up,0.3547379472194438,2/149,FMNL3;STOM
Phosphatidylinositol Metabolic Process (GO:0046488),GO_Biological_Process_2023,up,0.3558201657719656,1/63,INPP5D
Protein Polymerization (GO:0051258),GO_Biological_Process_2023,up,0.3558201657719656,1/63,FAM107A
Protein Localization To Membrane (GO:0072657),GO_Biological_Process_2023,up,0.3559689999507113,2/192,ITGB2;RAB29
Yersinia infection,KEGG_2021_Human,up,0.3563241677353898,2/137,FCGR2A;TAB2
Tyrosine metabolism,KEGG_2021_Human,up,0.3563241677353898,1/36,MAOB
Regulation Of Cell Differentiation (GO:0045595),GO_Biological_Process_2023,up,0.3578577762741013,2/193,TGFB1;ZFP36L1
Regulation Of Signal Transduction (GO:0009966),GO_Biological_Process_2023,up,0.3578577762741013,2/193,INPP5D;TREM2
African trypanosomiasis,KEGG_2021_Human,up,0.3589231031159676,1/37,FAS
Regulation Of Secretion By Cell (GO:1903530),GO_Biological_Process_2023,up,0.3590094412352712,1/64,RHBDF2
Positive Regulation Of Type I Interferon Production (GO:0032481),GO_Biological_Process_2023,up,0.3590094412352712,1/64,TLR2
Negative Regulation Of Gene Expression (GO:0010629),GO_Biological_Process_2023,up,0.3592011821494226,3/336,TGFB1;APLNR;HAVCR2
TGF-beta Receptor Signaling Activates SMADs R-HSA-2173789,Reactome_2022,up,0.3599449991993536,1/44,TGFB1
Defensins R-HSA-1461973,Reactome_2022,up,0.3599449991993536,1/43,TLR2
Retinoid Metabolism And Transport R-HSA-975634,Reactome_2022,up,0.3599449991993536,1/43,GPC4
"Transport Of Vitamins, Nucleosides, And Related Molecules R-HSA-425397",Reactome_2022,up,0.3599449991993536,1/43,SLCO2B1
Aspirin ADME R-HSA-9749641,Reactome_2022,up,0.3599449991993536,1/44,SLCO2B1
Interleukin-12 Signaling R-HSA-9020591,Reactome_2022,up,0.3599449991993536,1/44,MSN
Sphingolipid De Novo Biosynthesis R-HSA-1660661,Reactome_2022,up,0.3599449991993536,1/44,PRKD3
TNF Signaling R-HSA-75893,Reactome_2022,up,0.3599449991993536,1/44,TAB2
Fatty Acid Biosynthetic Process (GO:0006633),GO_Biological_Process_2023,up,0.3624405568140357,1/65,LCP1
Positive Regulation Of Cell Cycle (GO:0045787),GO_Biological_Process_2023,up,0.3624405568140357,1/65,NUPR1
Antimicrobial Humoral Immune Response Mediated By Antimicrobial Peptide (GO:0061844),GO_Biological_Process_2023,up,0.3624405568140357,1/65,RNASE6
TAK1-dependent IKK And NF-kappa-B Activation R-HSA-445989,Reactome_2022,up,0.3624930656870291,1/45,TAB2
Interleukin-10 Signaling R-HSA-6783783,Reactome_2022,up,0.3624930656870291,1/45,CD86
Heme Signaling R-HSA-9707616,Reactome_2022,up,0.3624930656870291,1/45,LY96
Metabolism Of Carbohydrates R-HSA-71387,Reactome_2022,up,0.3625139040409358,3/285,DSE;GPC4;CD44
Phosphorylation (GO:0016310),GO_Biological_Process_2023,down,0.3629219757998285,1/429,DGKI
Pathways in cancer,KEGG_2021_Human,up,0.3632565475274428,5/531,CEBPA;TGFB1;FAS;IL6R;IL13RA1
Protein Ubiquitination (GO:0016567),GO_Biological_Process_2023,down,0.3635110841921898,1/434,FANCF
Diseases Of Signal Transduction By Growth Factor Receptors And Second Messengers R-HSA-5663202,Reactome_2022,up,0.3663432299575006,4/424,CD86;TGFB1;VWF;MSN
Regulation Of Endocytosis (GO:0030100),GO_Biological_Process_2023,up,0.3667149833114488,1/66,SYK
DNA-templated Transcription (GO:0006351),GO_Biological_Process_2023,up,0.3702265554907816,2/199,GLIS3;ZFP36L1
Peptidyl-Tyrosine Phosphorylation (GO:0018108),GO_Biological_Process_2023,up,0.3703541855808889,1/67,SYK
Activation Of Cysteine-Type Endopeptidase Activity Involved In Apoptotic Process (GO:0006919),GO_Biological_Process_2023,up,0.3703541855808889,1/67,LAPTM5
Metabolism Of Fat-Soluble Vitamins R-HSA-6806667,Reactome_2022,up,0.3718350963045608,1/47,GPC4
Extracellular Matrix Organization R-HSA-1474244,Reactome_2022,up,0.3723373770250599,3/291,TGFB1;ITGB2;CD44
DNA Repair R-HSA-73894,Reactome_2022,down,0.3729884680428501,1/310,FANCF
G Alpha (I) Signaling Events R-HSA-418594,Reactome_2022,down,0.3729884680428501,1/312,ADORA1
Cell-Cell Junction Organization (GO:0045216),GO_Biological_Process_2023,up,0.3745554919331025,1/68,TGFB1
"Glycine, serine and threonine metabolism",KEGG_2021_Human,up,0.3746496446657835,1/40,MAOB
Inositol Phosphate Metabolism R-HSA-1483249,Reactome_2022,up,0.3755886633378528,1/48,INPP5D
Regulation Of Monoatomic Ion Transmembrane Transporter Activity (GO:0032412),GO_Biological_Process_2023,up,0.3775011425890013,1/69,FXYD5
Regulation Of Endopeptidase Activity (GO:0052548),GO_Biological_Process_2023,up,0.3775011425890013,1/69,SERPINA3
Phospholipid Metabolic Process (GO:0006644),GO_Biological_Process_2023,up,0.3775011425890013,1/69,LCP1
Cellular Response To Calcium Ion (GO:0071277),GO_Biological_Process_2023,up,0.3775011425890013,1/69,ALOX5AP
Regulation Of Heart Contraction (GO:0008016),GO_Biological_Process_2023,up,0.3775011425890013,1/69,ADORA3
Phospholipase D signaling pathway,KEGG_2021_Human,up,0.3791973637947886,2/148,FCER1G;SYK
Regulation Of Cellular Biosynthetic Process (GO:0031326),GO_Biological_Process_2023,up,0.379786687988952,1/70,C3
Regulation Of Actin Filament-Based Process (GO:0032970),GO_Biological_Process_2023,up,0.379786687988952,1/70,FAM107A
Regulation Of Notch Signaling Pathway (GO:0008593),GO_Biological_Process_2023,up,0.379786687988952,1/70,BMP2K
Regulation Of G Protein-Coupled Receptor Signaling Pathway (GO:0008277),GO_Biological_Process_2023,up,0.379786687988952,1/70,C3
Positive Regulation Of Protein Polymerization (GO:0032273),GO_Biological_Process_2023,up,0.379786687988952,1/70,NCKAP1L
Sulfur Compound Biosynthetic Process (GO:0044272),GO_Biological_Process_2023,up,0.379786687988952,1/70,DSE
Protein Phosphorylation (GO:0006468),GO_Biological_Process_2023,up,0.379786687988952,4/500,TGFBR3;TGFB1;SYK;TLR2
Protein Localization (GO:0008104),GO_Biological_Process_2023,up,0.3801814812461812,3/351,CD74;RAB29;LAPTM5
Signaling By EGFR R-HSA-177929,Reactome_2022,up,0.3807899016777997,1/49,LRIG1
Tryptophan metabolism,KEGG_2021_Human,up,0.3811575728708268,1/42,MAOB
Class A/1 (Rhodopsin-like Receptors) R-HSA-373076,Reactome_2022,down,0.3813240929662145,1/327,ADORA1
Negative Regulation Of Supramolecular Fiber Organization (GO:1902904),GO_Biological_Process_2023,up,0.3829380442087918,1/71,TREM2
Synapse Assembly (GO:0007416),GO_Biological_Process_2023,up,0.3829380442087918,1/71,RAB29
Lipid Biosynthetic Process (GO:0008610),GO_Biological_Process_2023,up,0.3829380442087918,1/71,LCP1
Fat digestion and absorption,KEGG_2021_Human,up,0.3842186817245225,1/43,ABCA1
Cargo Trafficking To Periciliary Membrane R-HSA-5620920,Reactome_2022,up,0.3843474700470732,1/50,SMOX
Extension Of Telomeres R-HSA-180786,Reactome_2022,up,0.3843474700470732,1/50,LRIG1
Second-Messenger-Mediated Signaling (GO:0019932),GO_Biological_Process_2023,up,0.385429240524835,1/72,LAT2
Response To Ionizing Radiation (GO:0010212),GO_Biological_Process_2023,up,0.385429240524835,1/72,IFI16
Negative Regulation Of Cell Adhesion (GO:0007162),GO_Biological_Process_2023,up,0.385429240524835,1/72,TGFB1
Cholesterol Homeostasis (GO:0042632),GO_Biological_Process_2023,up,0.385429240524835,1/72,LCP1
Regulation Of Cellular Localization (GO:0060341),GO_Biological_Process_2023,up,0.385429240524835,1/72,TRIM22
Plasma Membrane Organization (GO:0007009),GO_Biological_Process_2023,up,0.385429240524835,1/72,SYTL4
Developmental Biology R-HSA-1266738,Reactome_2022,down,0.3889844599947918,2/1073,KRT31;MAP2K6
Sterol Homeostasis (GO:0055092),GO_Biological_Process_2023,up,0.3891050151678454,1/73,LCP1
Monocarboxylic Acid Transport (GO:0015718),GO_Biological_Process_2023,up,0.3891050151678454,1/73,SLCO2B1
Synthesis Of PIPs At Plasma Membrane R-HSA-1660499,Reactome_2022,up,0.3893733335110192,1/51,INPP5D
Pathways of neurodegeneration,KEGG_2021_Human,down,0.3906908666261977,1/475,MAP2K6
Regulation Of mRNA Stability (GO:0043488),GO_Biological_Process_2023,up,0.3927441956717855,1/74,ZFP36L1
Import Into Nucleus (GO:0051170),GO_Biological_Process_2023,up,0.3927441956717855,1/74,SYK
Positive Regulation Of Cell Population Proliferation (GO:0008284),GO_Biological_Process_2023,down,0.3927663796780409,1/483,PTN
Transcriptional Regulation By TP53 R-HSA-3700989,Reactome_2022,down,0.3937141180144298,1/354,MAP2K6
ABC transporters,KEGG_2021_Human,up,0.3948550471545306,1/45,ABCA1
Metabolism Of Amino Acids And Derivatives R-HSA-71291,Reactome_2022,down,0.3961744700195361,1/364,AZIN2
Herpes simplex virus 1 infection,KEGG_2021_Human,down,0.3962208342372776,1/498,ZNF223
Negative Regulation Of Phosphorylation (GO:0042326),GO_Biological_Process_2023,up,0.3966614113401512,1/75,TGFB1
Sensory Processing Of Sound By Outer Hair Cells Of Cochlea R-HSA-9662361,Reactome_2022,up,0.3976004653789896,1/53,MSN
"Nucleotide-binding Domain, Leucine Rich Repeat Containing NLR Signaling Pathways R-HSA-168643",Reactome_2022,up,0.3976004653789896,1/53,TAB2
Heparan Sulfate/Heparin (HS-GAG) Metabolism R-HSA-1638091,Reactome_2022,up,0.3976004653789896,1/53,GPC4
Wnt Signaling Pathway (GO:0016055),GO_Biological_Process_2023,up,0.4005478200080562,1/76,GPC4
Interleukin-12 Family Signaling R-HSA-447115,Reactome_2022,up,0.400791281916232,1/54,MSN
Regulation Of RUNX3 Expression And Activity R-HSA-8941858,Reactome_2022,up,0.400791281916232,1/54,TGFB1
Disorders Of Transmembrane Transporters R-HSA-5619115,Reactome_2022,up,0.4023177825203042,2/176,ABCA1;SLC7A7
Signaling By ALK Fusions And Activated Point Mutants R-HSA-9725370,Reactome_2022,up,0.4023177825203042,1/55,MSN
ECM Proteoglycans R-HSA-3000178,Reactome_2022,up,0.4023177825203042,1/55,TGFB1
Sphingolipid Biosynthetic Process (GO:0030148),GO_Biological_Process_2023,up,0.4034453341573696,1/77,PRKD3
Embryonic Organ Development (GO:0048568),GO_Biological_Process_2023,up,0.4034453341573696,1/77,TGFB1
Negative Regulation Of Transforming Growth Factor Beta Receptor Signaling Pathway (GO:0030512),GO_Biological_Process_2023,up,0.4034453341573696,1/77,CD109
Positive Regulation Of Endothelial Cell Proliferation (GO:0001938),GO_Biological_Process_2023,up,0.4034453341573696,1/77,APLNR
Hippo signaling pathway,KEGG_2021_Human,up,0.404950833777106,2/163,TGFB1;ITGB2
JAK-STAT signaling pathway,KEGG_2021_Human,up,0.404950833777106,2/162,IL6R;IL13RA1
Cocaine addiction,KEGG_2021_Human,up,0.404950833777106,1/49,MAOB
MAPK signaling pathway,KEGG_2021_Human,up,0.404950833777106,3/294,TGFB1;FAS;TAB2
RAC1 GTPase Cycle R-HSA-9013149,Reactome_2022,up,0.4053381570245317,2/178,NCKAP1L;DOCK2
Chemokine Receptors Bind Chemokines R-HSA-380108,Reactome_2022,up,0.4053381570245317,1/56,CXCL16
Regulation Of TOR Signaling (GO:0032006),GO_Biological_Process_2023,up,0.4069412859163476,1/78,TREM2
Negative Regulation Of Protein Modification Process (GO:0031400),GO_Biological_Process_2023,up,0.4069412859163476,1/78,TGFB1
Neuronal System R-HSA-112316,Reactome_2022,down,0.4090268482829565,1/386,BCHE
Regulation Of Cyclin-Dependent Protein Serine/Threonine Kinase Activity (GO:0000079),GO_Biological_Process_2023,up,0.409756917037488,1/79,CEBPA
Response To Insulin (GO:0032868),GO_Biological_Process_2023,up,0.409756917037488,1/79,ZFP36L1
Positive Regulation Of Cytoskeleton Organization (GO:0051495),GO_Biological_Process_2023,up,0.409756917037488,1/79,NCKAP1L
Protein Import Into Nucleus (GO:0006606),GO_Biological_Process_2023,up,0.409756917037488,1/79,SYK
Signaling By ERBB4 R-HSA-1236394,Reactome_2022,up,0.4098529897295587,1/57,TAB2
Metabolism R-HSA-1430728,Reactome_2022,down,0.4131635541588103,3/2049,BCHE;STS;AZIN2
Generic Transcription Pathway R-HSA-212436,Reactome_2022,down,0.4131635541588103,2/1190,ZNF223;MAP2K6
Regulation Of Organelle Assembly (GO:1902115),GO_Biological_Process_2023,up,0.4131787385281603,1/80,MSN
Wound Healing (GO:0042060),GO_Biological_Process_2023,up,0.4131787385281603,1/80,SYTL4
Metabolism Of Polyamines R-HSA-351202,Reactome_2022,up,0.4142978650448631,1/58,SMOX
Tight junction,KEGG_2021_Human,up,0.4160361416015915,2/169,MSN;HCLS1
Positive Regulation Of Growth (GO:0045927),GO_Biological_Process_2023,up,0.4165661982435099,1/81,CXCL16
Activation Of Protein Kinase Activity (GO:0032147),GO_Biological_Process_2023,up,0.4165661982435099,1/81,CD86
RHOQ GTPase Cycle R-HSA-9013406,Reactome_2022,up,0.4170757980079541,1/59,STOM
Arachidonic Acid Metabolism R-HSA-2142753,Reactome_2022,up,0.4170757980079541,1/59,ALOX5AP
GPCR Downstream Signaling R-HSA-388396,Reactome_2022,up,0.4200962973648049,5/619,C3;ADORA3;C3AR1;APLNR;CXCL16
Regulation Of Phosphorylation (GO:0042325),GO_Biological_Process_2023,up,0.4202484266306447,1/82,NCKAP1L
Positive Regulation Of Proteasomal Ubiquitin-Dependent Protein Catabolic Process (GO:0032436),GO_Biological_Process_2023,up,0.4229088224314453,1/83,CEBPA
Regulation Of Epithelial To Mesenchymal Transition (GO:0010717),GO_Biological_Process_2023,up,0.4229088224314453,1/83,TGFB1
Phospholipase C-activating G Protein-Coupled Receptor Signaling Pathway (GO:0007200),GO_Biological_Process_2023,up,0.4229088224314453,1/83,C3AR1
Epigenetic Regulation Of Gene Expression (GO:0040029),GO_Biological_Process_2023,up,0.4229088224314453,1/83,IFI16
Glycosaminoglycan biosynthesis,KEGG_2021_Human,up,0.4231089683327261,1/53,DSE
Nuclear Events (Kinase And Transcription Factor Activation) R-HSA-198725,Reactome_2022,up,0.4256044615704299,1/61,ID3
RAB Geranylgeranylation R-HSA-8873719,Reactome_2022,up,0.42655051172082,1/62,RAB29
MAP Kinase Activation R-HSA-450294,Reactome_2022,up,0.42655051172082,1/62,TAB2
Signaling By BRAF And RAF1 Fusions R-HSA-6802952,Reactome_2022,up,0.42655051172082,1/62,VWF
Negative Regulation Of Intracellular Signal Transduction (GO:1902532),GO_Biological_Process_2023,up,0.4284436158377867,2/231,APLNR;TREM2
Calcium-Mediated Signaling (GO:0019722),GO_Biological_Process_2023,up,0.4284436158377867,1/85,LAT2
Positive Regulation Of Canonical Wnt Signaling Pathway (GO:0090263),GO_Biological_Process_2023,up,0.4284436158377867,1/85,TGFB1
Positive Regulation Of Endothelial Cell Migration (GO:0010595),GO_Biological_Process_2023,up,0.4284436158377867,1/85,TGFB1
Establishment Of Protein Localization To Organelle (GO:0072594),GO_Biological_Process_2023,up,0.4284436158377867,1/85,SYK
Nuclear-Transcribed mRNA Catabolic Process (GO:0000956),GO_Biological_Process_2023,up,0.4284436158377867,1/85,ZFP36L1
Negative Regulation Of DNA-templated Transcription (GO:0045892),GO_Biological_Process_2023,up,0.4284436158377867,7/1025,CEBPA;TGFB1;IFI16;GLIS3;ID3;IRF8;AEBP1
Cytosolic Sensors Of Pathogen-Associated DNA R-HSA-1834949,Reactome_2022,up,0.4290315882752325,1/63,IFI16
Signaling By MET R-HSA-6806834,Reactome_2022,up,0.4290315882752325,1/63,LRIG1
Regulation Of Apoptotic Process (GO:0042981),GO_Biological_Process_2023,up,0.4306542408357744,5/705,CD74;FAS;NCKAP1L;NUPR1;CD44
Positive Regulation Of Developmental Process (GO:0051094),GO_Biological_Process_2023,up,0.4306542408357744,2/233,TMEM119;LCP1
Regulation Of Mitotic Cell Cycle Phase Transition (GO:1901990),GO_Biological_Process_2023,up,0.4306542408357744,1/86,ZFP36L1
Negative Regulation Of Binding (GO:0051100),GO_Biological_Process_2023,up,0.4306542408357744,1/86,IFI16
Exocytosis (GO:0006887),GO_Biological_Process_2023,up,0.4306542408357744,1/86,SYTL4
Gap-filling DNA Repair Synthesis And Ligation In TC-NER R-HSA-6782210,Reactome_2022,up,0.4330413371780742,1/64,LRIG1
Glucose Homeostasis (GO:0042593),GO_Biological_Process_2023,up,0.4341633393976409,1/87,CEBPA
GPCR Ligand Binding R-HSA-500792,Reactome_2022,down,0.4405053115025446,1/458,ADORA1
Signaling By Interleukins R-HSA-449147,Reactome_2022,down,0.4405053115025446,1/453,MAP2K6
Cellular Response To Peptide Hormone Stimulus (GO:0071375),GO_Biological_Process_2023,up,0.4407582907779259,1/89,ZFP36L1
Cellular Response To Chemical Stress (GO:0062197),GO_Biological_Process_2023,up,0.4407582907779259,1/89,FAS
Organic Anion Transport (GO:0015711),GO_Biological_Process_2023,up,0.4407582907779259,1/89,SLCO2B1
RNA Polymerase II Transcription R-HSA-73857,Reactome_2022,down,0.445661929415829,2/1312,ZNF223;MAP2K6
Signaling By Rho GTPases R-HSA-194315,Reactome_2022,up,0.4463366922150042,5/644,FMNL3;STOM;NCKAP1L;OSBPL11;DOCK2
Sensory Processing Of Sound By Inner Hair Cells Of Cochlea R-HSA-9662360,Reactome_2022,up,0.4463366922150042,1/67,MSN
NOD-like receptor signaling pathway,KEGG_2021_Human,up,0.4471227894564437,2/181,IFI16;TAB2
Positive Regulation Of MAP Kinase Activity (GO:0043406),GO_Biological_Process_2023,up,0.4472347209303701,1/91,TGFB1
rRNA Metabolic Process (GO:0016072),GO_Biological_Process_2023,up,0.4472347209303701,1/91,ZFP36L1
Regulation Of Actin Cytoskeleton Organization (GO:0032956),GO_Biological_Process_2023,up,0.4472347209303701,1/91,FAM107A
Signaling By Receptor Tyrosine Kinases R-HSA-9006934,Reactome_2022,up,0.4513718301826706,4/496,LRIG1;ID3;NCKAP1L;TAB2
Interleukin-17 Signaling R-HSA-448424,Reactome_2022,up,0.452176558139258,1/69,TAB2
RHOB GTPase Cycle R-HSA-9013026,Reactome_2022,up,0.452176558139258,1/69,STOM
Signaling By Receptor Tyrosine Kinases R-HSA-9006934,Reactome_2022,down,0.4548261799691411,1/496,PTN
Positive Regulation Of Cellular Process (GO:0048522),GO_Biological_Process_2023,down,0.456422387516017,1/594,PTN
"Retrograde Transport, Endosome To Golgi (GO:0042147)",GO_Biological_Process_2023,up,0.4572569204986134,1/94,RAB29
Sphingolipid Metabolic Process (GO:0006665),GO_Biological_Process_2023,up,0.4572569204986134,1/94,PRKD3
Cellular Response To Hormone Stimulus (GO:0032870),GO_Biological_Process_2023,up,0.4572569204986134,1/94,ZFP36L1
Cell Junction Assembly (GO:0034329),GO_Biological_Process_2023,up,0.4598393131569617,1/95,RAB29
Positive Regulation Of Transmembrane Receptor Protein Serine/Threonine Kinase Signaling Pathway (GO:0090100),GO_Biological_Process_2023,up,0.4598393131569617,1/95,TGFB1
T Cell Receptor Signaling Pathway (GO:0050852),GO_Biological_Process_2023,up,0.4598393131569617,1/95,INPP5D
Positive Regulation Of Supramolecular Fiber Organization (GO:1902905),GO_Biological_Process_2023,up,0.4627422551462669,1/96,NCKAP1L
Regulation Of Protein Metabolic Process (GO:0051246),GO_Biological_Process_2023,up,0.4627422551462669,1/96,TGFB1
"Signaling By Rho GTPases, Miro GTPases And RHOBTB3 R-HSA-9716542",Reactome_2022,up,0.4641556263464238,5/660,FMNL3;STOM;NCKAP1L;OSBPL11;DOCK2
Base Excision Repair R-HSA-73884,Reactome_2022,up,0.4646283339079973,1/72,LRIG1
Regulation Of Protein Localization (GO:0032880),GO_Biological_Process_2023,up,0.4659710524310589,1/97,TRIM22
Positive Regulation Of Cold-Induced Thermogenesis (GO:0120162),GO_Biological_Process_2023,up,0.46845885309375,1/98,SYK
Phosphatidylinositol Biosynthetic Process (GO:0006661),GO_Biological_Process_2023,up,0.46845885309375,1/98,INPP5D
Negative Regulation Of Macromolecule Biosynthetic Process (GO:0010558),GO_Biological_Process_2023,up,0.46845885309375,1/98,TGFB1
Cellular Response To Insulin Stimulus (GO:0032869),GO_Biological_Process_2023,up,0.4716319502880905,1/99,ZFP36L1
RHOG GTPase Cycle R-HSA-9013408,Reactome_2022,up,0.473245709558207,1/74,DOCK2
Organelle Organization (GO:0006996),GO_Biological_Process_2023,up,0.4736701655793968,3/418,FMNL3;PALLD;RAB29
Regulation Of Organelle Organization (GO:0033043),GO_Biological_Process_2023,up,0.474418609126523,1/100,MSN
Sensory Processing Of Sound R-HSA-9659379,Reactome_2022,up,0.4766306833745255,1/75,MSN
Chemokine signaling pathway,KEGG_2021_Human,up,0.4787694247376993,2/192,DOCK2;CXCL16
GnRH secretion,KEGG_2021_Human,up,0.4789974365508596,1/64,KCNN3
Regulation Of DNA-templated Transcription (GO:0006355),GO_Biological_Process_2023,up,0.4810884283121799,12/1922,CD86;CEBPA;CD74;TGFB1;IFI16;RFX4;GLIS3;ID3;HCLS1;IRF8;TRIM22;HAVCR2
Oncogenic MAPK Signaling R-HSA-6802957,Reactome_2022,up,0.4813459337813444,1/78,VWF
Biological Oxidations R-HSA-211859,Reactome_2022,up,0.4813459337813444,2/218,MAOB;SMOX
Transcription-Coupled Nucleotide Excision Repair (TC-NER) R-HSA-6781827,Reactome_2022,up,0.4813459337813444,1/77,LRIG1
Constitutive Signaling By Aberrant PI3K In Cancer R-HSA-2219530,Reactome_2022,up,0.4813459337813444,1/78,CD86
ABC Transporter Disorders R-HSA-5619084,Reactome_2022,up,0.4813459337813444,1/77,ABCA1
FCERI Mediated NF-kB Activation R-HSA-2871837,Reactome_2022,up,0.4813459337813444,1/78,TAB2
Positive Regulation Of Vasculature Development (GO:1904018),GO_Biological_Process_2023,up,0.487120112961528,1/104,APLNR
Macroautophagy (GO:0016236),GO_Biological_Process_2023,up,0.487120112961528,1/104,TGFB1
Renal cell carcinoma,KEGG_2021_Human,up,0.4875148685291663,1/69,TGFB1
Amphetamine addiction,KEGG_2021_Human,up,0.4875148685291663,1/69,MAOB
Acute myeloid leukemia,KEGG_2021_Human,up,0.4875148685291663,1/67,CEBPA
Focal adhesion,KEGG_2021_Human,up,0.4875148685291663,2/201,VWF;TNC
Gene Expression (Transcription) R-HSA-74160,Reactome_2022,down,0.4886078813498878,2/1449,ZNF223;MAP2K6
Negative Regulation Of MAPK Cascade (GO:0043409),GO_Biological_Process_2023,up,0.4890312232239592,1/105,CD300A
Intrinsic Apoptotic Signaling Pathway (GO:0097193),GO_Biological_Process_2023,up,0.4890312232239592,1/105,IFI16
Cellular Response To Organonitrogen Compound (GO:0071417),GO_Biological_Process_2023,up,0.4890312232239592,1/105,ZFP36L1
Lysosomal Transport (GO:0007041),GO_Biological_Process_2023,up,0.4890312232239592,1/105,LAPTM5
Response To Calcium Ion (GO:0051592),GO_Biological_Process_2023,up,0.4912816252405883,1/106,ALOX5AP
Positive Regulation Of Cell Growth (GO:0030307),GO_Biological_Process_2023,up,0.4912816252405883,1/106,CXCL16
Regulation Of G1/S Transition Of Mitotic Cell Cycle (GO:2000045),GO_Biological_Process_2023,up,0.4912816252405883,1/106,FAM107A
Negative Regulation Of Signal Transduction (GO:0009968),GO_Biological_Process_2023,up,0.4914284958931333,2/267,INPP5D;TREM2
Monoatomic Ion Transport (GO:0006811),GO_Biological_Process_2023,up,0.4927602171870173,1/107,PIEZO1
Positive Regulation Of Autophagy (GO:0010508),GO_Biological_Process_2023,up,0.4927602171870173,1/107,TRIM22
Nervous System Development (GO:0007399),GO_Biological_Process_2023,up,0.4927602171870173,3/433,TGFB1;RAB29;CAPG
Regulation Of Cellular Response To Stress (GO:0080135),GO_Biological_Process_2023,up,0.4927602171870173,1/107,NUPR1
p53 signaling pathway,KEGG_2021_Human,up,0.4942622864326171,1/73,FAS
Rap1 signaling pathway,KEGG_2021_Human,up,0.4942622864326171,2/210,PRKD3;ITGB2
Inositol phosphate metabolism,KEGG_2021_Human,up,0.4942622864326171,1/73,INPP5D
Hemostasis R-HSA-109582,Reactome_2022,down,0.4948361495005794,1/576,DGKI
Positive Regulation Of Apoptotic Process (GO:0043065),GO_Biological_Process_2023,up,0.4949499123554203,2/270,FAS;NUPR1
Glycerophospholipid Biosynthetic Process (GO:0046474),GO_Biological_Process_2023,up,0.4949499123554203,1/108,INPP5D
Lipid Transport (GO:0006869),GO_Biological_Process_2023,up,0.4949499123554203,1/108,SLCO2B1
Class I MHC Mediated Antigen Processing And Presentation R-HSA-983169,Reactome_2022,up,0.4953996169446803,3/378,LY96;HLA-E;TLR2
PI Metabolism R-HSA-1483255,Reactome_2022,up,0.4953996169446803,1/82,INPP5D
Global Genome Nucleotide Excision Repair (GG-NER) R-HSA-5696399,Reactome_2022,up,0.4953996169446803,1/82,LRIG1
Regulation Of Wnt Signaling Pathway (GO:0030111),GO_Biological_Process_2023,up,0.496738770075576,1/109,TLR2
Negative Regulation Of Developmental Process (GO:0051093),GO_Biological_Process_2023,up,0.496738770075576,1/109,TGFB1
Cellular Response To Salt (GO:1902075),GO_Biological_Process_2023,up,0.496738770075576,1/109,ALOX5AP
Regulation Of Proteasomal Ubiquitin-Dependent Protein Catabolic Process (GO:0032434),GO_Biological_Process_2023,up,0.496738770075576,1/109,CEBPA
Regulation Of JNK Cascade (GO:0046328),GO_Biological_Process_2023,up,0.4996156534625722,1/110,TGFBR3
Chronic myeloid leukemia,KEGG_2021_Human,up,0.4999987158975861,1/76,TGFB1
Pancreatic cancer,KEGG_2021_Human,up,0.4999987158975861,1/76,TGFB1
Bacterial invasion of epithelial cells,KEGG_2021_Human,up,0.5001087413974331,1/77,HCLS1
HIV Infection R-HSA-162906,Reactome_2022,up,0.5010104095214416,2/229,LRIG1;DOCK2
Signal Transduction R-HSA-162582,Reactome_2022,down,0.5012129906717411,3/2465,ADORA1;PTN;DGKI
Negative Regulation Of Transmembrane Receptor Protein Serine/Threonine Kinase Signaling Pathway (GO:0090101),GO_Biological_Process_2023,up,0.5024693105644082,1/111,CD109
Negative Regulation Of Defense Response (GO:0031348),GO_Biological_Process_2023,up,0.5052999026807903,1/112,IFI16
Hedgehog On State R-HSA-5632684,Reactome_2022,up,0.5058976963041091,1/85,SMOX
"Transport Of Bile Salts And Organic Acids, Metal Ions And Amine Compounds R-HSA-425366",Reactome_2022,up,0.5087277462836015,1/86,SLC14A1
Regulation Of Cytoskeleton Organization (GO:0051493),GO_Biological_Process_2023,up,0.5112735108259484,1/114,FAM107A
Endoplasmic Reticulum To Golgi Vesicle-Mediated Transport (GO:0006888),GO_Biological_Process_2023,up,0.5140376398002802,1/115,RAB29
Regulation Of mRNA Stability By Proteins That Bind AU-rich Elements R-HSA-450531,Reactome_2022,up,0.5160118876559749,1/88,ZFP36L1
Central Nervous System Development (GO:0007417),GO_Biological_Process_2023,up,0.5166258121835677,2/283,C3;CAPG
Regulation Of Nucleic Acid-Templated Transcription (GO:1903506),GO_Biological_Process_2023,up,0.5166258121835677,3/452,CEBPA;HCLS1;TRIM22
Sphingolipid Metabolism R-HSA-428157,Reactome_2022,up,0.5187092667609774,1/89,PRKD3
Positive Regulation Of Protein Serine/Threonine Kinase Activity (GO:0071902),GO_Biological_Process_2023,up,0.5187267894333084,1/117,TGFB1
Protein Maturation (GO:0051604),GO_Biological_Process_2023,up,0.5187267894333084,1/117,AEBP1
Regulation Of Small GTPase Mediated Signal Transduction (GO:0051056),GO_Biological_Process_2023,up,0.5214206042768187,1/118,DOCK2
Regulation Of Protein Kinase Activity (GO:0045859),GO_Biological_Process_2023,up,0.523316038656422,1/119,TAB2
Cellular Response To Tumor Necrosis Factor (GO:0071356),GO_Biological_Process_2023,up,0.523316038656422,1/119,ZFP36L1
Positive Regulation Of Angiogenesis (GO:0045766),GO_Biological_Process_2023,up,0.523316038656422,1/119,APLNR
Telomere Maintenance R-HSA-157579,Reactome_2022,up,0.5247655172333978,1/92,LRIG1
Class B/2 (Secretin Family Receptors) R-HSA-373080,Reactome_2022,up,0.5247655172333978,1/92,SMOX
Signaling By TGF-beta Receptor Complex R-HSA-170834,Reactome_2022,up,0.5247655172333978,1/91,TGFB1
Post-translational Modification: Synthesis Of GPI-anchored Proteins R-HSA-163125,Reactome_2022,up,0.5247655172333978,1/92,CD109
RAC3 GTPase Cycle R-HSA-9013423,Reactome_2022,up,0.5255234871475802,1/93,NCKAP1L
VEGFA-VEGFR2 Pathway R-HSA-4420097,Reactome_2022,up,0.5255234871475802,1/93,NCKAP1L
Drug ADME R-HSA-9748784,Reactome_2022,up,0.5269359230989135,1/95,SLCO2B1
UCH Proteinases R-HSA-5689603,Reactome_2022,up,0.5269359230989135,1/95,TGFB1
Transcriptional Regulation By RUNX3 R-HSA-8878159,Reactome_2022,up,0.5269359230989135,1/95,TGFB1
Metabolism Of Lipids R-HSA-556833,Reactome_2022,up,0.5269359230989135,5/732,ABCA1;PRKD3;INPP5D;ALOX5AP;MED13L
MyD88 Cascade Initiated On Plasma Membrane R-HSA-975871,Reactome_2022,up,0.528184889524641,1/96,TAB2
Cellular Responses To Stimuli R-HSA-8953897,Reactome_2022,up,0.528184889524641,5/736,MT2A;MT1G;LY96;MT1H;MT1E
Protein Localization To Nucleus (GO:0034504),GO_Biological_Process_2023,up,0.5304074983334709,1/122,SYK
Potassium Ion Transport (GO:0006813),GO_Biological_Process_2023,up,0.5304074983334709,1/122,KCNN3
Positive Regulation Of Macromolecule Biosynthetic Process (GO:0010557),GO_Biological_Process_2023,up,0.5304074983334709,1/122,TLR2
Fatty Acid Metabolic Process (GO:0006631),GO_Biological_Process_2023,up,0.5304074983334709,1/122,LCP1
Regulation Of Protein Catabolic Process (GO:0042176),GO_Biological_Process_2023,up,0.5304074983334709,1/122,MSN
Hedgehog Off State R-HSA-5610787,Reactome_2022,up,0.5310768997807509,1/98,SMOX
SLC Transporter Disorders R-HSA-5619102,Reactome_2022,up,0.5310768997807509,1/99,SLC7A7
Visual Phototransduction R-HSA-2187338,Reactome_2022,up,0.5310768997807509,1/98,GPC4
Developmental Biology R-HSA-1266738,Reactome_2022,up,0.5310768997807509,7/1073,CEBPA;TYROBP;TGFB1;MSN;TREM2;IL6R;MED13L
L1CAM Interactions R-HSA-373760,Reactome_2022,up,0.5310768997807509,1/99,MSN
Organonitrogen Compound Biosynthetic Process (GO:1901566),GO_Biological_Process_2023,up,0.5329866237153212,1/123,PRKD3
Stimuli-sensing Channels R-HSA-2672351,Reactome_2022,up,0.5333081744528008,1/100,STOM
Insulin secretion,KEGG_2021_Human,up,0.5344254316598045,1/86,KCNN3
Colorectal cancer,KEGG_2021_Human,up,0.5344254316598045,1/86,TGFB1
Enzyme-Linked Receptor Protein Signaling Pathway (GO:0007167),GO_Biological_Process_2023,up,0.535150263703718,1/124,SYK
Neuron Projection Guidance (GO:0097485),GO_Biological_Process_2023,up,0.535150263703718,1/124,PALLD
Signaling By VEGF R-HSA-194138,Reactome_2022,up,0.5359473502418303,1/102,NCKAP1L
Potassium Channels R-HSA-1296071,Reactome_2022,up,0.5359473502418303,1/102,KCNN3
Signaling By Nuclear Receptors R-HSA-9006931,Reactome_2022,up,0.5359473502418303,2/260,ABCA1;APOC1
Negative Regulation Of Cell Growth (GO:0030308),GO_Biological_Process_2023,up,0.5376857139199381,1/125,TGFB1
Toll Like Receptor 3 (TLR3) Cascade R-HSA-168164,Reactome_2022,up,0.5380672148005304,1/103,TAB2
Regulation Of Cell Cycle (GO:0051726),GO_Biological_Process_2023,up,0.5389574207380142,2/298,TGFB1;NUPR1
Regulation Of Cell Population Proliferation (GO:0042127),GO_Biological_Process_2023,down,0.5422497661362374,1/766,PTN
PD-L1 expression and PD-1 checkpoint pathway in cancer,KEGG_2021_Human,up,0.5426001350187295,1/89,TLR2
Hypertrophic cardiomyopathy,KEGG_2021_Human,up,0.5426001350187295,1/90,TGFB1
Regulation Of Anatomical Structure Morphogenesis (GO:0022603),GO_Biological_Process_2023,up,0.5426943216045003,1/127,TGFB1
PI3K/AKT Signaling In Cancer R-HSA-2219528,Reactome_2022,up,0.5439163599679566,1/105,CD86
Post-translational Protein Phosphorylation R-HSA-8957275,Reactome_2022,up,0.5442149151067339,1/106,C3
"PI5P, PP2A And IER3 Regulate PI3K/AKT Signaling R-HSA-6811558",Reactome_2022,up,0.5442149151067339,1/106,CD86
RHO GTPase Effectors R-HSA-195258,Reactome_2022,up,0.5475982126599076,2/269,FMNL3;NCKAP1L
Protein Homooligomerization (GO:0051260),GO_Biological_Process_2023,up,0.5480229029286244,1/129,ALOX5AP
Nucleotide Excision Repair R-HSA-5696398,Reactome_2022,up,0.5481413733346537,1/108,LRIG1
Degradation Of Extracellular Matrix R-HSA-1474228,Reactome_2022,up,0.54834609371989,1/109,CD44
Signaling By B Cell Receptor (BCR) R-HSA-983705,Reactome_2022,up,0.54834609371989,1/109,SYK
Golgi Organization (GO:0007030),GO_Biological_Process_2023,up,0.5504572174759524,1/130,RAB29
Cytokine Signaling In Immune System R-HSA-1280215,Reactome_2022,down,0.5545705032701548,1/702,MAP2K6
Viral protein interaction with cytokine and cytokine receptor,KEGG_2021_Human,up,0.5548073528950896,1/100,IL6R
IL-17 signaling pathway,KEGG_2021_Human,up,0.5548073528950896,1/94,TAB2
Dilated cardiomyopathy,KEGG_2021_Human,up,0.5548073528950896,1/96,TGFB1
Phosphatidylinositol signaling system,KEGG_2021_Human,up,0.5548073528950896,1/97,INPP5D
Aldosterone synthesis and secretion,KEGG_2021_Human,up,0.5548073528950896,1/98,PRKD3
AGE-RAGE signaling pathway in diabetic complications,KEGG_2021_Human,up,0.5548073528950896,1/100,TGFB1
Cellular Responses To Stress R-HSA-2262752,Reactome_2022,down,0.5570689649368699,1/722,MAP2K6
Cellular Responses To Stimuli R-HSA-8953897,Reactome_2022,down,0.5570689649368699,1/736,MAP2K6
MAPK1/MAPK3 Signaling R-HSA-5684996,Reactome_2022,up,0.5584727201167001,2/277,VWF;IL6R
Negative Regulation Of PI3K/AKT Network R-HSA-199418,Reactome_2022,up,0.5591014401120308,1/113,CD86
Signaling By NTRK1 (TRKA) R-HSA-187037,Reactome_2022,up,0.5591336513793047,1/114,ID3
Interleukin-1 Signaling R-HSA-9020702,Reactome_2022,up,0.5591336513793047,1/114,TAB2
Protein digestion and absorption,KEGG_2021_Human,up,0.5618035457483481,1/103,SLC7A7
Potassium Ion Transmembrane Transport (GO:0071805),GO_Biological_Process_2023,up,0.5690186525201174,1/137,KCNN3
Negative Regulation Of Cellular Biosynthetic Process (GO:0031327),GO_Biological_Process_2023,up,0.5690186525201174,1/137,APOC1
Supramolecular Fiber Organization (GO:0097435),GO_Biological_Process_2023,up,0.5691600315053003,2/316,HCLS1;MYO1F
Signaling By TGFB Family Members R-HSA-9006936,Reactome_2022,up,0.569160870138537,1/119,TGFB1
RHO GTPases Activate Formins R-HSA-5663220,Reactome_2022,up,0.569160870138537,1/119,FMNL3
Synthesis Of DNA R-HSA-69239,Reactome_2022,up,0.569160870138537,1/119,LRIG1
Chromosome Maintenance R-HSA-73886,Reactome_2022,up,0.569160870138537,1/118,LRIG1
Cell-Cell Communication R-HSA-1500931,Reactome_2022,up,0.5707336967508118,1/120,TYROBP
Prion disease,KEGG_2021_Human,up,0.5728838999939583,2/273,C1QB;C1QC
HIF-1 signaling pathway,KEGG_2021_Human,up,0.5728838999939583,1/109,IL6R
Drug metabolism,KEGG_2021_Human,up,0.5728838999939583,1/108,MAOB
Regulation Of IGF Transport And Uptake By IGFBPs R-HSA-381426,Reactome_2022,up,0.5787474311409392,1/123,C3
Serotonergic synapse,KEGG_2021_Human,up,0.5793764605873788,1/113,MAOB
Protein Localization To Cell Periphery (GO:1990778),GO_Biological_Process_2023,up,0.5815226930867662,1/142,RAB29
Regulation Of Cell Adhesion (GO:0030155),GO_Biological_Process_2023,up,0.586319977530817,1/144,TNC
Regulation Of Cold-Induced Thermogenesis (GO:0120161),GO_Biological_Process_2023,up,0.5906180342969578,1/146,SYK
Neuron Projection Morphogenesis (GO:0048812),GO_Biological_Process_2023,up,0.5906180342969578,1/146,NCKAP1L
Negative Regulation Of Protein Phosphorylation (GO:0001933),GO_Biological_Process_2023,up,0.5969295099626885,1/149,TGFB1
Axon Guidance (GO:0007411),GO_Biological_Process_2023,up,0.5969295099626885,1/149,PALLD
Skeletal System Development (GO:0001501),GO_Biological_Process_2023,up,0.5969295099626885,1/149,CD44
Host Interactions Of HIV Factors R-HSA-162909,Reactome_2022,up,0.5989993533966399,1/130,DOCK2
Thyroid hormone signaling pathway,KEGG_2021_Human,up,0.6023893585261768,1/121,MED13L
Signaling By NTRKs R-HSA-166520,Reactome_2022,up,0.6033066945568739,1/132,ID3
Cell cycle,KEGG_2021_Human,up,0.6072936804317857,1/124,TGFB1
Signaling By Hedgehog R-HSA-5358351,Reactome_2022,up,0.6104970610391867,1/135,SMOX
FoxO signaling pathway,KEGG_2021_Human,up,0.6111508621836401,1/131,TGFB1
Dopaminergic synapse,KEGG_2021_Human,up,0.6111508621836401,1/132,MAOB
MicroRNAs in cancer,KEGG_2021_Human,up,0.6111508621836401,2/310,TNC;CD44
Relaxin signaling pathway,KEGG_2021_Human,up,0.6111508621836401,1/129,TGFB1
Lysosome,KEGG_2021_Human,up,0.6111508621836401,1/128,LAPTM5
Factors Involved In Megakaryocyte Development And Platelet Production R-HSA-983231,Reactome_2022,up,0.6116334504822598,1/136,DOCK2
MAPK Family Signaling Cascades R-HSA-5683057,Reactome_2022,up,0.616719454836565,2/318,VWF;IL6R
Death Receptor Signaling R-HSA-73887,Reactome_2022,up,0.616719454836565,1/139,TAB2
Apelin signaling pathway,KEGG_2021_Human,up,0.6171355447567543,1/137,APLNR
Apoptosis,KEGG_2021_Human,up,0.6242342226836347,1/142,FAS
Signaling pathways regulating pluripotency of stem cells,KEGG_2021_Human,up,0.6242342226836347,1/143,ID3
Diseases Of Glycosylation R-HSA-3781865,Reactome_2022,up,0.6262380979429871,1/143,GPC4
Mitochondrion Organization (GO:0007005),GO_Biological_Process_2023,up,0.6279121759000895,1/162,RAB29
Nitrogen Compound Transport (GO:0071705),GO_Biological_Process_2023,up,0.629772787227748,1/163,SLC7A2
Gastric cancer,KEGG_2021_Human,up,0.6355720800359965,1/149,TGFB1
HIV Life Cycle R-HSA-162587,Reactome_2022,up,0.6408639323459848,1/149,LRIG1
Axon Guidance R-HSA-422475,Reactome_2022,up,0.6437699329916856,3/519,TYROBP;MSN;TREM2
Interleukin-1 Family Signaling R-HSA-446652,Reactome_2022,up,0.6450885369160657,1/152,TAB2
Positive Regulation Of Nucleic Acid-Templated Transcription (GO:1903508),GO_Biological_Process_2023,up,0.6490250955569926,3/557,CD86;CD74;TGFB1
DNA Replication R-HSA-69306,Reactome_2022,up,0.6510183553513735,1/155,LRIG1
Necroptosis,KEGG_2021_Human,up,0.6511291197861148,1/159,FAS
Hepatitis C,KEGG_2021_Human,up,0.6511291197861148,1/157,FAS
Infectious Disease R-HSA-5663205,Reactome_2022,down,0.6524393010064461,1/961,MAP2K6
Regulation Of Neuron Projection Development (GO:0010975),GO_Biological_Process_2023,up,0.6529608868545733,1/174,RAB29
Positive Regulation Of Cellular Biosynthetic Process (GO:0031328),GO_Biological_Process_2023,up,0.6529608868545733,1/174,CLEC7A
Influenza Infection R-HSA-168255,Reactome_2022,up,0.654242178588655,1/157,TGFB1
Wnt signaling pathway,KEGG_2021_Human,up,0.6573630468542453,1/166,GPC4
Hepatocellular carcinoma,KEGG_2021_Human,up,0.6573630468542453,1/168,TGFB1
cGMP-PKG signaling pathway,KEGG_2021_Human,up,0.6573630468542453,1/167,ADORA3
Regulation Of Transcription By RNA Polymerase II (GO:0006357),GO_Biological_Process_2023,up,0.6609968321310512,11/2028,CEBPA;TGFB1;IFI16;RFX4;GLIS3;ID3;HCLS1;IRF8;AEBP1;HAVCR2;TLR2
S Phase R-HSA-69242,Reactome_2022,up,0.6623710751568203,1/161,LRIG1
Endosomal Transport (GO:0016197),GO_Biological_Process_2023,up,0.6647387229365825,1/180,RAB29
Nervous System Development R-HSA-9675108,Reactome_2022,up,0.6703255244695971,3/545,TYROBP;MSN;TREM2
Innate Immune System R-HSA-168249,Reactome_2022,down,0.672365047867141,1/1035,MAP2K6
Axonogenesis (GO:0007409),GO_Biological_Process_2023,up,0.6805287886551111,1/188,PALLD
Intracellular Monoatomic Cation Homeostasis (GO:0030003),GO_Biological_Process_2023,up,0.6839833307697669,1/190,MT2A
Transcription By RNA Polymerase II (GO:0006366),GO_Biological_Process_2023,up,0.6868901551170865,1/192,GLIS3
Neuron Projection Development (GO:0031175),GO_Biological_Process_2023,up,0.6868901551170865,1/192,NCKAP1L
Fatty Acid Metabolism R-HSA-8978868,Reactome_2022,up,0.6870903953762999,1/173,ALOX5AP
Ion Channel Transport R-HSA-983712,Reactome_2022,up,0.6896667687634331,1/175,STOM
Alcoholism,KEGG_2021_Human,up,0.6913407531207791,1/186,MAOB
Regulation Of Programmed Cell Death (GO:0043067),GO_Biological_Process_2023,up,0.6921477801205396,1/195,FAS
Endomembrane System Organization (GO:0010256),GO_Biological_Process_2023,up,0.6935424642345503,1/196,RAB29
Apoptosis R-HSA-109581,Reactome_2022,up,0.6943981596724363,1/178,LY96
Golgi Vesicle Transport (GO:0048193),GO_Biological_Process_2023,up,0.694924050787756,1/197,RAB29
Organic Substance Transport (GO:0071702),GO_Biological_Process_2023,up,0.7018349290398291,1/201,SLCO2B1
Cilium Assembly R-HSA-5617833,Reactome_2022,up,0.7056522230059457,1/186,SMOX
Metabolism R-HSA-1430728,Reactome_2022,up,0.7056522230059457,11/2049,ABCA1;MAOB;PRKD3;SMOX;SLCO2B1;INPP5D;DSE;ALOX5AP;GPC4;CD44;MED13L
Metabolism Of Vitamins And Cofactors R-HSA-196854,Reactome_2022,up,0.7056522230059457,1/186,GPC4
Regulation Of Angiogenesis (GO:0045765),GO_Biological_Process_2023,up,0.7085638072837828,1/205,APLNR
Regulation Of Canonical Wnt Signaling Pathway (GO:0060828),GO_Biological_Process_2023,up,0.711093717354935,1/207,TGFB1
Negative Regulation Of Cell Differentiation (GO:0045596),GO_Biological_Process_2023,up,0.711093717354935,1/207,TGFB1
Protein Stabilization (GO:0050821),GO_Biological_Process_2023,up,0.712340374598356,1/208,TYROBP
Diabetic cardiomyopathy,KEGG_2021_Human,up,0.7190828747560393,1/203,TGFB1
Phosphorylation (GO:0016310),GO_Biological_Process_2023,up,0.7240678105148897,2/429,TGFB1;SYK
Protein Polyubiquitination (GO:0000209),GO_Biological_Process_2023,up,0.7412057066867233,1/226,TRIM22
Chromatin Remodeling (GO:0006338),GO_Biological_Process_2023,up,0.7438018090663303,1/228,IFI16
Programmed Cell Death R-HSA-5357801,Reactome_2022,up,0.7446885808406118,1/208,LY96
Phospholipid Metabolism R-HSA-1483257,Reactome_2022,up,0.7446885808406118,1/208,INPP5D
Negative Regulation Of Multicellular Organismal Process (GO:0051241),GO_Biological_Process_2023,up,0.7478883658757219,1/231,TREM2
Parkinson disease,KEGG_2021_Human,up,0.7857099833741191,1/249,MAOB
Endocytosis,KEGG_2021_Human,up,0.7857099833741191,1/252,HLA-E
Diseases Of Metabolism R-HSA-5668914,Reactome_2022,up,0.8062533661698386,1/247,GPC4
Monoatomic Cation Transmembrane Transport (GO:0098655),GO_Biological_Process_2023,up,0.8134071667464199,1/281,KCNN3
Inorganic Cation Transmembrane Transport (GO:0098662),GO_Biological_Process_2023,up,0.8156173373303318,1/284,KCNN3
Transmembrane Receptor Protein Tyrosine Kinase Signaling Pathway (GO:0007169),GO_Biological_Process_2023,up,0.8156173373303318,1/284,SYK
PIP3 Activates AKT Signaling R-HSA-1257604,Reactome_2022,up,0.8325926134716438,1/268,CD86
RAF/MAP Kinase Cascade R-HSA-5673001,Reactome_2022,up,0.8340546245556425,1/271,VWF
Organelle Biogenesis And Maintenance R-HSA-1852241,Reactome_2022,up,0.8366666622748636,1/275,SMOX
Deubiquitination R-HSA-5688426,Reactome_2022,up,0.8391492423075451,1/279,TGFB1
Disease R-HSA-1643685,Reactome_2022,down,0.8486381071789282,1/1736,MAP2K6
Proteolysis (GO:0006508),GO_Biological_Process_2023,up,0.8598928566022294,1/330,AEBP1
Intracellular Signaling By Second Messengers R-HSA-9006925,Reactome_2022,up,0.8664150717644137,1/306,CD86
DNA Repair R-HSA-73894,Reactome_2022,up,0.8680010108756442,1/310,LRIG1
Immune System R-HSA-168256,Reactome_2022,down,0.8706185748139333,1/1943,MAP2K6
Alzheimer disease,KEGG_2021_Human,up,0.8941194454288598,1/369,FAS
Sensory Perception R-HSA-9709957,Reactome_2022,up,0.9060790579716658,2/616,MSN;GPC4
Metabolism Of Amino Acids And Derivatives R-HSA-71291,Reactome_2022,up,0.9084900276117186,1/364,SMOX
Vesicle-Mediated Transport (GO:0016192),GO_Biological_Process_2023,up,0.9138387194221348,1/411,SYTL4
Neuronal System R-HSA-112316,Reactome_2022,up,0.9206291147018424,1/386,KCNN3
Protein Modification Process (GO:0036211),GO_Biological_Process_2023,up,0.9237995231413078,2/711,TGFB1;SYK
Protein Ubiquitination (GO:0016567),GO_Biological_Process_2023,up,0.9237995231413078,1/434,TRIM22
Metabolism Of RNA R-HSA-8953854,Reactome_2022,up,0.924833445955658,2/666,CD44;ZFP36L1
Pathways of neurodegeneration,KEGG_2021_Human,up,0.940426160031847,1/475,FAS
"Cell Cycle, Mitotic R-HSA-69278",Reactome_2022,up,0.9736431543470576,1/523,LRIG1
Post-translational Protein Modification R-HSA-597592,Reactome_2022,up,0.9810095002781692,4/1383,C3;TGFB1;CD109;RAB29
Cell Cycle R-HSA-1640170,Reactome_2022,up,0.993095954487176,1/654,LRIG1
Cellular Responses To Stress R-HSA-2262752,Reactome_2022,up,0.9973207887221968,1/722,LY96
Metabolism Of Proteins R-HSA-392499,Reactome_2022,up,0.9984995173905225,4/1890,C3;TGFB1;CD109;RAB29
Generic Transcription Pathway R-HSA-212436,Reactome_2022,up,0.9984995173905225,2/1190,TGFB1;ZNF160
Gene Expression (Transcription) R-HSA-74160,Reactome_2022,up,0.9984995173905225,2/1449,TGFB1;ZNF160
RNA Polymerase II Transcription R-HSA-73857,Reactome_2022,up,0.9984995173905225,2/1312,TGFB1;ZNF160
